  0
SECTION
  2
HEADER
  9
$ACADVER
  1
AC1024
  9
$DWGCODEPAGE
  3
ANSI_1252
  9
$LASTSAVEDBY
  1
A478032
  9
$ACADMAINTVER
 70
     6
  9
$INSBASE
 10
0.0
 20
0.0
 30
0.0
  9
$EXTMIN
 10
-3655.41905348685486
 20
-209.976074780217488
 30
0.0
  9
$EXTMAX
 10
5708.06378764599867
 20
4244.71321396754138
 30
0.0
  9
$LIMMIN
 10
0.0
 20
0.0
  9
$LIMMAX
 10
420.0
 20
297.0
  9
$ORTHOMODE
 70
     1
  9
$REGENMODE
 70
     1
  9
$FILLMODE
 70
     1
  9
$QTEXTMODE
 70
     0
  9
$MIRRTEXT
 70
     0
  9
$LTSCALE
 40
1.0
  9
$ATTMODE
 70
     1
  9
$TEXTSIZE
 40
2.5
  9
$TRACEWID
 40
1.0
  9
$TEXTSTYLE
  7
Standard
  9
$CLAYER
  8
wall
  9
$CELTYPE
  6
ByLayer
  9
$CECOLOR
 62
   256
  9
$CELTSCALE
 40
1.0
  9
$DISPSILH
 70
     0
  9
$DIMSCALE
 40
1.0
  9
$DIMASZ
 40
4.0
  9
$DIMEXO
 40
4.0
  9
$DIMDLI
 40
3.0
  9
$DIMRND
 40
0.0
  9
$DIMDLE
 40
0.0
  9
$DIMEXE
 40
3.0
  9
$DIMTP
 40
0.0
  9
$DIMTM
 40
0.0
  9
$DIMTXT
 40
6.0
  9
$DIMCEN
 40
2.5
  9
$DIMTSZ
 40
0.0
  9
$DIMTOL
 70
     0
  9
$DIMLIM
 70
     0
  9
$DIMTIH
 70
     0
  9
$DIMTOH
 70
     0
  9
$DIMSE1
 70
     0
  9
$DIMSE2
 70
     0
  9
$DIMTAD
 70
     0
  9
$DIMZIN
 70
     8
  9
$DIMBLK
  1
ArchTick
  9
$DIMASO
 70
     1
  9
$DIMSHO
 70
     1
  9
$DIMPOST
  1

  9
$DIMAPOST
  1

  9
$DIMALT
 70
     0
  9
$DIMALTD
 70
     3
  9
$DIMALTF
 40
0.0393700787401599986
  9
$DIMLFAC
 40
1.0
  9
$DIMTOFL
 70
     1
  9
$DIMTVP
 40
0.0
  9
$DIMTIX
 70
     0
  9
$DIMSOXD
 70
     0
  9
$DIMSAH
 70
     0
  9
$DIMBLK1
  1

  9
$DIMBLK2
  1

  9
$DIMSTYLE
  2
ISO-25
  9
$DIMCLRD
 70
     3
  9
$DIMCLRE
 70
   256
  9
$DIMCLRT
 70
     0
  9
$DIMTFAC
 40
1.0
  9
$DIMGAP
 40
1.0
  9
$DIMJUST
 70
     0
  9
$DIMSD1
 70
     0
  9
$DIMSD2
 70
     0
  9
$DIMTOLJ
 70
     0
  9
$DIMTZIN
 70
     8
  9
$DIMALTZ
 70
     0
  9
$DIMALTTZ
 70
     0
  9
$DIMUPT
 70
     0
  9
$DIMDEC
 70
     2
  9
$DIMTDEC
 70
     2
  9
$DIMALTU
 70
     2
  9
$DIMALTTD
 70
     3
  9
$DIMTXSTY
  7
Standard
  9
$DIMAUNIT
 70
     0
  9
$DIMADEC
 70
     0
  9
$DIMALTRND
 40
0.0
  9
$DIMAZIN
 70
     0
  9
$DIMDSEP
 70
    44
  9
$DIMATFIT
 70
     3
  9
$DIMFRAC
 70
     0
  9
$DIMLDRBLK
  1

  9
$DIMLUNIT
 70
     4
  9
$DIMLWD
 70
    -1
  9
$DIMLWE
 70
    -1
  9
$DIMTMOVE
 70
     0
  9
$DIMFXL
 40
1.0
  9
$DIMFXLON
 70
     0
  9
$DIMJOGANG
 40
0.785398163397448279
  9
$DIMTFILLCLR
 70
     0
  9
$DIMARCSYM
 70
     0
  9
$DIMTXTDIRECTION
 70
     0
  9
$LUNITS
 70
     4
  9
$LUPREC
 70
     4
  9
$SKETCHINC
 40
1.0
  9
$FILLETRAD
 40
0.0
  9
$AUNITS
 70
     0
  9
$AUPREC
 70
     0
  9
$MENU
  1
.
  9
$ELEVATION
 40
0.0
  9
$PELEVATION
 40
0.0
  9
$THICKNESS
 40
0.0
  9
$LIMCHECK
 70
     0
  9
$CHAMFERA
 40
0.0
  9
$CHAMFERB
 40
0.0
  9
$CHAMFERC
 40
0.0
  9
$CHAMFERD
 40
0.0
  9
$SKPOLY
 70
     0
  9
$TDCREATE
 40
2455281.59128861129
  9
$TDUCREATE
 40
2455281.21628861083
  9
$TDUPDATE
 40
2455946.66242223373
  9
$TDUUPDATE
 40
2455946.28742223419
  9
$TDINDWG
 40
3.49224295140000018
  9
$TDUSRTIMER
 40
2455946.28734320588
  9
$USRTIMER
 70
     1
  9
$ANGBASE
 50
0.0
  9
$ANGDIR
 70
     0
  9
$PDMODE
 70
     0
  9
$PDSIZE
 40
0.0
  9
$PLINEWID
 40
0.0
  9
$SPLFRAME
 70
     0
  9
$SPLINETYPE
 70
     6
  9
$SPLINESEGS
 70
     8
  9
$HANDSEED
  5
E504
  9
$SURFTAB1
 70
     6
  9
$SURFTAB2
 70
     6
  9
$SURFTYPE
 70
     6
  9
$SURFU
 70
     6
  9
$SURFV
 70
     6
  9
$UCSBASE
  2

  9
$UCSNAME
  2

  9
$UCSORG
 10
0.0
 20
0.0
 30
0.0
  9
$UCSXDIR
 10
1.0
 20
0.0
 30
0.0
  9
$UCSYDIR
 10
0.0
 20
1.0
 30
0.0
  9
$UCSORTHOREF
  2

  9
$UCSORTHOVIEW
 70
     0
  9
$UCSORGTOP
 10
0.0
 20
0.0
 30
0.0
  9
$UCSORGBOTTOM
 10
0.0
 20
0.0
 30
0.0
  9
$UCSORGLEFT
 10
0.0
 20
0.0
 30
0.0
  9
$UCSORGRIGHT
 10
0.0
 20
0.0
 30
0.0
  9
$UCSORGFRONT
 10
0.0
 20
0.0
 30
0.0
  9
$UCSORGBACK
 10
0.0
 20
0.0
 30
0.0
  9
$PUCSBASE
  2

  9
$PUCSNAME
  2

  9
$PUCSORG
 10
0.0
 20
0.0
 30
0.0
  9
$PUCSXDIR
 10
1.0
 20
0.0
 30
0.0
  9
$PUCSYDIR
 10
0.0
 20
1.0
 30
0.0
  9
$PUCSORTHOREF
  2

  9
$PUCSORTHOVIEW
 70
     0
  9
$PUCSORGTOP
 10
0.0
 20
0.0
 30
0.0
  9
$PUCSORGBOTTOM
 10
0.0
 20
0.0
 30
0.0
  9
$PUCSORGLEFT
 10
0.0
 20
0.0
 30
0.0
  9
$PUCSORGRIGHT
 10
0.0
 20
0.0
 30
0.0
  9
$PUCSORGFRONT
 10
0.0
 20
0.0
 30
0.0
  9
$PUCSORGBACK
 10
0.0
 20
0.0
 30
0.0
  9
$USERI1
 70
     0
  9
$USERI2
 70
     0
  9
$USERI3
 70
     0
  9
$USERI4
 70
     0
  9
$USERI5
 70
     0
  9
$USERR1
 40
0.0
  9
$USERR2
 40
0.0
  9
$USERR3
 40
0.0
  9
$USERR4
 40
0.0
  9
$USERR5
 40
0.0
  9
$WORLDVIEW
 70
     1
  9
$SHADEDGE
 70
     3
  9
$SHADEDIF
 70
    70
  9
$TILEMODE
 70
     1
  9
$MAXACTVP
 70
    64
  9
$PINSBASE
 10
0.0
 20
0.0
 30
0.0
  9
$PLIMCHECK
 70
     0
  9
$PEXTMIN
 10
25.6999999999999886
 20
19.5
 30
0.0
  9
$PEXTMAX
 10
231.300000000000011
 20
175.5
 30
0.0
  9
$PLIMMIN
 10
-20.0
 20
-7.5
  9
$PLIMMAX
 10
277.0
 20
202.5
  9
$UNITMODE
 70
     0
  9
$VISRETAIN
 70
     1
  9
$PLINEGEN
 70
     0
  9
$PSLTSCALE
 70
     1
  9
$TREEDEPTH
 70
  3020
  9
$CMLSTYLE
  2
Standard
  9
$CMLJUST
 70
     0
  9
$CMLSCALE
 40
20.0
  9
$PROXYGRAPHICS
 70
     1
  9
$MEASUREMENT
 70
     1
  9
$CELWEIGHT
370
    -1
  9
$ENDCAPS
280
     0
  9
$JOINSTYLE
280
     0
  9
$LWDISPLAY
290
     0
  9
$INSUNITS
 70
     1
  9
$HYPERLINKBASE
  1

  9
$STYLESHEET
  1

  9
$XEDIT
290
     1
  9
$CEPSNTYPE
380
     0
  9
$PSTYLEMODE
290
     1
  9
$FINGERPRINTGUID
  2
{8FA23E7A-8B23-4679-9D9F-56E57A50BD3A}
  9
$VERSIONGUID
  2
{DF70E547-207A-4C7C-80CF-F8490F71FF06}
  9
$EXTNAMES
290
     1
  9
$PSVPSCALE
 40
0.0
  9
$OLESTARTUP
290
     0
  9
$SORTENTS
280
   127
  9
$INDEXCTL
280
     0
  9
$HIDETEXT
280
     1
  9
$XCLIPFRAME
280
     0
  9
$HALOGAP
280
     0
  9
$OBSCOLOR
 70
   257
  9
$OBSLTYPE
280
     0
  9
$INTERSECTIONDISPLAY
280
     0
  9
$INTERSECTIONCOLOR
 70
   257
  9
$DIMASSOC
280
     2
  9
$PROJECTNAME
  1

  9
$CAMERADISPLAY
290
     0
  9
$LENSLENGTH
 40
50.0
  9
$CAMERAHEIGHT
 40
0.0
  9
$STEPSPERSEC
 40
2.0
  9
$STEPSIZE
 40
6.0
  9
$3DDWFPREC
 40
2.0
  9
$PSOLWIDTH
 40
5.0
  9
$PSOLHEIGHT
 40
80.0
  9
$LOFTANG1
 40
1.570796326794897
  9
$LOFTANG2
 40
1.570796326794897
  9
$LOFTMAG1
 40
0.0
  9
$LOFTMAG2
 40
0.0
  9
$LOFTPARAM
 70
     7
  9
$LOFTNORMALS
280
     1
  9
$LATITUDE
 40
37.7950000000000017
  9
$LONGITUDE
 40
-122.394000000000005
  9
$NORTHDIRECTION
 40
0.0
  9
$TIMEZONE
 70
 -8000
  9
$LIGHTGLYPHDISPLAY
280
     1
  9
$TILEMODELIGHTSYNCH
280
     1
  9
$SOLIDHIST
280
     1
  9
$SHOWHIST
280
     1
  9
$DWFFRAME
280
     2
  9
$DGNFRAME
280
     0
  9
$REALWORLDSCALE
290
     1
  9
$INTERFERECOLOR
 62
     1
  9
$CSHADOW
280
     0
  9
$SHADOWPLANELOCATION
 40
0.0
  9
$AUTHOR
  1

  9
$COMMENTS
  1

  9
$KEYWORDS
  1

  9
$REVISIONNUMBER
  1

  9
$SUBJECT
  1

  9
$TITLE
  1

  0
ENDSEC
  0
SECTION
  2
CLASSES
  0
CLASS
  1
ACDBDICTIONARYWDFLT
  2
AcDbDictionaryWithDefault
  3
ObjectDBX Classes
 90
        0
 91
        4
280
     0
281
     0
  0
CLASS
  1
ACDBPLACEHOLDER
  2
AcDbPlaceHolder
  3
ObjectDBX Classes
 90
        0
 91
        1
280
     0
281
     0
  0
CLASS
  1
LAYOUT
  2
AcDbLayout
  3
ObjectDBX Classes
 90
        0
 91
        1
280
     0
281
     0
  0
CLASS
  1
DICTIONARYVAR
  2
AcDbDictionaryVar
  3
ObjectDBX Classes
 90
        0
 91
        4
280
     0
281
     0
  0
CLASS
  1
TABLESTYLE
  2
AcDbTableStyle
  3
ObjectDBX Classes
 90
     4095
 91
        4
280
     0
281
     0
  0
CLASS
  1
MATERIAL
  2
AcDbMaterial
  3
ObjectDBX Classes
 90
     1153
 91
        4
280
     0
281
     0
  0
CLASS
  1
VISUALSTYLE
  2
AcDbVisualStyle
  3
ObjectDBX Classes
 90
     4095
 91
        4
280
     0
281
     0
  0
CLASS
  1
SCALE
  2
AcDbScale
  3
ObjectDBX Classes
 90
     1153
 91
        4
280
     0
281
     0
  0
CLASS
  1
MLEADERSTYLE
  2
AcDbMLeaderStyle
  3
ACDB_MLEADERSTYLE_CLASS
 90
     4095
 91
        4
280
     0
281
     0
  0
CLASS
  1
CELLSTYLEMAP
  2
AcDbCellStyleMap
  3
ObjectDBX Classes
 90
     1152
 91
        4
280
     0
281
     0
  0
CLASS
  1
DIMASSOC
  2
AcDbDimAssoc
  3
"AcDbDimAssoc|Product Desc:     AcDim ARX App For Dimension|Company:          Autodesk, Inc.|WEB Address:      www.autodesk.com"
 90
        0
 91
        4
280
     0
281
     0
  0
CLASS
  1
SORTENTSTABLE
  2
AcDbSortentsTable
  3
ObjectDBX Classes
 90
        0
 91
        4
280
     0
281
     0
  0
CLASS
  1
SOLID_BACKGROUND
  2
AcDbSolidBackground
  3
SCENEOE
 90
     4095
 91
        4
280
     0
281
     0
  0
CLASS
  1
NPOCOLLECTION
  2
AcDbImpNonPersistentObjectsCollection
  3
ObjectDBX Classes
 90
     1153
 91
        1
280
     1
281
     0
  0
CLASS
  1
MLEADER
  2
AcDbMLeader
  3
ACDB_MLEADER_CLASS
 90
     1025
 91
        4
280
     0
281
     1
  0
CLASS
  1
RASTERVARIABLES
  2
AcDbRasterVariables
  3
ISM
 90
        0
 91
        4
280
     0
281
     0
  0
ENDSEC
  0
SECTION
  2
TABLES
  0
TABLE
  2
VPORT
  5
8
330
0
100
AcDbSymbolTable
 70
     1
  0
VPORT
  5
EA
330
8
100
AcDbSymbolTableRecord
100
AcDbViewportTableRecord
  2
*Active
 70
     0
 10
0.0
 20
0.0
 11
1.0
 21
1.0
 12
4885.181
 22
496.5359
 13
0.0
 23
0.0
 14
10.0
 24
10.0
 15
10.0
 25
10.0
 16
0.0
 26
0.0
 36
1.0
 17
0.0
 27
0.0
 37
0.0
 40
768.071862331683747
 41
1.6672
 42
50.0
 43
0.0
 44
0.0
 50
0.0
 51
0.0
 71
     0
 72
  1000
 73
     1
 74
     3
 75
     0
 76
     1
 77
     0
 78
     1
281
     0
 65
     1
110
0.0
120
0.0
130
0.0
111
1.0
121
0.0
131
0.0
112
0.0
122
1.0
132
0.0
 79
     0
146
0.0
348
F5
 60
     2
 61
     5
292
     1
282
     1
141
0.0
142
0.0
 63
   250
421
  3355443
  0
ENDTAB
  0
TABLE
  2
LTYPE
  5
5
330
0
100
AcDbSymbolTable
 70
     5
  0
LTYPE
  5
14
330
5
100
AcDbSymbolTableRecord
100
AcDbLinetypeTableRecord
  2
ByBlock
 70
     0
  3

 72
    65
 73
     0
 40
0.0
  0
LTYPE
  5
15
330
5
100
AcDbSymbolTableRecord
100
AcDbLinetypeTableRecord
  2
ByLayer
 70
     0
  3

 72
    65
 73
     0
 40
0.0
  0
LTYPE
  5
16
330
5
100
AcDbSymbolTableRecord
100
AcDbLinetypeTableRecord
  2
Continuous
 70
     0
  3
Solid line
 72
    65
 73
     0
 40
0.0
  0
LTYPE
  5
E09
330
5
100
AcDbSymbolTableRecord
100
AcDbLinetypeTableRecord
  2
DASHED2
 70
     0
  3
Dashed (.5x) _ _ _ _ _ _ _ _ _ _ _ _ _ _ _ _ _
 72
    65
 73
     2
 40
9.525
 49
6.35
 74
     0
 49
-3.175
 74
     0
  0
LTYPE
  5
CA52
330
5
100
AcDbSymbolTableRecord
100
AcDbLinetypeTableRecord
  2
ZIGZAG
 70
     0
  3
Zig zag /\/\/\/\/\/\/\/\/\/\/\/\/\/\/\/\/\/\/\/\/\/\/\/
 72
    65
 73
     4
 40
20.3225
 49
0.0025
 74
     0
 49
-5.08
 74
     4
 75
   131
340
CA57
 46
5.08
 50
0.0
 44
-5.08
 45
0.0
 49
-10.16
 74
     4
 75
   131
340
CA57
 46
5.08
 50
180.0
 44
5.08
 45
0.0
 49
-5.08
 74
     0
  0
ENDTAB
  0
TABLE
  2
LAYER
  5
2
102
{ACAD_XDICTIONARY
360
EEF
102
}
330
0
100
AcDbSymbolTable
 70
    18
  0
LAYER
  5
10
102
{ACAD_XDICTIONARY
360
13C
102
}
330
2
100
AcDbSymbolTableRecord
100
AcDbLayerTableRecord
  2
0
 70
     0
 62
     7
  6
Continuous
370
    -3
390
F
347
EE
  0
LAYER
  5
1AF
330
2
100
AcDbSymbolTableRecord
100
AcDbLayerTableRecord
  2
Defpoints
 70
     0
 62
     7
  6
Continuous
290
     0
370
    -3
390
F
347
EE
  0
LAYER
  5
EED
330
2
100
AcDbSymbolTableRecord
100
AcDbLayerTableRecord
  2
door
 70
     0
 62
    24
  6
Continuous
370
    -3
390
F
347
EE
1001
AcAecLayerStandard
1000

1000

  0
LAYER
  5
115A
330
2
100
AcDbSymbolTableRecord
100
AcDbLayerTableRecord
  2
wind
 70
     0
 62
    26
  6
Continuous
370
    20
390
F
347
EE
1001
AcAecLayerStandard
1000

1000

  0
LAYER
  5
12A9
330
2
100
AcDbSymbolTableRecord
100
AcDbLayerTableRecord
  2
wall
 70
     0
 62
   170
  6
Continuous
370
    -3
390
F
347
EE
1001
AcAecLayerStandard
1000

1000

  0
LAYER
  5
12AA
330
2
100
AcDbSymbolTableRecord
100
AcDbLayerTableRecord
  2
stone
 70
     0
 62
   142
  6
Continuous
370
    18
390
F
347
EE
1001
AcAecLayerStandard
1000

1000

  0
LAYER
  5
12AE
330
2
100
AcDbSymbolTableRecord
100
AcDbLayerTableRecord
  2
col
 70
     0
 62
   242
  6
Continuous
370
    30
390
F
347
EE
1001
AcAecLayerStandard
1000

1000

  0
LAYER
  5
12F3
330
2
100
AcDbSymbolTableRecord
100
AcDbLayerTableRecord
  2
fur
 70
     0
 62
   161
  6
Continuous
370
    -3
390
F
347
EE
1001
AcAecLayerStandard
1000

1000

  0
LAYER
  5
1640
330
2
100
AcDbSymbolTableRecord
100
AcDbLayerTableRecord
  2
projection
 70
     0
 62
    46
  6
DASHED2
370
    -3
390
F
347
EE
1001
AcAecLayerStandard
1000

1000

  0
LAYER
  5
CA53
330
2
100
AcDbSymbolTableRecord
100
AcDbLayerTableRecord
  2
Dims
 70
     0
 62
     8
  6
Continuous
290
     0
370
    -3
390
F
347
EE
1001
AcAecLayerStandard
1000

1000

  0
LAYER
  5
CA54
330
2
100
AcDbSymbolTableRecord
100
AcDbLayerTableRecord
  2
FIXTURE
 70
     0
 62
    56
  6
Continuous
370
     5
390
F
347
EE
1001
AcAecLayerStandard
1000

1000

  0
LAYER
  5
CA55
330
2
100
AcDbSymbolTableRecord
100
AcDbLayerTableRecord
  2
Bathroom fixtures
 70
     0
 62
   140
  6
Continuous
370
    -3
390
F
347
EE
1001
AcAecLayerStandard
1000

1000

  0
LAYER
  5
CA56
330
2
100
AcDbSymbolTableRecord
100
AcDbLayerTableRecord
  2
TXT
 70
     0
 62
   252
  6
Continuous
370
    20
390
F
347
EE
  0
ENDTAB
  0
TABLE
  2
STYLE
  5
3
330
0
100
AcDbSymbolTable
 70
     3
  0
STYLE
  5
11
330
3
100
AcDbSymbolTableRecord
100
AcDbTextStyleTableRecord
  2
Standard
 70
     0
 40
6.0
 41
1.0
 50
0.0
 71
     0
 42
2.5
  3
ARIAL.TTF
  4

1001
AcadAnnotative
1000
AnnotativeData
1002
{
1070
     1
1070
     1
1002
}
1001
ACAD
1000
Arial
1071
       34
  0
STYLE
  5
10F0
330
3
100
AcDbSymbolTableRecord
100
AcDbTextStyleTableRecord
  2
B
 70
     0
 40
0.0
 41
1.0
 50
0.0
 71
     0
 42
340.5594
  3
romans.shx
  4

  0
STYLE
  5
CA57
330
3
100
AcDbSymbolTableRecord
100
AcDbTextStyleTableRecord
  2

 70
     1
 40
0.0
 41
1.0
 50
0.0
 71
     0
 42
2.5
  3
ltypeshp.shx
  4

  0
ENDTAB
  0
TABLE
  2
VIEW
  5
6
330
0
100
AcDbSymbolTable
 70
     0
  0
ENDTAB
  0
TABLE
  2
UCS
  5
7
330
0
100
AcDbSymbolTable
 70
     0
  0
ENDTAB
  0
TABLE
  2
APPID
  5
9
330
0
100
AcDbSymbolTable
 70
    13
  0
APPID
  5
12
330
9
100
AcDbSymbolTableRecord
100
AcDbRegAppTableRecord
  2
ACAD
 70
     0
  0
APPID
  5
9E
330
9
100
AcDbSymbolTableRecord
100
AcDbRegAppTableRecord
  2
ACAD_PSEXT
 70
     0
  0
APPID
  5
133
330
9
100
AcDbSymbolTableRecord
100
AcDbRegAppTableRecord
  2
AcadAnnoPO
 70
     0
  0
APPID
  5
134
330
9
100
AcDbSymbolTableRecord
100
AcDbRegAppTableRecord
  2
AcadAnnotative
 70
     0
  0
APPID
  5
135
330
9
100
AcDbSymbolTableRecord
100
AcDbRegAppTableRecord
  2
ACAD_DSTYLE_DIMJAG
 70
     0
  0
APPID
  5
136
330
9
100
AcDbSymbolTableRecord
100
AcDbRegAppTableRecord
  2
ACAD_DSTYLE_DIMTALN
 70
     0
  0
APPID
  5
165
330
9
100
AcDbSymbolTableRecord
100
AcDbRegAppTableRecord
  2
ACAD_MLEADERVER
 70
     0
  0
APPID
  5
203
330
9
100
AcDbSymbolTableRecord
100
AcDbRegAppTableRecord
  2
ACAD_EXEMPT_FROM_CAD_STANDARDS
 70
     0
  0
APPID
  5
EEE
330
9
100
AcDbSymbolTableRecord
100
AcDbRegAppTableRecord
  2
AcAecLayerStandard
 70
     0
  0
APPID
  5
10F2
330
9
100
AcDbSymbolTableRecord
100
AcDbRegAppTableRecord
  2
RAK
 70
     0
  0
APPID
  5
BC6E
330
9
100
AcDbSymbolTableRecord
100
AcDbRegAppTableRecord
  2
ACAD_DSTYLE_DIMRADIAL_EXTENSION
 70
     0
  0
APPID
  5
CA59
330
9
100
AcDbSymbolTableRecord
100
AcDbRegAppTableRecord
  2
AcDbDynamicBlockGUID
 70
     0
  0
APPID
  5
CA5A
330
9
100
AcDbSymbolTableRecord
100
AcDbRegAppTableRecord
  2
AcDbBlockRepETag
 70
     0
  0
ENDTAB
  0
TABLE
  2
DIMSTYLE
  5
A
330
0
100
AcDbSymbolTable
 70
     2
100
AcDbDimStyleTable
  0
DIMSTYLE
105
27
102
{ACAD_REACTORS
330
CBF7
330
CCCF
330
CCD2
330
CCE1
330
CCE4
330
CCE7
330
CCEA
330
CCED
330
CCF0
330
CCF3
330
CCF6
330
CCFB
330
CCFC
330
CCFF
330
CD02
330
CD03
330
CD04
330
CD07
330
CD0A
330
CD0D
330
CD10
330
CD26
330
D12F
330
DC6B
330
DD16
330
DCEB
330
DD8C
330
DDD4
330
E0BF
330
E0D9
330
E107
330
CFA2
330
CF9F
330
CEA3
330
CFA7
330
CFAB
330
CFA8
330
CFAF
330
CFAE
330
CFB0
330
E1FD
330
E217
330
E231
330
E25F
330
E279
330
E293
330
E2AD
330
E2C7
330
E388
330
E3D4
102
}
330
A
100
AcDbSymbolTableRecord
100
AcDbDimStyleTableRecord
  2
ISO-25
 70
     0
 40
0.0
 41
4.0
 42
4.0
 43
3.0
 44
3.0
 45
0.0
 46
0.0
 47
0.0
 48
0.0
 49
0.0
 50
0.0
 71
     0
 72
     0
 73
     0
 74
     0
 75
     0
 76
     0
 77
     0
 78
     8
 79
     0
 90
        0
140
6.0
141
2.5
142
0.0
143
0.0394
144
0.0
145
0.0
146
0.0
147
1.0
148
0.0
170
     0
171
     3
172
     1
173
     0
174
     0
175
     0
176
     3
177
   256
178
     0
179
     0
270
     0
271
     2
272
     2
273
     0
274
     3
275
     0
276
     0
277
     4
278
    44
279
     0
280
     0
281
     0
282
     0
283
     0
284
     8
285
     0
286
     0
287
     0
288
     0
289
     0
290
     0
340
11
342
10DC
345
15
346
15
347
15
371
    -1
372
    -1
1001
ACAD_DSTYLE_DIMJAG
1070
   388
1040
1.5
1001
ACAD_DSTYLE_DIMTALN
1070
   392
1070
     0
  0
DIMSTYLE
105
10F1
330
A
100
AcDbSymbolTableRecord
100
AcDbDimStyleTableRecord
  2
STANDARD
 70
     0
 40
8.0
 41
10.0
 42
15.0
 43
5.0
 44
5.0
 45
0.0
 46
3.0
 47
0.0
 48
0.0
 49
0.0
 50
0.0
 71
     0
 72
     0
 73
     0
 74
     0
 75
     0
 76
     0
 77
     0
 78
     0
 79
     0
 90
        0
140
15.0
141
0.0
142
0.0
143
0.0
144
0.0
145
0.0
146
0.0
147
5.0
148
0.0
170
     0
171
     0
172
     0
173
     0
174
     0
175
     0
176
     8
177
     8
178
   256
179
     0
270
     0
271
     0
272
     0
273
     0
274
     0
275
     0
276
     0
277
     0
278
     0
279
     0
280
     0
281
     0
282
     0
283
     0
284
     0
285
     0
286
     0
287
     0
288
     0
289
     0
290
     0
340
10F0
341
10E0
342
10DC
371
     0
372
     0
  0
ENDTAB
  0
TABLE
  2
BLOCK_RECORD
  5
1
330
0
100
AcDbSymbolTable
 70
   379
  0
BLOCK_RECORD
  5
1F
102
{ACAD_XDICTIONARY
360
1CC
102
}
330
1
100
AcDbSymbolTableRecord
100
AcDbBlockTableRecord
  2
*Model_Space
340
22
 70
     0
280
     1
281
     0
  0
BLOCK_RECORD
  5
D2
330
1
100
AcDbSymbolTableRecord
100
AcDbBlockTableRecord
  2
*Paper_Space
340
D3
 70
     0
280
     1
281
     0
  0
BLOCK_RECORD
  5
D6
330
1
100
AcDbSymbolTableRecord
100
AcDbBlockTableRecord
  2
*Paper_Space0
340
D7
 70
     0
280
     1
281
     0
  0
BLOCK_RECORD
  5
10DC
330
1
100
AcDbSymbolTableRecord
100
AcDbBlockTableRecord
  2
_ArchTick
340
0
102
{BLKREFS
331
CD67
331
CD68
331
CD74
331
CD75
331
CD81
331
CD82
331
CD8E
331
CD8F
331
CD9B
331
CD9C
331
CDA8
331
CDA9
331
CDB5
331
CDB6
331
CDC2
331
CDC3
331
CDCF
331
CDD0
331
CDDC
331
CDDD
331
CDE9
331
CDEA
331
CDF3
331
CDF4
331
CE00
331
CE01
331
CE0D
331
CE0E
331
CE17
331
CE18
331
CE21
331
CE22
331
CE2E
331
CE2F
331
CE3B
331
CE3C
331
CE48
331
CE49
331
CE55
331
CE56
331
CE62
331
CE63
331
CE6F
331
CE70
331
DCA7
331
DCA8
331
DD72
331
DD73
331
DDC2
331
DDC3
331
DE09
331
DE0A
331
DE13
331
DE14
331
E0F7
331
E0F8
331
E101
331
E102
331
E139
331
E13A
331
E143
331
E144
331
E14D
331
E14E
331
E157
331
E158
331
E16B
331
E16C
331
E175
331
E176
331
E17F
331
E180
331
E189
331
E18A
331
E1C5
331
E1C6
331
E1CF
331
E1D0
331
E22A
331
E22B
331
E244
331
E245
331
E24F
331
E250
331
E259
331
E25A
331
E272
331
E273
331
E28C
331
E28D
331
E2DA
331
E2DB
331
E2E8
331
E2E9
331
E2F2
331
E2F3
331
E3CE
331
E3CF
331
E3E7
331
E3E8
102
}
 70
     0
280
     1
281
     0
  0
BLOCK_RECORD
  5
10E0
330
1
100
AcDbSymbolTableRecord
100
AcDbBlockTableRecord
  2
_Dot
340
0
 70
     0
280
     1
281
     0
  0
BLOCK_RECORD
  5
10F4
102
{ACAD_XDICTIONARY
360
110F
102
}
330
1
100
AcDbSymbolTableRecord
100
AcDbBlockTableRecord
  2
A$C79804784
340
0
102
{BLKREFS
331
1114
102
}
 70
     0
280
     1
281
     0
  0
BLOCK_RECORD
  5
C901
330
1
100
AcDbSymbolTableRecord
100
AcDbBlockTableRecord
  2
Chair - Rocking
340
0
310
2800000020000000200000000100080000000000000400000000000000000000000000000000000000000000000080000080000000808000800000008000800080800000C0C0C000C0DCC000F0CAA6000020400000206000002080000020A0000020C0000020E00000400000004020000040400000406000004080000040A0
310
000040C0000040E00000600000006020000060400000606000006080000060A0000060C0000060E00000800000008020000080400000806000008080000080A0000080C0000080E00000A0000000A0200000A0400000A0600000A0800000A0A00000A0C00000A0E00000C0000000C0200000C0400000C0600000C0800000C0
310
A00000C0C00000C0E00000E0000000E0200000E0400000E0600000E0800000E0A00000E0C00000E0E00040000000400020004000400040006000400080004000A0004000C0004000E00040200000402020004020400040206000402080004020A0004020C0004020E000404000004040200040404000404060004040800040
310
40A0004040C0004040E00040600000406020004060400040606000406080004060A0004060C0004060E00040800000408020004080400040806000408080004080A0004080C0004080E00040A0000040A0200040A0400040A0600040A0800040A0A00040A0C00040A0E00040C0000040C0200040C0400040C0600040C08000
310
40C0A00040C0C00040C0E00040E0000040E0200040E0400040E0600040E0800040E0A00040E0C00040E0E00080000000800020008000400080006000800080008000A0008000C0008000E00080200000802020008020400080206000802080008020A0008020C0008020E00080400000804020008040400080406000804080
310
008040A0008040C0008040E00080600000806020008060400080606000806080008060A0008060C0008060E00080800000808020008080400080806000808080008080A0008080C0008080E00080A0000080A0200080A0400080A0600080A0800080A0A00080A0C00080A0E00080C0000080C0200080C0400080C0600080C0
310
800080C0A00080C0C00080C0E00080E0000080E0200080E0400080E0600080E0800080E0A00080E0C00080E0E000C0000000C0002000C0004000C0006000C0008000C000A000C000C000C000E000C0200000C0202000C0204000C0206000C0208000C020A000C020C000C020E000C0400000C0402000C0404000C0406000C0
310
408000C040A000C040C000C040E000C0600000C0602000C0604000C0606000C0608000C060A000C060C000C060E000C0800000C0802000C0804000C0806000C0808000C080A000C080C000C080E000C0A00000C0A02000C0A04000C0A06000C0A08000C0A0A000C0A0C000C0A0E000C0C00000C0C02000C0C04000C0C06000
310
C0C08000C0C0A000F0FBFF00A4A0A000808080000000FF0000FF000000FFFF00FF000000FF00FF00FFFF0000FFFFFF00FFFFFFFFFFFFFFFFFFFFFFFFFFFFFFFFFFFFFFFFFFFFFFFFFFFFFFFFFFFFFFFFFFFFFFFFFF000000FFFFFFFFFFFFFFFFFFFFFFFFFFFFFFFF000000FFFFFFFFFFFFFFFFFFFF00FF00FFFFFFFFFFFFFF
310
FFFFFFFFFFFFFFFFFF00FF00FFFFFFFFFFFFFFFFFFFF00FF00FFFFFFFFFFFFFFFFFFFFFFFFFFFFFFFF00FF00FFFFFFFFFFFFFFFFFFFFFF00FF00FFFFFFFFFFFFFFFFFFFFFFFFFFFF00FF00FFFFFFFFFFFFFFFFFFFFFFFF00FF00FFFFFFFFFFFFFFFFFFFFFFFFFFFF00FF00FFFFFFFFFFFFFFFFFFFFFF000000000000000000
310
00000000000000000000000000FFFFFFFFFFFFFFFFFF00FFFFFFFFFFFFFFFFFFFFFFFFFFFFFFFFFFFFFFFFFFFF00FFFFFFFFFFFFFFFF00FFFFFFFFFFFFFFFFFFFFFFFFFFFFFFFFFFFFFFFFFFFF00FFFFFFFFFFFFFFFF0000FFFFFFFFFFFFFFFFFFFFFFFFFFFFFFFFFFFFFFFF00FF00FFFFFFFFFFFF00FFFF00FFFFFFFFFFFF
310
FFFFFFFFFFFFFFFFFFFFFFFF00FFFF00FFFFFFFFFFFF00FFFF00FFFFFFFFFFFFFFFFFFFFFFFFFFFFFFFFFFFF00FFFF00FFFFFFFFFFFFFF00FF00FFFFFFFFFFFFFFFFFFFFFFFFFFFFFFFFFFFF00FFFF00FFFFFFFFFFFFFF00FF00FFFFFFFFFFFFFFFFFFFFFFFFFFFFFFFFFFFF00FF00FFFFFFFFFFFFFFFF00FFFF00FFFFFFFF
310
FFFFFFFFFFFFFFFFFFFFFFFF00FFFF00FFFFFFFFFFFFFFFF00FFFF00FFFFFFFFFFFFFFFFFFFFFFFFFFFFFFFF00FFFF00FFFFFFFFFFFFFFFFFF00FF00FFFFFFFFFFFFFFFFFFFFFFFFFFFFFFFF00FFFF00FFFFFFFFFFFFFFFFFF00FF00FFFFFFFFFFFFFFFFFFFFFFFFFFFFFFFF00FF00FFFFFFFFFFFFFFFFFFFF00FF00FFFFFF
310
FFFFFFFFFFFFFFFFFFFFFFFFFF00FF00FFFFFFFFFFFFFFFFFFFF00FF00FFFFFFFFFFFFFFFFFFFFFFFFFFFFFFFF00FF00FFFFFFFFFFFFFFFFFFFFFF00FF00FFFFFFFFFFFFFFFFFFFFFFFFFFFF00FFFF00FFFFFFFFFFFFFFFFFFFFFF00FF00FFFFFFFFFFFFFFFFFFFFFFFFFFFF00FF00FFFFFFFFFFFFFFFFFFFFFFFF00000000
310
00000000000000000000000000000000FFFFFFFFFFFFFFFFFFFFFFFFFFFF0000FF00FFFF00FFFF00FFFF00FF0000FFFFFFFFFFFFFFFFFFFFFFFFFFFFFFFF00FF0000FFFF00FFFF00FFFF0000FF00FFFFFFFFFFFFFFFFFFFFFFFFFFFFFF000000000000000000000000000000000000FFFFFFFFFFFFFFFFFFFFFFFFFF00FFFF
310
FFFFFFFFFFFFFFFFFFFFFFFFFFFFFFFF00FFFFFFFFFFFFFFFFFFFFFFFF00FFFFFFFFFFFFFFFFFFFFFFFFFFFFFFFFFFFF00FFFFFFFFFFFFFFFFFFFFFF00000000000000000000000000000000000000000000FFFFFFFFFFFFFFFFFFFFFFFFFFFFFFFFFFFFFFFFFFFFFFFFFFFFFFFFFFFFFFFFFFFFFFFFFFFFFFFFFFFFFFFFFF
310
FFFFFFFFFFFFFFFFFFFFFFFFFFFFFFFFFFFFFFFFFFFFFFFFFFFFFFFFFFFFFFFFFFFFFFFFFFFFFFFFFFFFFFFFFFFFFFFFFFFFFFFFFFFFFFFF2800000020000000200000000100080000000000000400000000000000000000000000000000000000000000000080000080000000808000800000008000800080800000C0C0C0
310
00C0DCC000F0CAA6000020400000206000002080000020A0000020C0000020E00000400000004020000040400000406000004080000040A0000040C0000040E00000600000006020000060400000606000006080000060A0000060C0000060E00000800000008020000080400000806000008080000080A0000080C0000080
310
E00000A0000000A0200000A0400000A0600000A0800000A0A00000A0C00000A0E00000C0000000C0200000C0400000C0600000C0800000C0A00000C0C00000C0E00000E0000000E0200000E0400000E0600000E0800000E0A00000E0C00000E0E00040000000400020004000400040006000400080004000A0004000C00040
310
00E00040200000402020004020400040206000402080004020A0004020C0004020E00040400000404020004040400040406000404080004040A0004040C0004040E00040600000406020004060400040606000406080004060A0004060C0004060E00040800000408020004080400040806000408080004080A0004080C000
310
4080E00040A0000040A0200040A0400040A0600040A0800040A0A00040A0C00040A0E00040C0000040C0200040C0400040C0600040C0800040C0A00040C0C00040C0E00040E0000040E0200040E0400040E0600040E0800040E0A00040E0C00040E0E00080000000800020008000400080006000800080008000A0008000C0
310
008000E00080200000802020008020400080206000802080008020A0008020C0008020E00080400000804020008040400080406000804080008040A0008040C0008040E00080600000806020008060400080606000806080008060A0008060C0008060E00080800000808020008080400080806000808080008080A0008080
310
C0008080E00080A0000080A0200080A0400080A0600080A0800080A0A00080A0C00080A0E00080C0000080C0200080C0400080C0600080C0800080C0A00080C0C00080C0E00080E0000080E0200080E0400080E0600080E0800080E0A00080E0C00080E0E000C0000000C0002000C0004000C0006000C0008000C000A000C0
310
00C000C000E000C0200000C0202000C0204000C0206000C0208000C020A000C020C000C020E000C0400000C0402000C0404000C0406000C0408000C040A000C040C000C040E000C0600000C0602000C0604000C0606000C0608000C060A000C060C000C060E000C0800000C0802000C0804000C0806000C0808000C080A000
310
C080C000C080E000C0A00000C0A02000C0A04000C0A06000C0A08000C0A0A000C0A0C000C0A0E000C0C00000C0C02000C0C04000C0C06000C0C08000C0C0A000F0FBFF00A4A0A000808080000000FF0000FF000000FFFF00FF000000FF00FF00FFFF0000FFFFFF00FFFFFFFFFFFFFFFFFFFFFFFFFFFFFFFFFFFFFFFFFFFFFF
310
FFFFFFFFFFFFFFFFFFFFFFFFFFFF000000FFFFFFFFFFFFFFFFFFFFFFFFFFFFFFFF000000FFFFFFFFFFFFFFFFFFFF00FF00FFFFFFFFFFFFFFFFFFFFFFFFFFFFFFFF00FF00FFFFFFFFFFFFFFFFFFFF00FF00FFFFFFFFFFFFFFFFFFFFFFFFFFFFFFFF00FF00FFFFFFFFFFFFFFFFFFFFFF00FF00FFFFFFFFFFFFFFFFFFFFFFFFFF
310
FF00FF00FFFFFFFFFFFFFFFFFFFFFFFF00FF00FFFFFFFFFFFFFFFFFFFFFFFFFFFF00FF00FFFFFFFFFFFFFFFFFFFFFF00000000000000000000000000000000000000000000FFFFFFFFFFFFFFFFFF00FFFFFFFFFFFFFFFFFFFFFFFFFFFFFFFFFFFFFFFFFFFF00FFFFFFFFFFFFFFFF00FFFFFFFFFFFFFFFFFFFFFFFFFFFFFFFF
310
FFFFFFFFFFFF00FFFFFFFFFFFFFFFF0000FFFFFFFFFFFFFFFFFFFFFFFFFFFFFFFFFFFFFFFF00FF00FFFFFFFFFFFF00FFFF00FFFFFFFFFFFFFFFFFFFFFFFFFFFFFFFFFFFF00FFFF00FFFFFFFFFFFF00FFFF00FFFFFFFFFFFFFFFFFFFFFFFFFFFFFFFFFFFF00FFFF00FFFFFFFFFFFFFF00FF00FFFFFFFFFFFFFFFFFFFFFFFFFF
310
FFFFFFFFFF00FFFF00FFFFFFFFFFFFFF00FF00FFFFFFFFFFFFFFFFFFFFFFFFFFFFFFFFFFFF00FF00FFFFFFFFFFFFFFFF00FFFF00FFFFFFFFFFFFFFFFFFFFFFFFFFFFFFFF00FFFF00FFFFFFFFFFFFFFFF00FFFF00FFFFFFFFFFFFFFFFFFFFFFFFFFFFFFFF00FFFF00FFFFFFFFFFFFFFFFFF00FF00FFFFFFFFFFFFFFFFFFFFFF
310
FFFFFFFFFF00FFFF00FFFFFFFFFFFFFFFFFF00FF00FFFFFFFFFFFFFFFFFFFFFFFFFFFFFFFF00FF00FFFFFFFFFFFFFFFFFFFF00FF00FFFFFFFFFFFFFFFFFFFFFFFFFFFFFFFF00FF00FFFFFFFFFFFFFFFFFFFF00FF00FFFFFFFFFFFFFFFFFFFFFFFFFFFFFFFF00FF00FFFFFFFFFFFFFFFFFFFFFF00FF00FFFFFFFFFFFFFFFFFF
310
FFFFFFFFFF00FFFF00FFFFFFFFFFFFFFFFFFFFFF00FF00FFFFFFFFFFFFFFFFFFFFFFFFFFFF00FF00FFFFFFFFFFFFFFFFFFFFFFFF0000000000000000000000000000000000000000FFFFFFFFFFFFFFFFFFFFFFFFFFFF0000FF00FFFF00FFFF00FFFF00FF0000FFFFFFFFFFFFFFFFFFFFFFFFFFFFFFFF00FF0000FFFF00FFFF
310
00FFFF0000FF00FFFFFFFFFFFFFFFFFFFFFFFFFFFFFF000000000000000000000000000000000000FFFFFFFFFFFFFFFFFFFFFFFFFF00FFFFFFFFFFFFFFFFFFFFFFFFFFFFFFFFFFFF00FFFFFFFFFFFFFFFFFFFFFFFF00FFFFFFFFFFFFFFFFFFFFFFFFFFFFFFFFFFFF00FFFFFFFFFFFFFFFFFFFFFF0000000000000000000000
310
0000000000000000000000FFFFFFFFFFFFFFFFFFFFFFFFFFFFFFFFFFFFFFFFFFFFFFFFFFFFFFFFFFFFFFFFFFFFFFFFFFFFFFFFFFFFFFFFFFFFFFFFFFFFFFFFFFFFFFFFFFFFFFFFFFFFFFFFFFFFFFFFFFFFFFFFFFFFFFFFFFFFFFFFFFFFFFFFFFFFFFFFFFFFFFFFFFFFFFFFFFFFFFFFFF
102
{BLKREFS
331
CC47
331
CC48
331
CC49
331
CC4A
331
CC4C
331
CC4D
331
CC6E
331
CC70
331
CC71
331
CC73
102
}
 70
     1
280
     1
281
     0
  0
BLOCK_RECORD
  5
C92C
102
{ACAD_XDICTIONARY
360
C92D
102
}
330
1
100
AcDbSymbolTableRecord
100
AcDbBlockTableRecord
  2
BED
340
0
310
2800000020000000200000000100080000000000000400000000000000000000000000000000000000000000000080000080000000808000800000008000800080800000C0C0C000C0DCC000F0CAA6000020400000206000002080000020A0000020C0000020E00000400000004020000040400000406000004080000040A0
310
000040C0000040E00000600000006020000060400000606000006080000060A0000060C0000060E00000800000008020000080400000806000008080000080A0000080C0000080E00000A0000000A0200000A0400000A0600000A0800000A0A00000A0C00000A0E00000C0000000C0200000C0400000C0600000C0800000C0
310
A00000C0C00000C0E00000E0000000E0200000E0400000E0600000E0800000E0A00000E0C00000E0E00040000000400020004000400040006000400080004000A0004000C0004000E00040200000402020004020400040206000402080004020A0004020C0004020E000404000004040200040404000404060004040800040
310
40A0004040C0004040E00040600000406020004060400040606000406080004060A0004060C0004060E00040800000408020004080400040806000408080004080A0004080C0004080E00040A0000040A0200040A0400040A0600040A0800040A0A00040A0C00040A0E00040C0000040C0200040C0400040C0600040C08000
310
40C0A00040C0C00040C0E00040E0000040E0200040E0400040E0600040E0800040E0A00040E0C00040E0E00080000000800020008000400080006000800080008000A0008000C0008000E00080200000802020008020400080206000802080008020A0008020C0008020E00080400000804020008040400080406000804080
310
008040A0008040C0008040E00080600000806020008060400080606000806080008060A0008060C0008060E00080800000808020008080400080806000808080008080A0008080C0008080E00080A0000080A0200080A0400080A0600080A0800080A0A00080A0C00080A0E00080C0000080C0200080C0400080C0600080C0
310
800080C0A00080C0C00080C0E00080E0000080E0200080E0400080E0600080E0800080E0A00080E0C00080E0E000C0000000C0002000C0004000C0006000C0008000C000A000C000C000C000E000C0200000C0202000C0204000C0206000C0208000C020A000C020C000C020E000C0400000C0402000C0404000C0406000C0
310
408000C040A000C040C000C040E000C0600000C0602000C0604000C0606000C0608000C060A000C060C000C060E000C0800000C0802000C0804000C0806000C0808000C080A000C080C000C080E000C0A00000C0A02000C0A04000C0A06000C0A08000C0A0A000C0A0C000C0A0E000C0C00000C0C02000C0C04000C0C06000
310
C0C08000C0C0A000F0FBFF00A4A0A000808080000000FF0000FF000000FFFF00FF000000FF00FF00FFFF0000FFFFFF00FFFFFFFFFFFFFFFFFFFFFFFFFFFFFFFFFFFFFFFFFFFFFFFFFFFFFFFFFFFFFFFFFFFFFFFFFFFFFFFFFFFFFFFFFFFFFFFFFFFFFFFFFFFFFFFFFFFFFFFFFFFFFFFFFFFFFFFFFFFFFFFFFFFFFFFFFFFFFF
310
FFFFFFFFFFFFFFFFFFFFFFFFFFFFFFFFFFFFFFFFFFFFFFFFFFFFFFFFFFFFFFFFFFFFFFFFFFFFFFFFFFFFFFFFFFFFFFFFFFFFFFFFFFFFFFFFFFFFFFFFFFFFFFFFFFFFFFFFFFFFFFFFFFFFFFFFFFFFFFFFFFFF000000000000000000000000000000000000000000000000000000000000FFFF00FFFFFFFF00FFFF0000000000
310
000000000000000000FFFF00FFFFFFFF00FFFF00FFFFFFFF00FFFF00FFFFFFFFFF0000FFFFFFFFFF00FFFF00FFFFFFFF00FFFF000000000000FFFF00FF0000000000000000000000000000000000000000FFFFFFFFFFFFFF00FFFF0000000000000000000000000000000000FFFFFFFFFFFFFFFFFFFFFFFF00FF0000FF00FF
310
FFFFFFFFFFFFFFFFFFFFFFFF00FFFFFFFFFFFFFFFFFFFFFFFF0000FFFFFF00FFFFFFFFFFFFFFFFFFFFFFFFFF00FFFFFFFFFFFFFFFFFFFFFFFF000000000000FFFFFFFFFFFFFFFFFFFFFFFFFF00FFFFFFFFFFFFFFFFFFFFFFFF00FFFFFFFFFFFFFFFFFFFFFFFFFFFFFFFFFFFF00FFFFFFFFFFFFFFFFFFFFFFFF00FFFFFFFFFF
310
FFFFFFFFFFFFFFFFFFFFFFFFFF00FFFFFFFFFFFFFFFFFFFFFFFF00FFFFFFFFFFFFFFFFFFFFFFFFFFFFFFFFFFFF00FFFFFFFFFFFFFFFFFFFFFFFF00FFFFFFFFFFFFFFFFFFFFFFFFFFFFFFFFFFFF00FFFFFFFFFFFFFFFFFFFFFFFF00FFFFFFFFFFFFFFFFFFFFFFFFFFFFFFFFFFFF00FFFFFFFFFFFFFFFFFFFFFFFF00FFFFFFFF
310
FFFFFFFFFFFFFFFFFFFFFFFFFFFF00FFFFFFFFFFFFFFFFFFFFFFFF00FFFFFFFFFFFFFFFFFFFFFFFFFFFFFFFFFFFF00FFFFFFFFFFFFFFFFFFFFFFFF00FFFFFFFFFFFFFFFFFFFFFFFFFFFFFFFFFFFF00FFFFFFFFFFFFFFFFFFFFFFFF00FFFFFFFFFFFFFFFFFFFFFFFFFFFFFFFFFFFF00FFFFFFFFFFFFFFFFFFFFFFFF00FFFFFF
310
FFFFFFFFFFFFFFFFFFFFFFFFFFFFFF00FFFFFFFFFFFFFFFFFFFFFFFF00FFFFFFFFFFFFFFFFFFFFFFFFFFFFFFFFFFFF00FFFFFFFFFFFFFFFFFFFFFFFF00FFFFFFFFFFFFFFFFFFFFFFFFFFFFFFFFFFFF00FFFFFFFFFFFFFFFFFFFFFFFF00FFFFFFFFFFFFFFFFFFFFFFFFFFFFFFFFFFFF00FFFFFFFFFFFFFFFFFFFFFFFF000000
310
0000000000000000000000000000000000FFFFFFFFFFFFFFFFFFFFFFFFFFFFFFFFFFFFFFFFFFFFFFFFFFFFFFFFFFFFFFFFFFFFFFFFFFFFFFFFFFFFFFFFFFFFFFFFFFFFFFFFFFFFFFFFFFFFFFFFFFFFFFFFFFFFFFFFFFFFFFFFFFFFFFFFFFFFFFFFFFFFFFFFFFFFFFFFFFFFFFFFFFFFFFFFFFFFFFFFFFFFFFFFFFFFFFFFFFFF
310
FFFFFFFFFFFFFFFFFFFFFFFFFFFFFFFFFFFFFFFFFFFFFFFFFFFFFFFFFFFFFFFFFFFFFFFFFFFFFFFFFFFFFFFFFFFFFFFFFFFFFFFFFFFFFFFF2800000020000000200000000100080000000000000400000000000000000000000000000000000000000000000080000080000000808000800000008000800080800000C0C0C0
310
00C0DCC000F0CAA6000020400000206000002080000020A0000020C0000020E00000400000004020000040400000406000004080000040A0000040C0000040E00000600000006020000060400000606000006080000060A0000060C0000060E00000800000008020000080400000806000008080000080A0000080C0000080
310
E00000A0000000A0200000A0400000A0600000A0800000A0A00000A0C00000A0E00000C0000000C0200000C0400000C0600000C0800000C0A00000C0C00000C0E00000E0000000E0200000E0400000E0600000E0800000E0A00000E0C00000E0E00040000000400020004000400040006000400080004000A0004000C00040
310
00E00040200000402020004020400040206000402080004020A0004020C0004020E00040400000404020004040400040406000404080004040A0004040C0004040E00040600000406020004060400040606000406080004060A0004060C0004060E00040800000408020004080400040806000408080004080A0004080C000
310
4080E00040A0000040A0200040A0400040A0600040A0800040A0A00040A0C00040A0E00040C0000040C0200040C0400040C0600040C0800040C0A00040C0C00040C0E00040E0000040E0200040E0400040E0600040E0800040E0A00040E0C00040E0E00080000000800020008000400080006000800080008000A0008000C0
310
008000E00080200000802020008020400080206000802080008020A0008020C0008020E00080400000804020008040400080406000804080008040A0008040C0008040E00080600000806020008060400080606000806080008060A0008060C0008060E00080800000808020008080400080806000808080008080A0008080
310
C0008080E00080A0000080A0200080A0400080A0600080A0800080A0A00080A0C00080A0E00080C0000080C0200080C0400080C0600080C0800080C0A00080C0C00080C0E00080E0000080E0200080E0400080E0600080E0800080E0A00080E0C00080E0E000C0000000C0002000C0004000C0006000C0008000C000A000C0
310
00C000C000E000C0200000C0202000C0204000C0206000C0208000C020A000C020C000C020E000C0400000C0402000C0404000C0406000C0408000C040A000C040C000C040E000C0600000C0602000C0604000C0606000C0608000C060A000C060C000C060E000C0800000C0802000C0804000C0806000C0808000C080A000
310
C080C000C080E000C0A00000C0A02000C0A04000C0A06000C0A08000C0A0A000C0A0C000C0A0E000C0C00000C0C02000C0C04000C0C06000C0C08000C0C0A000F0FBFF00A4A0A000808080000000FF0000FF000000FFFF00FF000000FF00FF00FFFF0000FFFFFF00FFFFFFFFFFFFFFFFFFFFFFFFFFFFFFFFFFFFFFFFFFFFFF
310
FFFFFFFFFFFFFFFFFFFFFFFFFFFFFFFFFFFFFFFFFFFFFFFFFFFFFFFFFFFFFFFFFFFFFFFFFFFFFFFFFFFFFFFFFFFFFFFFFFFFFFFFFFFFFFFFFFFFFFFFFFFFFFFFFFFFFFFFFFFFFFFFFFFFFFFFFFFFFFFFFFFFFFFFFFFFFFFFFFFFFFFFFFFFFFFFFFFFFFFFFFFFFFFFFFFFFFFFFFFFFFFFFFFFFFFFFFFFFFFFFFFFFFFFFFFFFF
310
FFFFFFFFFFFFFFFFFFFFFF000000000000000000000000000000000000000000000000000000000000FFFF00FFFFFFFF00FFFF0000000000000000000000000000FFFF00FFFFFFFF00FFFF00FFFFFFFF00FFFF00FFFFFFFFFF0000FFFFFFFFFF00FFFF00FFFFFFFF00FFFF000000000000FFFF00FF00000000000000000000
310
00000000000000000000FFFFFFFFFFFFFF00FFFF0000000000000000000000000000000000FFFFFFFFFFFFFFFFFFFFFFFF00FF0000FF00FFFFFFFFFFFFFFFFFFFFFFFFFF00FFFFFFFFFFFFFFFFFFFFFFFF0000FFFFFF00FFFFFFFFFFFFFFFFFFFFFFFFFF00FFFFFFFFFFFFFFFFFFFFFFFF000000000000FFFFFFFFFFFFFFFF
310
FFFFFFFFFF00FFFFFFFFFFFFFFFFFFFFFFFF00FFFFFFFFFFFFFFFFFFFFFFFFFFFFFFFFFFFF00FFFFFFFFFFFFFFFFFFFFFFFF00FFFFFFFFFFFFFFFFFFFFFFFFFFFFFFFFFFFF00FFFFFFFFFFFFFFFFFFFFFFFF00FFFFFFFFFFFFFFFFFFFFFFFFFFFFFFFFFFFF00FFFFFFFFFFFFFFFFFFFFFFFF00FFFFFFFFFFFFFFFFFFFFFFFF
310
FFFFFFFFFFFF00FFFFFFFFFFFFFFFFFFFFFFFF00FFFFFFFFFFFFFFFFFFFFFFFFFFFFFFFFFFFF00FFFFFFFFFFFFFFFFFFFFFFFF00FFFFFFFFFFFFFFFFFFFFFFFFFFFFFFFFFFFF00FFFFFFFFFFFFFFFFFFFFFFFF00FFFFFFFFFFFFFFFFFFFFFFFFFFFFFFFFFFFF00FFFFFFFFFFFFFFFFFFFFFFFF00FFFFFFFFFFFFFFFFFFFFFF
310
FFFFFFFFFFFFFF00FFFFFFFFFFFFFFFFFFFFFFFF00FFFFFFFFFFFFFFFFFFFFFFFFFFFFFFFFFFFF00FFFFFFFFFFFFFFFFFFFFFFFF00FFFFFFFFFFFFFFFFFFFFFFFFFFFFFFFFFFFF00FFFFFFFFFFFFFFFFFFFFFFFF00FFFFFFFFFFFFFFFFFFFFFFFFFFFFFFFFFFFF00FFFFFFFFFFFFFFFFFFFFFFFF00FFFFFFFFFFFFFFFFFFFF
310
FFFFFFFFFFFFFFFF00FFFFFFFFFFFFFFFFFFFFFFFF00FFFFFFFFFFFFFFFFFFFFFFFFFFFFFFFFFFFF00FFFFFFFFFFFFFFFFFFFFFFFF0000000000000000000000000000000000000000FFFFFFFFFFFFFFFFFFFFFFFFFFFFFFFFFFFFFFFFFFFFFFFFFFFFFFFFFFFFFFFFFFFFFFFFFFFFFFFFFFFFFFFFFFFFFFFFFFFFFFFFFFFF
310
FFFFFFFFFFFFFFFFFFFFFFFFFFFFFFFFFFFFFFFFFFFFFFFFFFFFFFFFFFFFFFFFFFFFFFFFFFFFFFFFFFFFFFFFFFFFFFFFFFFFFFFFFFFFFFFFFFFFFFFFFFFFFFFFFFFFFFFFFFFFFFFFFFFFFFFFFFFFFFFFFFFFFFFFFFFFFFFFFFFFFFFFFFFFFFFFFFFFFFFFFFFFFFFFFFFFFFFFFFFFFFFF
102
{BLKREFS
331
CC6C
331
CC6D
102
}
 70
     2
280
     1
281
     0
1001
AcDbDynamicBlockGUID
1000
{E2D5DF89-8FAF-456F-8775-BC972D9F6024}
1001
AcDbBlockRepETag
1070
     1
1071
       18
  0
BLOCK_RECORD
  5
C943
330
1
100
AcDbSymbolTableRecord
100
AcDbBlockTableRecord
  2
zd
340
0
310
2800000020000000200000000100080000000000000400000000000000000000000000000000000000000000000080000080000000808000800000008000800080800000C0C0C000C0DCC000F0CAA6000020400000206000002080000020A0000020C0000020E00000400000004020000040400000406000004080000040A0
310
000040C0000040E00000600000006020000060400000606000006080000060A0000060C0000060E00000800000008020000080400000806000008080000080A0000080C0000080E00000A0000000A0200000A0400000A0600000A0800000A0A00000A0C00000A0E00000C0000000C0200000C0400000C0600000C0800000C0
310
A00000C0C00000C0E00000E0000000E0200000E0400000E0600000E0800000E0A00000E0C00000E0E00040000000400020004000400040006000400080004000A0004000C0004000E00040200000402020004020400040206000402080004020A0004020C0004020E000404000004040200040404000404060004040800040
310
40A0004040C0004040E00040600000406020004060400040606000406080004060A0004060C0004060E00040800000408020004080400040806000408080004080A0004080C0004080E00040A0000040A0200040A0400040A0600040A0800040A0A00040A0C00040A0E00040C0000040C0200040C0400040C0600040C08000
310
40C0A00040C0C00040C0E00040E0000040E0200040E0400040E0600040E0800040E0A00040E0C00040E0E00080000000800020008000400080006000800080008000A0008000C0008000E00080200000802020008020400080206000802080008020A0008020C0008020E00080400000804020008040400080406000804080
310
008040A0008040C0008040E00080600000806020008060400080606000806080008060A0008060C0008060E00080800000808020008080400080806000808080008080A0008080C0008080E00080A0000080A0200080A0400080A0600080A0800080A0A00080A0C00080A0E00080C0000080C0200080C0400080C0600080C0
310
800080C0A00080C0C00080C0E00080E0000080E0200080E0400080E0600080E0800080E0A00080E0C00080E0E000C0000000C0002000C0004000C0006000C0008000C000A000C000C000C000E000C0200000C0202000C0204000C0206000C0208000C020A000C020C000C020E000C0400000C0402000C0404000C0406000C0
310
408000C040A000C040C000C040E000C0600000C0602000C0604000C0606000C0608000C060A000C060C000C060E000C0800000C0802000C0804000C0806000C0808000C080A000C080C000C080E000C0A00000C0A02000C0A04000C0A06000C0A08000C0A0A000C0A0C000C0A0E000C0C00000C0C02000C0C04000C0C06000
310
C0C08000C0C0A000F0FBFF00A4A0A000808080000000FF0000FF000000FFFF00FF000000FF00FF00FFFF0000FFFFFF0000000000000000000000000000000000000000000000000000000000000000000000000000000000000000000000000000000000000000000000000000000000000000000000000000000000000000
310
00000000000000000000000000000000000000000000000000000000000000000000000000000000000000000000000000000000000000000000000000000000000000000000000000000000000000000000000000000000000000000000000000000000000000000000000000000000000000000000000000000000000000
310
00000000000000000000000000000000000000000000000000000003030303030303030000000000000000000000000000000000030303030303030000000000000003030303030000000000000000000000000300000000000000000000000000030000030303030303030000000000000000030000000000000000000000
310
00030000000000000303030303030000000000000300000000000000000000000300000000000000000000000303030000000000030000000000000000000003000000000000000000000000000003030000000003000000000000000000030000000000000000000000000000000303000000000300000000000000000003
310
00000000000000000000000000000000030300000003000000000000000000030000000000000000000000000000000003000300000300000000000000000003000000000000000000000000000000000303000000030000000000000000000300000000000000000000000000000003000300000003000000000000000000
310
03000000000000000000000000000000030300000000030000000000000000000003000000000000000000000000000303000000000003000000000000000000000003000000000000000000000003030300000000000300000000000000000000000003000000000000000303030303000000000000030000000000000000
310
00000000000300000303030303030300000000000000000003030303030303000000000000000303030303030000000000000000000000000000000000000003030303030303030300000000000000000000000000000000000000000000000000000000000000000000000000000000000000000000000000000000000000
310
00000000000000000000000000000000000000000000000000000000000000000000000000000000000000000000000000000000000000000000000000000000000000000000000000000000000000000000000000000000000000000000000000000000000000000000000000000000000000000000000000000000000000
310
00000000000000000000000000000000000000000000000000000000000000000000000000000000000000000000000000000000000000002800000020000000200000000100080000000000000400000000000000000000000000000000000000000000000080000080000000808000800000008000800080800000C0C0C0
310
00C0DCC000F0CAA6000020400000206000002080000020A0000020C0000020E00000400000004020000040400000406000004080000040A0000040C0000040E00000600000006020000060400000606000006080000060A0000060C0000060E00000800000008020000080400000806000008080000080A0000080C0000080
310
E00000A0000000A0200000A0400000A0600000A0800000A0A00000A0C00000A0E00000C0000000C0200000C0400000C0600000C0800000C0A00000C0C00000C0E00000E0000000E0200000E0400000E0600000E0800000E0A00000E0C00000E0E00040000000400020004000400040006000400080004000A0004000C00040
310
00E00040200000402020004020400040206000402080004020A0004020C0004020E00040400000404020004040400040406000404080004040A0004040C0004040E00040600000406020004060400040606000406080004060A0004060C0004060E00040800000408020004080400040806000408080004080A0004080C000
310
4080E00040A0000040A0200040A0400040A0600040A0800040A0A00040A0C00040A0E00040C0000040C0200040C0400040C0600040C0800040C0A00040C0C00040C0E00040E0000040E0200040E0400040E0600040E0800040E0A00040E0C00040E0E00080000000800020008000400080006000800080008000A0008000C0
310
008000E00080200000802020008020400080206000802080008020A0008020C0008020E00080400000804020008040400080406000804080008040A0008040C0008040E00080600000806020008060400080606000806080008060A0008060C0008060E00080800000808020008080400080806000808080008080A0008080
310
C0008080E00080A0000080A0200080A0400080A0600080A0800080A0A00080A0C00080A0E00080C0000080C0200080C0400080C0600080C0800080C0A00080C0C00080C0E00080E0000080E0200080E0400080E0600080E0800080E0A00080E0C00080E0E000C0000000C0002000C0004000C0006000C0008000C000A000C0
310
00C000C000E000C0200000C0202000C0204000C0206000C0208000C020A000C020C000C020E000C0400000C0402000C0404000C0406000C0408000C040A000C040C000C040E000C0600000C0602000C0604000C0606000C0608000C060A000C060C000C060E000C0800000C0802000C0804000C0806000C0808000C080A000
310
C080C000C080E000C0A00000C0A02000C0A04000C0A06000C0A08000C0A0A000C0A0C000C0A0E000C0C00000C0C02000C0C04000C0C06000C0C08000C0C0A000F0FBFF00A4A0A000808080000000FF0000FF000000FFFF00FF000000FF00FF00FFFF0000FFFFFF000000000000000000000000000000000000000000000000
310
00000000000000000000000000000000000000000000000000000000000000000000000000000000000000000000000000000000000000000000000000000000000000000000000000000000000000000000000000000000000000000000000000000000000000000000000000000000000000000000000000000000000000
310
00000000000000000000000000000000000000000000000000000000000000000000000000000000000000000000000000000000000000000000000000000000000000000000000000000000000000000000000303030303030303000000000000000000000000000000000003030303030303000000000000000303030303
310
00000000000000000000000003000000000000000000000000000300000303030303030300000000000000000300000000000000000000000003000000000000030303030303000000000000030000000000000000000000030000000000000000000000030303000000000003000000000000000000000300000000000000
310
00000000000000030300000000030000000000000000000300000000000000000000000000000003030000000003000000000000000000030000000000000000000000000000000003030000000300000000000000000003000000000000000000000000000000000300030000030000000000000000000300000000000000
310
00000000000000000003030000000300000000000000000003000000000000000000000000000000030003000000030000000000000000000300000000000000000000000000000003030000000003000000000000000000000300000000000000000000000000030300000000000300000000000000000000000300000000
310
00000000000000030303000000000003000000000000000000000000030000000000000003030303030000000000000300000000000000000000000000030000030303030303030000000000000000000303030303030300000000000000030303030303000000000000000000000000000000000000000303030303030303
310
03000000000000000000000000000000000000000000000000000000000000000000000000000000000000000000000000000000000000000000000000000000000000000000000000000000000000000000000000000000000000000000000000000000000000000000000000000000000000000000000000000000000000
310
00000000000000000000000000000000000000000000000000000000000000000000000000000000000000000000000000000000000000000000000000000000000000000000000000000000000000000000000000000000000000000000000000000000000000000000000000000000
102
{BLKREFS
331
CC7A
331
CC82
331
E307
331
E34A
102
}
 70
     4
280
     1
281
     0
1001
AcDbDynamicBlockGUID
1000
{5378FCF4-784F-48DB-A973-4CE654AD3601}
1001
AcDbBlockRepETag
1070
     1
1071
        3
  0
BLOCK_RECORD
  5
CD2F
330
1
100
AcDbSymbolTableRecord
100
AcDbBlockTableRecord
  2
*D251
340
0
 70
     0
280
     1
281
     0
  0
BLOCK_RECORD
  5
CD3C
330
1
100
AcDbSymbolTableRecord
100
AcDbBlockTableRecord
  2
*D252
340
0
 70
     0
280
     1
281
     0
  0
BLOCK_RECORD
  5
CD49
330
1
100
AcDbSymbolTableRecord
100
AcDbBlockTableRecord
  2
*D253
340
0
 70
     0
280
     1
281
     0
  0
BLOCK_RECORD
  5
CD56
330
1
100
AcDbSymbolTableRecord
100
AcDbBlockTableRecord
  2
*D254
340
0
 70
     0
280
     1
281
     0
  0
BLOCK_RECORD
  5
CD6D
330
1
100
AcDbSymbolTableRecord
100
AcDbBlockTableRecord
  2
*D255
340
0
 70
     0
280
     1
281
     0
  0
BLOCK_RECORD
  5
CD7A
330
1
100
AcDbSymbolTableRecord
100
AcDbBlockTableRecord
  2
*D256
340
0
 70
     0
280
     1
281
     0
  0
BLOCK_RECORD
  5
CD87
330
1
100
AcDbSymbolTableRecord
100
AcDbBlockTableRecord
  2
*D257
340
0
 70
     0
280
     1
281
     0
  0
BLOCK_RECORD
  5
CD94
330
1
100
AcDbSymbolTableRecord
100
AcDbBlockTableRecord
  2
*D258
340
0
 70
     0
280
     1
281
     0
  0
BLOCK_RECORD
  5
CDA1
330
1
100
AcDbSymbolTableRecord
100
AcDbBlockTableRecord
  2
*D259
340
0
 70
     0
280
     1
281
     0
  0
BLOCK_RECORD
  5
CDAE
330
1
100
AcDbSymbolTableRecord
100
AcDbBlockTableRecord
  2
*D260
340
0
 70
     0
280
     1
281
     0
  0
BLOCK_RECORD
  5
CDBB
330
1
100
AcDbSymbolTableRecord
100
AcDbBlockTableRecord
  2
*D261
340
0
 70
     0
280
     1
281
     0
  0
BLOCK_RECORD
  5
CDC8
330
1
100
AcDbSymbolTableRecord
100
AcDbBlockTableRecord
  2
*D262
340
0
 70
     0
280
     1
281
     0
  0
BLOCK_RECORD
  5
CDD5
330
1
100
AcDbSymbolTableRecord
100
AcDbBlockTableRecord
  2
*D263
340
0
 70
     0
280
     1
281
     0
  0
BLOCK_RECORD
  5
CDE2
330
1
100
AcDbSymbolTableRecord
100
AcDbBlockTableRecord
  2
*D264
340
0
 70
     0
280
     1
281
     0
  0
BLOCK_RECORD
  5
CDF9
330
1
100
AcDbSymbolTableRecord
100
AcDbBlockTableRecord
  2
*D265
340
0
 70
     0
280
     1
281
     0
  0
BLOCK_RECORD
  5
CE06
330
1
100
AcDbSymbolTableRecord
100
AcDbBlockTableRecord
  2
*D266
340
0
 70
     0
280
     1
281
     0
  0
BLOCK_RECORD
  5
CE27
330
1
100
AcDbSymbolTableRecord
100
AcDbBlockTableRecord
  2
*D267
340
0
 70
     0
280
     1
281
     0
  0
BLOCK_RECORD
  5
CE34
330
1
100
AcDbSymbolTableRecord
100
AcDbBlockTableRecord
  2
*D268
340
0
 70
     0
280
     1
281
     0
  0
BLOCK_RECORD
  5
CE41
330
1
100
AcDbSymbolTableRecord
100
AcDbBlockTableRecord
  2
*D269
340
0
 70
     0
280
     1
281
     0
  0
BLOCK_RECORD
  5
CE4E
330
1
100
AcDbSymbolTableRecord
100
AcDbBlockTableRecord
  2
*D270
340
0
 70
     0
280
     1
281
     0
  0
BLOCK_RECORD
  5
CE5B
330
1
100
AcDbSymbolTableRecord
100
AcDbBlockTableRecord
  2
*D271
340
0
 70
     0
280
     1
281
     0
  0
BLOCK_RECORD
  5
CE68
330
1
100
AcDbSymbolTableRecord
100
AcDbBlockTableRecord
  2
*D272
340
0
 70
     0
280
     1
281
     0
  0
BLOCK_RECORD
  5
CFD5
330
1
100
AcDbSymbolTableRecord
100
AcDbBlockTableRecord
  2
*D273
340
0
 70
     0
280
     1
281
     0
  0
BLOCK_RECORD
  5
CFE2
330
1
100
AcDbSymbolTableRecord
100
AcDbBlockTableRecord
  2
*D274
340
0
 70
     0
280
     1
281
     0
  0
BLOCK_RECORD
  5
CFEF
330
1
100
AcDbSymbolTableRecord
100
AcDbBlockTableRecord
  2
*D275
340
0
 70
     0
280
     1
281
     0
  0
BLOCK_RECORD
  5
CFFC
330
1
100
AcDbSymbolTableRecord
100
AcDbBlockTableRecord
  2
*D276
340
0
 70
     0
280
     1
281
     0
  0
BLOCK_RECORD
  5
D07B
330
1
100
AcDbSymbolTableRecord
100
AcDbBlockTableRecord
  2
*D279
340
0
 70
     0
280
     1
281
     0
  0
BLOCK_RECORD
  5
D088
330
1
100
AcDbSymbolTableRecord
100
AcDbBlockTableRecord
  2
*D280
340
0
 70
     0
280
     1
281
     0
  0
BLOCK_RECORD
  5
D09F
330
1
100
AcDbSymbolTableRecord
100
AcDbBlockTableRecord
  2
*D281
340
0
 70
     0
280
     1
281
     0
  0
BLOCK_RECORD
  5
D0AC
330
1
100
AcDbSymbolTableRecord
100
AcDbBlockTableRecord
  2
*D282
340
0
 70
     0
280
     1
281
     0
  0
BLOCK_RECORD
  5
D0CD
330
1
100
AcDbSymbolTableRecord
100
AcDbBlockTableRecord
  2
*D283
340
0
 70
     0
280
     1
281
     0
  0
BLOCK_RECORD
  5
D130
330
1
100
AcDbSymbolTableRecord
100
AcDbBlockTableRecord
  2
*D285
340
0
 70
     0
280
     1
281
     0
  0
BLOCK_RECORD
  5
DC6C
330
1
100
AcDbSymbolTableRecord
100
AcDbBlockTableRecord
  2
*D342
340
0
 70
     0
280
     1
281
     0
  0
BLOCK_RECORD
  5
DCEC
330
1
100
AcDbSymbolTableRecord
100
AcDbBlockTableRecord
  2
*D345
340
0
 70
     0
280
     1
281
     0
  0
BLOCK_RECORD
  5
DD17
330
1
100
AcDbSymbolTableRecord
100
AcDbBlockTableRecord
  2
*D346
340
0
 70
     0
280
     1
281
     0
  0
BLOCK_RECORD
  5
DD8D
330
1
100
AcDbSymbolTableRecord
100
AcDbBlockTableRecord
  2
*D349
340
0
 70
     0
280
     1
281
     0
  0
BLOCK_RECORD
  5
DDD9
330
1
100
AcDbSymbolTableRecord
100
AcDbBlockTableRecord
  2
*D350
340
0
 70
     0
280
     1
281
     0
  0
BLOCK_RECORD
  5
E0C0
330
1
100
AcDbSymbolTableRecord
100
AcDbBlockTableRecord
  2
*D365
340
0
 70
     0
280
     1
281
     0
  0
BLOCK_RECORD
  5
E0DA
330
1
100
AcDbSymbolTableRecord
100
AcDbBlockTableRecord
  2
*D366
340
0
 70
     0
280
     1
281
     0
  0
BLOCK_RECORD
  5
E108
330
1
100
AcDbSymbolTableRecord
100
AcDbBlockTableRecord
  2
*D367
340
0
 70
     0
280
     1
281
     0
  0
BLOCK_RECORD
  5
E1FE
330
1
100
AcDbSymbolTableRecord
100
AcDbBlockTableRecord
  2
*D368
340
0
 70
     0
280
     1
281
     0
  0
BLOCK_RECORD
  5
E218
330
1
100
AcDbSymbolTableRecord
100
AcDbBlockTableRecord
  2
*D369
340
0
 70
     0
280
     1
281
     0
  0
BLOCK_RECORD
  5
E232
330
1
100
AcDbSymbolTableRecord
100
AcDbBlockTableRecord
  2
*D370
340
0
 70
     0
280
     1
281
     0
  0
BLOCK_RECORD
  5
E260
330
1
100
AcDbSymbolTableRecord
100
AcDbBlockTableRecord
  2
*D371
340
0
 70
     0
280
     1
281
     0
  0
BLOCK_RECORD
  5
E27A
330
1
100
AcDbSymbolTableRecord
100
AcDbBlockTableRecord
  2
*D372
340
0
 70
     0
280
     1
281
     0
  0
BLOCK_RECORD
  5
E294
330
1
100
AcDbSymbolTableRecord
100
AcDbBlockTableRecord
  2
*D373
340
0
 70
     0
280
     1
281
     0
  0
BLOCK_RECORD
  5
E2AE
330
1
100
AcDbSymbolTableRecord
100
AcDbBlockTableRecord
  2
*D374
340
0
 70
     0
280
     1
281
     0
  0
BLOCK_RECORD
  5
E2C8
330
1
100
AcDbSymbolTableRecord
100
AcDbBlockTableRecord
  2
*D375
340
0
 70
     0
280
     1
281
     0
  0
BLOCK_RECORD
  5
E389
330
1
100
AcDbSymbolTableRecord
100
AcDbBlockTableRecord
  2
*D377
340
0
 70
     0
280
     1
281
     0
  0
BLOCK_RECORD
  5
E3D5
330
1
100
AcDbSymbolTableRecord
100
AcDbBlockTableRecord
  2
*D378
340
0
 70
     0
280
     1
281
     0
  0
ENDTAB
  0
ENDSEC
  0
SECTION
  2
BLOCKS
  0
BLOCK
  5
20
330
1F
100
AcDbEntity
  8
0
100
AcDbBlockBegin
  2
*Model_Space
 70
     0
 10
0.0
 20
0.0
 30
0.0
  3
*Model_Space
  1

  0
ENDBLK
  5
21
330
1F
100
AcDbEntity
  8
0
100
AcDbBlockEnd
  0
BLOCK
  5
D4
330
D2
100
AcDbEntity
 67
1
  8
0
100
AcDbBlockBegin
  2
*Paper_Space
 70
     0
 10
0.0
 20
0.0
 30
0.0
  3
*Paper_Space
  1

  0
ENDBLK
  5
D5
330
D2
100
AcDbEntity
 67
1
  8
0
100
AcDbBlockEnd
  0
BLOCK
  5
D8
330
D6
100
AcDbEntity
  8
0
100
AcDbBlockBegin
  2
*Paper_Space0
 70
     0
 10
0.0
 20
0.0
 30
0.0
  3
*Paper_Space0
  1

  0
ENDBLK
  5
D9
330
D6
100
AcDbEntity
  8
0
100
AcDbBlockEnd
  0
BLOCK
  5
10DD
330
10DC
100
AcDbEntity
  8
0
100
AcDbBlockBegin
  2
_ArchTick
 70
     0
 10
0.0
 20
0.0
 30
0.0
  3
_ArchTick
  1

  0
LWPOLYLINE
  5
10DE
330
10DC
100
AcDbEntity
  8
0
  6
ByBlock
 62
     0
100
AcDbPolyline
 90
        2
 70
     0
 43
0.15
 10
-0.5
 20
-0.5
 42
0.0
 10
0.5
 20
0.5
 42
0.0
  0
ENDBLK
  5
10DF
330
10DC
100
AcDbEntity
  8
0
100
AcDbBlockEnd
  0
BLOCK
  5
10E1
330
10E0
100
AcDbEntity
  8
0
100
AcDbBlockBegin
  2
_Dot
 70
     0
 10
0.0
 20
0.0
 30
0.0
  3
_Dot
  1

  0
LWPOLYLINE
  5
10E2
330
10E0
100
AcDbEntity
  8
0
  6
ByBlock
 62
     0
100
AcDbPolyline
 90
        2
 70
     1
 43
0.5
 10
-0.25
 20
0.0
 42
1.0
 10
0.25
 20
0.0
 42
1.0
  0
LINE
  5
10E3
330
10E0
100
AcDbEntity
  8
0
  6
ByBlock
 62
     0
370
    -2
100
AcDbLine
 39
0.0
 10
-0.5
 20
0.0
 30
0.0
 11
-1.0
 21
0.0
 31
0.0
  0
ENDBLK
  5
10E4
330
10E0
100
AcDbEntity
  8
0
100
AcDbBlockEnd
  0
BLOCK
  5
1111
330
10F4
100
AcDbEntity
  8
0
100
AcDbBlockBegin
  2
A$C79804784
 70
     0
 10
0.0
 20
0.0
 30
0.0
  3
A$C79804784
  1

  0
ENDBLK
  5
1112
330
10F4
100
AcDbEntity
  8
0
100
AcDbBlockEnd
  0
BLOCK
  5
C902
330
C901
100
AcDbEntity
  8
0
100
AcDbBlockBegin
  2
Chair - Rocking
 70
     2
 10
0.0
 20
0.0
 30
0.0
  3
Chair - Rocking
  1
CHAIR_ROCKING
  4
DesignCenter Home-Space Planner example
  0
LINE
  5
C903
330
C901
100
AcDbEntity
  8
0
  6
Continuous
100
AcDbLine
 39
0.0
 10
4.5
 20
-7.0
 30
0.0
 11
4.9676
 21
-4.1944
 31
0.0
  0
LINE
  5
C904
330
C901
100
AcDbEntity
  8
0
  6
Continuous
100
AcDbLine
 39
0.0
 10
-4.0
 20
-7.0
 30
0.0
 11
-4.4053
 21
-4.1627
 31
0.0
  0
ARC
  5
C905
330
C901
100
AcDbEntity
  8
0
  6
Continuous
100
AcDbCircle
 10
0.0
 20
-68.25
 30
0.0
 40
64.25
100
AcDbArc
 50
93.9221
 51
97.1527
  0
ARC
  5
C906
330
C901
100
AcDbEntity
  8
0
  6
Continuous
100
AcDbCircle
 10
0.0
 20
-68.25
 30
0.0
 40
64.25
100
AcDbArc
 50
82.8473
 51
93.9221
  0
LINE
  5
C907
330
C901
100
AcDbEntity
  8
0
  6
Continuous
100
AcDbLine
 39
0.0
 10
-4.5
 20
-7.0
 30
0.0
 11
-4.9667
 21
-4.1995
 31
0.0
  0
LINE
  5
C908
330
C901
100
AcDbEntity
  8
0
  6
Continuous
100
AcDbLine
 39
0.0
 10
1.5
 20
-4.0501
 30
0.0
 11
1.5
 21
-7.0
 31
0.0
  0
LINE
  5
C909
330
C901
100
AcDbEntity
  8
0
  6
Continuous
100
AcDbLine
 39
0.0
 10
-1.0
 20
-7.0
 30
0.0
 11
-1.0
 21
-4.0501
 31
0.0
  0
LINE
  5
C90A
330
C901
100
AcDbEntity
  8
0
  6
Continuous
100
AcDbLine
 39
0.0
 10
-1.5
 20
-4.0501
 30
0.0
 11
-1.5
 21
-7.0
 31
0.0
  0
LINE
  5
C90B
330
C901
100
AcDbEntity
  8
0
  6
Continuous
100
AcDbLine
 39
0.0
 10
8.3107
 20
-7.4885
 30
0.0
 11
8.2345
 21
-7.0007
 31
0.0
  0
LINE
  5
C90C
330
C901
100
AcDbEntity
  8
0
  6
Continuous
100
AcDbLine
 39
0.0
 10
10.5
 20
-21.5
 30
0.0
 11
10.3575
 21
-20.588
 31
0.0
  0
LINE
  5
C90D
330
C901
100
AcDbEntity
  8
0
  6
Continuous
100
AcDbLine
 39
0.0
 10
-10.3664
 20
-20.6452
 30
0.0
 11
-10.5
 21
-21.5
 31
0.0
  0
LINE
  5
C90E
330
C901
100
AcDbEntity
  8
0
  6
Continuous
100
AcDbLine
 39
0.0
 10
-8.2343
 20
-6.9994
 30
0.0
 11
-8.3093
 21
-7.4796
 31
0.0
  0
LINE
  5
C90F
330
C901
100
AcDbEntity
  8
0
  6
Continuous
100
AcDbLine
 39
0.0
 10
-6.5
 20
-7.0
 30
0.0
 11
-7.0223
 21
-4.43
 31
0.0
  0
LINE
  5
C910
330
C901
100
AcDbEntity
  8
0
  6
Continuous
100
AcDbLine
 39
0.0
 10
4.0
 20
-7.0
 30
0.0
 11
4.4019
 21
-4.1869
 31
0.0
  0
LINE
  5
C911
330
C901
100
AcDbEntity
  8
0
  6
Continuous
100
AcDbLine
 39
0.0
 10
1.0
 20
-7.0
 30
0.0
 11
1.0
 21
-4.0465
 31
0.0
  0
LINE
  5
C912
330
C901
100
AcDbEntity
  8
0
  6
Continuous
100
AcDbLine
 39
0.0
 10
6.5
 20
-7.0
 30
0.0
 11
7.0
 21
-4.4057
 31
0.0
  0
ARC
  5
C913
330
C901
100
AcDbEntity
  8
0
  6
Continuous
100
AcDbCircle
 10
0.0
 20
-34.0833
 30
0.0
 40
34.0833
100
AcDbArc
 50
72.9385
 51
107.0615
  0
LINE
  5
C914
330
C901
100
AcDbEntity
  8
0
  6
Continuous
100
AcDbLine
 39
0.0
 10
8.0
 20
-4.5
 30
0.0
 11
10.0
 21
-1.5
 31
0.0
  0
LINE
  5
C915
330
C901
100
AcDbEntity
  8
0
  6
Continuous
100
AcDbLine
 39
0.0
 10
-8.0
 20
-4.5
 30
0.0
 11
-10.0
 21
-1.5
 31
0.0
  0
LINE
  5
C916
330
C901
100
AcDbEntity
  8
0
  6
Continuous
100
AcDbLine
 39
0.0
 10
7.5
 20
-4.5
 30
0.0
 11
7.0
 21
-7.0
 31
0.0
  0
LINE
  5
C917
330
C901
100
AcDbEntity
  8
0
  6
Continuous
100
AcDbLine
 39
0.0
 10
-7.5
 20
-4.5
 30
0.0
 11
-7.0
 21
-7.0
 31
0.0
  0
LINE
  5
C918
330
C901
100
AcDbEntity
  8
0
  6
Continuous
100
AcDbLine
 39
0.0
 10
8.0
 20
-26.5
 30
0.0
 11
7.5
 21
-22.5
 31
0.0
  0
LINE
  5
C919
330
C901
100
AcDbEntity
  8
0
  6
Continuous
100
AcDbLine
 39
0.0
 10
9.5
 20
-26.5
 30
0.0
 11
8.0
 21
-26.5
 31
0.0
  0
LINE
  5
C91A
330
C901
100
AcDbEntity
  8
0
  6
Continuous
100
AcDbLine
 39
0.0
 10
9.0
 20
-22.5
 30
0.0
 11
9.5
 21
-26.5
 31
0.0
  0
LINE
  5
C91B
330
C901
100
AcDbEntity
  8
0
  6
Continuous
100
AcDbLine
 39
0.0
 10
-8.0
 20
-26.5
 30
0.0
 11
-7.5
 21
-22.5
 31
0.0
  0
LINE
  5
C91C
330
C901
100
AcDbEntity
  8
0
  6
Continuous
100
AcDbLine
 39
0.0
 10
-9.5
 20
-26.5
 30
0.0
 11
-8.0
 21
-26.5
 31
0.0
  0
LINE
  5
C91D
330
C901
100
AcDbEntity
  8
0
  6
Continuous
100
AcDbLine
 39
0.0
 10
-9.0
 20
-22.5
 30
0.0
 11
-9.5
 21
-26.5
 31
0.0
  0
ARC
  5
C91E
330
C901
100
AcDbEntity
  8
0
  6
Continuous
100
AcDbCircle
 10
10.5
 20
-19.0
 30
0.0
 40
1.5811
100
AcDbArc
 50
161.5651
 51
18.435
  0
ARC
  5
C91F
330
C901
100
AcDbEntity
  8
0
  6
Continuous
100
AcDbCircle
 10
-10.5
 20
-19.0
 30
0.0
 40
1.5811
100
AcDbArc
 50
161.5651
 51
18.435
  0
LINE
  5
C920
330
C901
100
AcDbEntity
  8
0
  6
Continuous
100
AcDbLine
 39
0.0
 10
7.0
 20
-7.5
 30
0.0
 11
9.0
 21
-7.5
 31
0.0
  0
LINE
  5
C921
330
C901
100
AcDbEntity
  8
0
  6
Continuous
100
AcDbLine
 39
0.0
 10
9.0
 20
-18.5
 30
0.0
 11
7.0
 21
-7.5
 31
0.0
  0
LINE
  5
C922
330
C901
100
AcDbEntity
  8
0
  6
Continuous
100
AcDbLine
 39
0.0
 10
9.0
 20
-7.5
 30
0.0
 11
12.0
 21
-18.5
 31
0.0
  0
LINE
  5
C923
330
C901
100
AcDbEntity
  8
0
  6
Continuous
100
AcDbLine
 39
0.0
 10
-7.0
 20
-7.5
 30
0.0
 11
-9.0
 21
-7.5
 31
0.0
  0
LINE
  5
C924
330
C901
100
AcDbEntity
  8
0
  6
Continuous
100
AcDbLine
 39
0.0
 10
-9.0
 20
-18.5
 30
0.0
 11
-7.0
 21
-7.5
 31
0.0
  0
LINE
  5
C925
330
C901
100
AcDbEntity
  8
0
  6
Continuous
100
AcDbLine
 39
0.0
 10
-9.0
 20
-7.5
 30
0.0
 11
-12.0
 21
-18.5
 31
0.0
  0
ARC
  5
C926
330
C901
100
AcDbEntity
  8
0
  6
Continuous
100
AcDbCircle
 10
9.5
 20
-21.5
 30
0.0
 40
1.0
100
AcDbArc
 50
270.0
 51
0.0
  0
ARC
  5
C927
330
C901
100
AcDbEntity
  8
0
  6
Continuous
100
AcDbCircle
 10
-9.5
 20
-21.5
 30
0.0
 40
1.0
100
AcDbArc
 50
180.0
 51
270.0
  0
LINE
  5
C928
330
C901
100
AcDbEntity
  8
0
  6
Continuous
100
AcDbLine
 39
0.0
 10
0.0
 20
-22.5
 30
0.0
 11
-9.5
 21
-22.5
 31
0.0
  0
LINE
  5
C929
330
C901
100
AcDbEntity
  8
0
  6
Continuous
100
AcDbLine
 39
0.0
 10
0.0
 20
-22.5
 30
0.0
 11
9.5
 21
-22.5
 31
0.0
  0
LINE
  5
C92A
330
C901
100
AcDbEntity
  8
0
  6
Continuous
100
AcDbLine
 39
0.0
 10
-8.2304
 20
-7.0
 30
0.0
 11
8.2392
 21
-7.0
 31
0.0
  0
ENDBLK
  5
C92B
330
C901
100
AcDbEntity
  8
0
100
AcDbBlockEnd
  0
BLOCK
  5
C92F
330
C92C
100
AcDbEntity
  8
0
100
AcDbBlockBegin
  2
BED
 70
     0
 10
0.0
 20
0.0
 30
0.0
  3
BED
  1

  0
LINE
  5
C930
330
C92C
100
AcDbEntity
  8
0
  6
Continuous
100
AcDbLine
 39
0.0
 10
3183.8476
 20
1229.6734
 30
0.0
 11
3190.0883
 21
1229.6734
 31
0.0
  0
LINE
  5
C931
330
C92C
100
AcDbEntity
  8
0
  6
Continuous
100
AcDbLine
 39
0.0
 10
3183.8476
 20
1218.2133
 30
0.0
 11
3183.8476
 21
1229.6734
 31
0.0
  0
LINE
  5
C932
330
C92C
100
AcDbEntity
  8
0
  6
Continuous
100
AcDbLine
 39
0.0
 10
3208.8076
 20
1218.2133
 30
0.0
 11
3183.8476
 21
1218.2133
 31
0.0
  0
LINE
  5
C933
330
C92C
100
AcDbEntity
  8
0
  6
Continuous
100
AcDbLine
 39
0.0
 10
3208.8076
 20
1227.2734
 30
0.0
 11
3208.8076
 21
1218.2133
 31
0.0
  0
LINE
  5
C934
330
C92C
100
AcDbEntity
  8
0
  6
Continuous
100
AcDbLine
 39
0.0
 10
3211.6876
 20
1218.2133
 30
0.0
 11
3211.6876
 21
1227.2734
 31
0.0
  0
LINE
  5
C935
330
C92C
100
AcDbEntity
  8
0
  6
Continuous
100
AcDbLine
 39
0.0
 10
3236.6476
 20
1218.2133
 30
0.0
 11
3211.6876
 21
1218.2133
 31
0.0
  0
LINE
  5
C936
330
C92C
100
AcDbEntity
  8
0
  6
Continuous
100
AcDbLine
 39
0.0
 10
3236.6476
 20
1227.2734
 30
0.0
 11
3236.6476
 21
1218.2133
 31
0.0
  0
LINE
  5
C937
330
C92C
100
AcDbEntity
  8
0
  6
Continuous
100
AcDbLine
 39
0.0
 10
3174.2476
 20
1294.7733
 30
0.0
 11
3246.2476
 21
1294.7733
 31
0.0
  0
LINE
  5
C938
330
C92C
100
AcDbEntity
  8
0
  6
Continuous
100
AcDbLine
 39
0.0
 10
3246.2476
 20
1294.7733
 30
0.0
 11
3246.2476
 21
1216.7733
 31
0.0
  0
LINE
  5
C939
330
C92C
100
AcDbEntity
  8
0
  6
Continuous
100
AcDbLine
 39
0.0
 10
3192.4876
 20
1230.1534
 30
0.0
 11
3246.2476
 21
1230.1534
 31
0.0
  0
LINE
  5
C93A
330
C92C
100
AcDbEntity
  8
0
  6
Continuous
100
AcDbLine
 39
0.0
 10
3246.2476
 20
1227.2734
 30
0.0
 11
3192.4876
 21
1227.2734
 31
0.0
  0
LINE
  5
C93B
330
C92C
100
AcDbEntity
  8
0
  6
Continuous
100
AcDbLine
 39
0.0
 10
3246.2476
 20
1216.7733
 30
0.0
 11
3174.2476
 21
1216.7733
 31
0.0
  0
LINE
  5
C93C
330
C92C
100
AcDbEntity
  8
0
  6
Continuous
100
AcDbLine
 39
0.0
 10
3174.2476
 20
1216.7733
 30
0.0
 11
3174.2476
 21
1294.7733
 31
0.0
  0
LINE
  5
C93D
330
C92C
100
AcDbEntity
  8
0
  6
Continuous
100
AcDbLine
 39
0.0
 10
3174.2476
 20
1243.4928
 30
0.0
 11
3192.4876
 21
1227.2734
 31
0.0
  0
LINE
  5
C93E
330
C92C
100
AcDbEntity
  8
0
  6
Continuous
100
AcDbLine
 39
0.0
 10
3192.4876
 20
1243.4928
 30
0.0
 11
3174.2476
 21
1243.4928
 31
0.0
  0
LINE
  5
C93F
330
C92C
100
AcDbEntity
  8
0
  6
Continuous
100
AcDbLine
 39
0.0
 10
3192.4876
 20
1227.2734
 30
0.0
 11
3192.4876
 21
1243.4928
 31
0.0
  0
LWPOLYLINE
  5
C940
330
C92C
100
AcDbEntity
  8
0
100
AcDbPolyline
 90
        4
 70
     1
 43
0.0
 10
3156.2476
 20
1228.7733
 42
0.0
 10
3174.2476
 20
1228.7733
 42
0.0
 10
3174.2476
 20
1216.7733
 42
0.0
 10
3156.2476
 20
1216.7733
 42
0.0
  0
LWPOLYLINE
  5
C941
330
C92C
100
AcDbEntity
  8
0
100
AcDbPolyline
 90
        4
 70
     1
 43
0.0
 10
3267.8238
 20
1228.7733
 42
0.0
 10
3246.2476
 20
1228.7733
 42
0.0
 10
3246.2476
 20
1216.7733
 42
0.0
 10
3267.8238
 20
1216.7733
 42
0.0
  0
ENDBLK
  5
C942
330
C92C
100
AcDbEntity
  8
0
100
AcDbBlockEnd
  0
BLOCK
  5
C945
330
C943
100
AcDbEntity
  8
0
100
AcDbBlockBegin
  2
zd
 70
     0
 10
0.0
 20
0.0
 30
0.0
  3
zd
  1

  0
ARC
  5
C946
330
C943
100
AcDbEntity
  8
Bathroom fixtures
  6
ByBlock
100
AcDbCircle
 10
316.2314
 20
-169.9774
 30
0.0
 40
25.0
100
AcDbArc
 50
264.2811
 51
270.16
1001
AcDbBlockRepETag
1070
     1
1071
        0
1005
C946
  0
LWPOLYLINE
  5
C947
330
C943
100
AcDbEntity
  8
Bathroom fixtures
  6
ByBlock
100
AcDbPolyline
 90
        9
 70
     1
 43
0.0
 10
315.0
 20
195.0208
 42
0.0
 10
22.4343
 20
164.8355
 42
0.3844
 10
0.0
 20
139.9675
 42
0.0
 10
0.0
 20
-139.9675
 42
0.3839
 10
22.3902
 20
-164.8309
 42
0.0014
 10
313.7402
 20
-194.853
 42
0.1406
 10
560.2363
 20
-125.2155
 42
0.2597
 10
630.0
 20
0.0208
 42
0.2597
 10
560.2363
 20
125.2572
 42
0.1395
1001
AcDbBlockRepETag
1070
     1
1071
        1
1005
C947
  0
LWPOLYLINE
  5
C948
330
C943
100
AcDbEntity
  8
Bathroom fixtures
  6
ByBlock
100
AcDbPolyline
 90
        7
 70
     1
 43
0.0
 10
225.0
 20
64.872
 42
0.0
 10
225.0
 20
-64.8303
 42
0.423
 10
327.9769
 20
-164.786
 42
0.1319
 10
544.4457
 20
-99.7075
 42
0.2597
 10
600.0
 20
0.0208
 42
0.2597
 10
544.4457
 20
99.7492
 42
0.1319
 10
327.9769
 20
164.8276
 42
0.423
1001
AcDbBlockRepETag
1070
     1
1071
        2
1005
C948
  0
ENDBLK
  5
C949
330
C943
100
AcDbEntity
  8
0
100
AcDbBlockEnd
  0
BLOCK
  5
CD30
330
CD2F
100
AcDbEntity
  8
0
100
AcDbBlockBegin
  2
*D251
 70
     1
 10
0.0
 20
0.0
 30
0.0
  3
*D251
  1

  0
LINE
  5
CD63
330
CD2F
100
AcDbEntity
  8
0
100
AcDbLine
 39
0.0
 10
4471.2011
 20
785.4251
 30
0.0
 11
4446.9359
 21
785.4251
 31
0.0
  0
LINE
  5
CD64
330
CD2F
100
AcDbEntity
  8
0
100
AcDbLine
 39
0.0
 10
4471.2011
 20
281.4251
 30
0.0
 11
4446.9359
 21
281.4251
 31
0.0
  0
LINE
  5
CD65
330
CD2F
100
AcDbEntity
  8
0
 62
     3
100
AcDbLine
 39
0.0
 10
4449.9359
 20
785.4251
 30
0.0
 11
4449.9359
 21
539.6372
 31
0.0
  0
LINE
  5
CD66
330
CD2F
100
AcDbEntity
  8
0
 62
     3
100
AcDbLine
 39
0.0
 10
4449.9359
 20
281.4251
 30
0.0
 11
4449.9359
 21
527.2129
 31
0.0
  0
INSERT
  5
CD67
330
CD2F
100
AcDbEntity
  8
0
 62
     3
100
AcDbBlockReference
  2
_ArchTick
 10
4449.9359
 20
785.4251
 30
0.0
 41
4.0
 42
4.0
 43
4.0
 50
90.0
 70
     0
 71
     0
 44
0.0
 45
0.0
  0
INSERT
  5
CD68
330
CD2F
100
AcDbEntity
  8
0
 62
     3
100
AcDbBlockReference
  2
_ArchTick
 10
4449.9359
 20
281.4251
 30
0.0
 41
4.0
 42
4.0
 43
4.0
 50
270.0
 70
     0
 71
     0
 44
0.0
 45
0.0
  0
MTEXT
  5
CD69
330
CD2F
100
AcDbEntity
  8
0
 62
     0
100
AcDbMText
 10
4449.9359
 20
533.4251
 30
0.0
 40
6.0
 41
0.0
 50
0.0
 46
0.0
 71
     5
 72
     1
  1
42'
 11
0.0
 21
1.0
 31
0.0
 73
     1
 44
1.0
 90
        0
 75
     0
 78
     0
 79
     0
 48
0.0
 49
0.0
  0
POINT
  5
CD6A
330
CD2F
100
AcDbEntity
  8
Defpoints
 62
     0
100
AcDbPoint
 10
4475.2011
 20
785.4251
 30
0.0
  0
POINT
  5
CD6B
330
CD2F
100
AcDbEntity
  8
Defpoints
 62
     0
100
AcDbPoint
 10
4475.2011
 20
281.4251
 30
0.0
  0
POINT
  5
CD6C
330
CD2F
100
AcDbEntity
  8
Defpoints
 62
     0
100
AcDbPoint
 10
4449.9359
 20
281.4251
 30
0.0
  0
ENDBLK
  5
CD31
330
CD2F
100
AcDbEntity
  8
0
100
AcDbBlockEnd
  0
BLOCK
  5
CD3D
330
CD3C
100
AcDbEntity
  8
0
100
AcDbBlockBegin
  2
*D252
 70
     1
 10
0.0
 20
0.0
 30
0.0
  3
*D252
  1

  0
LINE
  5
CDEF
330
CD3C
100
AcDbEntity
  8
0
100
AcDbLine
 39
0.0
 10
4483.5761
 20
250.4251
 30
0.0
 11
4483.5761
 21
236.2605
 31
0.0
  0
LINE
  5
CDF0
330
CD3C
100
AcDbEntity
  8
0
100
AcDbLine
 39
0.0
 10
4604.2011
 20
250.4251
 30
0.0
 11
4604.2011
 21
236.2605
 31
0.0
  0
LINE
  5
CDF1
330
CD3C
100
AcDbEntity
  8
0
 62
     3
100
AcDbLine
 39
0.0
 10
4483.5761
 20
239.2605
 30
0.0
 11
4530.5898
 21
239.2605
 31
0.0
  0
LINE
  5
CDF2
330
CD3C
100
AcDbEntity
  8
0
 62
     3
100
AcDbLine
 39
0.0
 10
4604.2011
 20
239.2605
 30
0.0
 11
4557.1874
 21
239.2605
 31
0.0
  0
INSERT
  5
CDF3
330
CD3C
100
AcDbEntity
  8
0
 62
     3
100
AcDbBlockReference
  2
_ArchTick
 10
4483.5761
 20
239.2605
 30
0.0
 41
4.0
 42
4.0
 43
4.0
 50
180.0
 70
     0
 71
     0
 44
0.0
 45
0.0
  0
INSERT
  5
CDF4
330
CD3C
100
AcDbEntity
  8
0
 62
     3
100
AcDbBlockReference
  2
_ArchTick
 10
4604.2011
 20
239.2605
 30
0.0
 41
4.0
 42
4.0
 43
4.0
 50
0.0
 70
     0
 71
     0
 44
0.0
 45
0.0
  0
MTEXT
  5
CDF5
330
CD3C
100
AcDbEntity
  8
0
 62
     0
100
AcDbMText
 10
4543.8886
 20
239.2605
 30
0.0
 40
6.0
 41
0.0
 50
0.0
 46
0.0
 71
     5
 72
     1
  1
10'-0{\H1.000000x;\S3/4;}"
 73
     1
 44
1.0
 90
        0
 75
     0
 78
     0
 79
     0
 48
0.0
 49
0.0
  0
POINT
  5
CDF6
330
CD3C
100
AcDbEntity
  8
Defpoints
 62
     0
100
AcDbPoint
 10
4483.5761
 20
254.4251
 30
0.0
  0
POINT
  5
CDF7
330
CD3C
100
AcDbEntity
  8
Defpoints
 62
     0
100
AcDbPoint
 10
4604.2011
 20
254.4251
 30
0.0
  0
POINT
  5
CDF8
330
CD3C
100
AcDbEntity
  8
Defpoints
 62
     0
100
AcDbPoint
 10
4604.2011
 20
239.2605
 30
0.0
  0
ENDBLK
  5
CD3E
330
CD3C
100
AcDbEntity
  8
0
100
AcDbBlockEnd
  0
BLOCK
  5
CD4A
330
CD49
100
AcDbEntity
  8
0
100
AcDbBlockBegin
  2
*D253
 70
     1
 10
0.0
 20
0.0
 30
0.0
  3
*D253
  1

  0
LINE
  5
CE13
330
CD49
100
AcDbEntity
  8
0
100
AcDbLine
 39
0.0
 10
4613.2011
 20
250.4251
 30
0.0
 11
4613.2011
 21
236.0836
 31
0.0
  0
LINE
  5
CE14
330
CD49
100
AcDbEntity
  8
0
100
AcDbLine
 39
0.0
 10
4721.2011
 20
250.4251
 30
0.0
 11
4721.2011
 21
236.0836
 31
0.0
  0
LINE
  5
CE15
330
CD49
100
AcDbEntity
  8
0
 62
     3
100
AcDbLine
 39
0.0
 10
4613.2011
 20
239.0836
 30
0.0
 11
4663.4405
 21
239.0836
 31
0.0
  0
LINE
  5
CE16
330
CD49
100
AcDbEntity
  8
0
 62
     3
100
AcDbLine
 39
0.0
 10
4721.2011
 20
239.0836
 30
0.0
 11
4670.9617
 21
239.0836
 31
0.0
  0
INSERT
  5
CE17
330
CD49
100
AcDbEntity
  8
0
 62
     3
100
AcDbBlockReference
  2
_ArchTick
 10
4613.2011
 20
239.0836
 30
0.0
 41
4.0
 42
4.0
 43
4.0
 50
180.0
 70
     0
 71
     0
 44
0.0
 45
0.0
  0
INSERT
  5
CE18
330
CD49
100
AcDbEntity
  8
0
 62
     3
100
AcDbBlockReference
  2
_ArchTick
 10
4721.2011
 20
239.0836
 30
0.0
 41
4.0
 42
4.0
 43
4.0
 50
0.0
 70
     0
 71
     0
 44
0.0
 45
0.0
  0
MTEXT
  5
CE19
330
CD49
100
AcDbEntity
  8
0
 62
     0
100
AcDbMText
 10
4667.2011
 20
239.0836
 30
0.0
 40
6.0
 41
0.0
 50
0.0
 46
0.0
 71
     5
 72
     1
  1
9'
 73
     1
 44
1.0
 90
        0
 75
     0
 78
     0
 79
     0
 48
0.0
 49
0.0
  0
POINT
  5
CE1A
330
CD49
100
AcDbEntity
  8
Defpoints
 62
     0
100
AcDbPoint
 10
4613.2011
 20
254.4251
 30
0.0
  0
POINT
  5
CE1B
330
CD49
100
AcDbEntity
  8
Defpoints
 62
     0
100
AcDbPoint
 10
4721.2011
 20
254.4251
 30
0.0
  0
POINT
  5
CE1C
330
CD49
100
AcDbEntity
  8
Defpoints
 62
     0
100
AcDbPoint
 10
4721.2011
 20
239.0836
 30
0.0
  0
ENDBLK
  5
CD4B
330
CD49
100
AcDbEntity
  8
0
100
AcDbBlockEnd
  0
BLOCK
  5
CD57
330
CD56
100
AcDbEntity
  8
0
100
AcDbBlockBegin
  2
*D254
 70
     1
 10
0.0
 20
0.0
 30
0.0
  3
*D254
  1

  0
LINE
  5
CE1D
330
CD56
100
AcDbEntity
  8
0
100
AcDbLine
 39
0.0
 10
4730.2011
 20
250.4251
 30
0.0
 11
4730.2011
 21
235.8005
 31
0.0
  0
LINE
  5
CE1E
330
CD56
100
AcDbEntity
  8
0
100
AcDbLine
 39
0.0
 10
4850.2011
 20
250.4251
 30
0.0
 11
4850.2011
 21
235.8005
 31
0.0
  0
LINE
  5
CE1F
330
CD56
100
AcDbEntity
  8
0
 62
     3
100
AcDbLine
 39
0.0
 10
4730.2011
 20
238.8005
 30
0.0
 11
4784.3921
 21
238.8005
 31
0.0
  0
LINE
  5
CE20
330
CD56
100
AcDbEntity
  8
0
 62
     3
100
AcDbLine
 39
0.0
 10
4850.2011
 20
238.8005
 30
0.0
 11
4796.0101
 21
238.8005
 31
0.0
  0
INSERT
  5
CE21
330
CD56
100
AcDbEntity
  8
0
 62
     3
100
AcDbBlockReference
  2
_ArchTick
 10
4730.2011
 20
238.8005
 30
0.0
 41
4.0
 42
4.0
 43
4.0
 50
180.0
 70
     0
 71
     0
 44
0.0
 45
0.0
  0
INSERT
  5
CE22
330
CD56
100
AcDbEntity
  8
0
 62
     3
100
AcDbBlockReference
  2
_ArchTick
 10
4850.2011
 20
238.8005
 30
0.0
 41
4.0
 42
4.0
 43
4.0
 50
0.0
 70
     0
 71
     0
 44
0.0
 45
0.0
  0
MTEXT
  5
CE23
330
CD56
100
AcDbEntity
  8
0
 62
     0
100
AcDbMText
 10
4790.2011
 20
238.8005
 30
0.0
 40
6.0
 41
0.0
 50
0.0
 46
0.0
 71
     5
 72
     1
  1
10'
 73
     1
 44
1.0
 90
        0
 75
     0
 78
     0
 79
     0
 48
0.0
 49
0.0
  0
POINT
  5
CE24
330
CD56
100
AcDbEntity
  8
Defpoints
 62
     0
100
AcDbPoint
 10
4730.2011
 20
254.4251
 30
0.0
  0
POINT
  5
CE25
330
CD56
100
AcDbEntity
  8
Defpoints
 62
     0
100
AcDbPoint
 10
4850.2011
 20
254.4251
 30
0.0
  0
POINT
  5
CE26
330
CD56
100
AcDbEntity
  8
Defpoints
 62
     0
100
AcDbPoint
 10
4850.2011
 20
238.8005
 30
0.0
  0
ENDBLK
  5
CD58
330
CD56
100
AcDbEntity
  8
0
100
AcDbBlockEnd
  0
BLOCK
  5
CD6E
330
CD6D
100
AcDbEntity
  8
0
100
AcDbBlockBegin
  2
*D255
 70
     1
 10
0.0
 20
0.0
 30
0.0
  3
*D255
  1

  0
LINE
  5
CD70
330
CD6D
100
AcDbEntity
  8
0
100
AcDbLine
 39
0.0
 10
4838.2011
 20
627.6798
 30
0.0
 11
4838.2011
 21
631.8907
 31
0.0
  0
LINE
  5
CD71
330
CD6D
100
AcDbEntity
  8
0
100
AcDbLine
 39
0.0
 10
4850.2011
 20
627.6798
 30
0.0
 11
4850.2011
 21
631.8907
 31
0.0
  0
LINE
  5
CD72
330
CD6D
100
AcDbEntity
  8
0
 62
     3
100
AcDbLine
 39
0.0
 10
4838.2011
 20
628.8907
 30
0.0
 11
4840.7229
 21
628.8907
 31
0.0
  0
LINE
  5
CD73
330
CD6D
100
AcDbEntity
  8
0
 62
     3
100
AcDbLine
 39
0.0
 10
4850.2011
 20
628.8907
 30
0.0
 11
4847.6793
 21
628.8907
 31
0.0
  0
INSERT
  5
CD74
330
CD6D
100
AcDbEntity
  8
0
 62
     3
100
AcDbBlockReference
  2
_ArchTick
 10
4838.2011
 20
628.8907
 30
0.0
 41
4.0
 42
4.0
 43
4.0
 50
180.0
 70
     0
 71
     0
 44
0.0
 45
0.0
  0
INSERT
  5
CD75
330
CD6D
100
AcDbEntity
  8
0
 62
     3
100
AcDbBlockReference
  2
_ArchTick
 10
4850.2011
 20
628.8907
 30
0.0
 41
4.0
 42
4.0
 43
4.0
 50
0.0
 70
     0
 71
     0
 44
0.0
 45
0.0
  0
MTEXT
  5
CD76
330
CD6D
100
AcDbEntity
  8
0
 62
     0
100
AcDbMText
 10
4844.2011
 20
628.8907
 30
0.0
 40
6.0
 41
0.0
 50
0.0
 46
0.0
 71
     5
 72
     1
  1
1'
 73
     1
 44
1.0
 90
        0
 75
     0
 78
     0
 79
     0
 48
0.0
 49
0.0
  0
POINT
  5
CD77
330
CD6D
100
AcDbEntity
  8
Defpoints
 62
     0
100
AcDbPoint
 10
4838.2011
 20
623.6798
 30
0.0
  0
POINT
  5
CD78
330
CD6D
100
AcDbEntity
  8
Defpoints
 62
     0
100
AcDbPoint
 10
4850.2011
 20
623.6798
 30
0.0
  0
POINT
  5
CD79
330
CD6D
100
AcDbEntity
  8
Defpoints
 62
     0
100
AcDbPoint
 10
4850.2011
 20
628.8907
 30
0.0
  0
ENDBLK
  5
CD6F
330
CD6D
100
AcDbEntity
  8
0
100
AcDbBlockEnd
  0
BLOCK
  5
CD7B
330
CD7A
100
AcDbEntity
  8
0
100
AcDbBlockBegin
  2
*D256
 70
     1
 10
0.0
 20
0.0
 30
0.0
  3
*D256
  1

  0
LINE
  5
CD7D
330
CD7A
100
AcDbEntity
  8
0
100
AcDbLine
 39
0.0
 10
4834.2011
 20
623.6798
 30
0.0
 11
4830.3507
 21
623.6798
 31
0.0
  0
LINE
  5
CD7E
330
CD7A
100
AcDbEntity
  8
0
100
AcDbLine
 39
0.0
 10
4834.2011
 20
551.6798
 30
0.0
 11
4830.3507
 21
551.6798
 31
0.0
  0
LINE
  5
CD7F
330
CD7A
100
AcDbEntity
  8
0
 62
     3
100
AcDbLine
 39
0.0
 10
4833.3507
 20
623.6798
 30
0.0
 11
4833.3507
 21
591.4567
 31
0.0
  0
LINE
  5
CD80
330
CD7A
100
AcDbEntity
  8
0
 62
     3
100
AcDbLine
 39
0.0
 10
4833.3507
 20
551.6798
 30
0.0
 11
4833.3507
 21
583.9029
 31
0.0
  0
INSERT
  5
CD81
330
CD7A
100
AcDbEntity
  8
0
 62
     3
100
AcDbBlockReference
  2
_ArchTick
 10
4833.3507
 20
623.6798
 30
0.0
 41
4.0
 42
4.0
 43
4.0
 50
90.0
 70
     0
 71
     0
 44
0.0
 45
0.0
  0
INSERT
  5
CD82
330
CD7A
100
AcDbEntity
  8
0
 62
     3
100
AcDbBlockReference
  2
_ArchTick
 10
4833.3507
 20
551.6798
 30
0.0
 41
4.0
 42
4.0
 43
4.0
 50
270.0
 70
     0
 71
     0
 44
0.0
 45
0.0
  0
MTEXT
  5
CD83
330
CD7A
100
AcDbEntity
  8
0
 62
     0
100
AcDbMText
 10
4833.3507
 20
587.6798
 30
0.0
 40
6.0
 41
0.0
 50
0.0
 46
0.0
 71
     5
 72
     1
  1
6'
 11
0.0
 21
1.0
 31
0.0
 73
     1
 44
1.0
 90
        0
 75
     0
 78
     0
 79
     0
 48
0.0
 49
0.0
  0
POINT
  5
CD84
330
CD7A
100
AcDbEntity
  8
Defpoints
 62
     0
100
AcDbPoint
 10
4838.2011
 20
623.6798
 30
0.0
  0
POINT
  5
CD85
330
CD7A
100
AcDbEntity
  8
Defpoints
 62
     0
100
AcDbPoint
 10
4838.2011
 20
551.6798
 30
0.0
  0
POINT
  5
CD86
330
CD7A
100
AcDbEntity
  8
Defpoints
 62
     0
100
AcDbPoint
 10
4833.3507
 20
551.6798
 30
0.0
  0
ENDBLK
  5
CD7C
330
CD7A
100
AcDbEntity
  8
0
100
AcDbBlockEnd
  0
BLOCK
  5
CD88
330
CD87
100
AcDbEntity
  8
0
100
AcDbBlockBegin
  2
*D257
 70
     1
 10
0.0
 20
0.0
 30
0.0
  3
*D257
  1

  0
LINE
  5
CD8A
330
CD87
100
AcDbEntity
  8
0
100
AcDbLine
 39
0.0
 10
4484.2011
 20
780.4251
 30
0.0
 11
4484.2011
 21
800.6596
 31
0.0
  0
LINE
  5
CD8B
330
CD87
100
AcDbEntity
  8
0
100
AcDbLine
 39
0.0
 10
4627.7011
 20
780.4251
 30
0.0
 11
4627.7011
 21
800.6596
 31
0.0
  0
LINE
  5
CD8C
330
CD87
100
AcDbEntity
  8
0
 62
     3
100
AcDbLine
 39
0.0
 10
4484.2011
 20
797.6596
 30
0.0
 11
4540.4095
 21
797.6596
 31
0.0
  0
LINE
  5
CD8D
330
CD87
100
AcDbEntity
  8
0
 62
     3
100
AcDbLine
 39
0.0
 10
4627.7011
 20
797.6596
 30
0.0
 11
4571.4927
 21
797.6596
 31
0.0
  0
INSERT
  5
CD8E
330
CD87
100
AcDbEntity
  8
0
 62
     3
100
AcDbBlockReference
  2
_ArchTick
 10
4484.2011
 20
797.6596
 30
0.0
 41
4.0
 42
4.0
 43
4.0
 50
180.0
 70
     0
 71
     0
 44
0.0
 45
0.0
  0
INSERT
  5
CD8F
330
CD87
100
AcDbEntity
  8
0
 62
     3
100
AcDbBlockReference
  2
_ArchTick
 10
4627.7011
 20
797.6596
 30
0.0
 41
4.0
 42
4.0
 43
4.0
 50
0.0
 70
     0
 71
     0
 44
0.0
 45
0.0
  0
MTEXT
  5
CD90
330
CD87
100
AcDbEntity
  8
0
 62
     0
100
AcDbMText
 10
4555.9511
 20
797.6596
 30
0.0
 40
6.0
 41
0.0
 50
0.0
 46
0.0
 71
     5
 72
     1
  1
11'-11{\H1.000000x;\S1/2;}"
 73
     1
 44
1.0
 90
        0
 75
     0
 78
     0
 79
     0
 48
0.0
 49
0.0
  0
POINT
  5
CD91
330
CD87
100
AcDbEntity
  8
Defpoints
 62
     0
100
AcDbPoint
 10
4484.2011
 20
776.4251
 30
0.0
  0
POINT
  5
CD92
330
CD87
100
AcDbEntity
  8
Defpoints
 62
     0
100
AcDbPoint
 10
4627.7011
 20
776.4251
 30
0.0
  0
POINT
  5
CD93
330
CD87
100
AcDbEntity
  8
Defpoints
 62
     0
100
AcDbPoint
 10
4627.7011
 20
797.6596
 30
0.0
  0
ENDBLK
  5
CD89
330
CD87
100
AcDbEntity
  8
0
100
AcDbBlockEnd
  0
BLOCK
  5
CD95
330
CD94
100
AcDbEntity
  8
0
100
AcDbBlockBegin
  2
*D258
 70
     1
 10
0.0
 20
0.0
 30
0.0
  3
*D258
  1

  0
LINE
  5
CD97
330
CD94
100
AcDbEntity
  8
0
100
AcDbLine
 39
0.0
 10
4632.2011
 20
780.4251
 30
0.0
 11
4632.2011
 21
800.3466
 31
0.0
  0
LINE
  5
CD98
330
CD94
100
AcDbEntity
  8
0
100
AcDbLine
 39
0.0
 10
4761.7011
 20
780.4251
 30
0.0
 11
4761.7011
 21
800.3466
 31
0.0
  0
LINE
  5
CD99
330
CD94
100
AcDbEntity
  8
0
 62
     3
100
AcDbLine
 39
0.0
 10
4632.2011
 20
797.3466
 30
0.0
 11
4683.7403
 21
797.3466
 31
0.0
  0
LINE
  5
CD9A
330
CD94
100
AcDbEntity
  8
0
 62
     3
100
AcDbLine
 39
0.0
 10
4761.7011
 20
797.3466
 30
0.0
 11
4710.1619
 21
797.3466
 31
0.0
  0
INSERT
  5
CD9B
330
CD94
100
AcDbEntity
  8
0
 62
     3
100
AcDbBlockReference
  2
_ArchTick
 10
4632.2011
 20
797.3466
 30
0.0
 41
4.0
 42
4.0
 43
4.0
 50
180.0
 70
     0
 71
     0
 44
0.0
 45
0.0
  0
INSERT
  5
CD9C
330
CD94
100
AcDbEntity
  8
0
 62
     3
100
AcDbBlockReference
  2
_ArchTick
 10
4761.7011
 20
797.3466
 30
0.0
 41
4.0
 42
4.0
 43
4.0
 50
0.0
 70
     0
 71
     0
 44
0.0
 45
0.0
  0
MTEXT
  5
CD9D
330
CD94
100
AcDbEntity
  8
0
 62
     0
100
AcDbMText
 10
4696.9511
 20
797.3466
 30
0.0
 40
6.0
 41
0.0
 50
0.0
 46
0.0
 71
     5
 72
     1
  1
10'-9{\H1.000000x;\S1/2;}"
 73
     1
 44
1.0
 90
        0
 75
     0
 78
     0
 79
     0
 48
0.0
 49
0.0
  0
POINT
  5
CD9E
330
CD94
100
AcDbEntity
  8
Defpoints
 62
     0
100
AcDbPoint
 10
4632.2011
 20
776.4251
 30
0.0
  0
POINT
  5
CD9F
330
CD94
100
AcDbEntity
  8
Defpoints
 62
     0
100
AcDbPoint
 10
4761.7011
 20
776.4251
 30
0.0
  0
POINT
  5
CDA0
330
CD94
100
AcDbEntity
  8
Defpoints
 62
     0
100
AcDbPoint
 10
4761.7011
 20
797.3466
 30
0.0
  0
ENDBLK
  5
CD96
330
CD94
100
AcDbEntity
  8
0
100
AcDbBlockEnd
  0
BLOCK
  5
CDA2
330
CDA1
100
AcDbEntity
  8
0
100
AcDbBlockBegin
  2
*D259
 70
     1
 10
0.0
 20
0.0
 30
0.0
  3
*D259
  1

  0
LINE
  5
CDA4
330
CDA1
100
AcDbEntity
  8
0
100
AcDbLine
 39
0.0
 10
4766.2011
 20
780.4251
 30
0.0
 11
4766.2011
 21
800.0705
 31
0.0
  0
LINE
  5
CDA5
330
CDA1
100
AcDbEntity
  8
0
100
AcDbLine
 39
0.0
 10
4850.2011
 20
780.4251
 30
0.0
 11
4850.2011
 21
800.0705
 31
0.0
  0
LINE
  5
CDA6
330
CDA1
100
AcDbEntity
  8
0
 62
     3
100
AcDbLine
 39
0.0
 10
4766.2011
 20
797.0705
 30
0.0
 11
4804.4651
 21
797.0705
 31
0.0
  0
LINE
  5
CDA7
330
CDA1
100
AcDbEntity
  8
0
 62
     3
100
AcDbLine
 39
0.0
 10
4850.2011
 20
797.0705
 30
0.0
 11
4811.9371
 21
797.0705
 31
0.0
  0
INSERT
  5
CDA8
330
CDA1
100
AcDbEntity
  8
0
 62
     3
100
AcDbBlockReference
  2
_ArchTick
 10
4766.2011
 20
797.0705
 30
0.0
 41
4.0
 42
4.0
 43
4.0
 50
180.0
 70
     0
 71
     0
 44
0.0
 45
0.0
  0
INSERT
  5
CDA9
330
CDA1
100
AcDbEntity
  8
0
 62
     3
100
AcDbBlockReference
  2
_ArchTick
 10
4850.2011
 20
797.0705
 30
0.0
 41
4.0
 42
4.0
 43
4.0
 50
0.0
 70
     0
 71
     0
 44
0.0
 45
0.0
  0
MTEXT
  5
CDAA
330
CDA1
100
AcDbEntity
  8
0
 62
     0
100
AcDbMText
 10
4808.2011
 20
797.0705
 30
0.0
 40
6.0
 41
0.0
 50
0.0
 46
0.0
 71
     5
 72
     1
  1
7'
 73
     1
 44
1.0
 90
        0
 75
     0
 78
     0
 79
     0
 48
0.0
 49
0.0
  0
POINT
  5
CDAB
330
CDA1
100
AcDbEntity
  8
Defpoints
 62
     0
100
AcDbPoint
 10
4766.2011
 20
776.4251
 30
0.0
  0
POINT
  5
CDAC
330
CDA1
100
AcDbEntity
  8
Defpoints
 62
     0
100
AcDbPoint
 10
4850.2011
 20
776.4251
 30
0.0
  0
POINT
  5
CDAD
330
CDA1
100
AcDbEntity
  8
Defpoints
 62
     0
100
AcDbPoint
 10
4850.2011
 20
797.0705
 30
0.0
  0
ENDBLK
  5
CDA3
330
CDA1
100
AcDbEntity
  8
0
100
AcDbBlockEnd
  0
BLOCK
  5
CDAF
330
CDAE
100
AcDbEntity
  8
0
100
AcDbBlockBegin
  2
*D260
 70
     1
 10
0.0
 20
0.0
 30
0.0
  3
*D260
  1

  0
LINE
  5
CDB1
330
CDAE
100
AcDbEntity
  8
0
100
AcDbLine
 39
0.0
 10
4475.2011
 20
789.4251
 30
0.0
 11
4475.2011
 21
810.1025
 31
0.0
  0
LINE
  5
CDB2
330
CDAE
100
AcDbEntity
  8
0
100
AcDbLine
 39
0.0
 10
4859.2011
 20
789.4251
 30
0.0
 11
4859.2011
 21
810.1025
 31
0.0
  0
LINE
  5
CDB3
330
CDAE
100
AcDbEntity
  8
0
 62
     3
100
AcDbLine
 39
0.0
 10
4475.2011
 20
807.1025
 30
0.0
 11
4661.1117
 21
807.1025
 31
0.0
  0
LINE
  5
CDB4
330
CDAE
100
AcDbEntity
  8
0
 62
     3
100
AcDbLine
 39
0.0
 10
4859.2011
 20
807.1025
 30
0.0
 11
4673.2904
 21
807.1025
 31
0.0
  0
INSERT
  5
CDB5
330
CDAE
100
AcDbEntity
  8
0
 62
     3
100
AcDbBlockReference
  2
_ArchTick
 10
4475.2011
 20
807.1025
 30
0.0
 41
4.0
 42
4.0
 43
4.0
 50
180.0
 70
     0
 71
     0
 44
0.0
 45
0.0
  0
INSERT
  5
CDB6
330
CDAE
100
AcDbEntity
  8
0
 62
     3
100
AcDbBlockReference
  2
_ArchTick
 10
4859.2011
 20
807.1025
 30
0.0
 41
4.0
 42
4.0
 43
4.0
 50
0.0
 70
     0
 71
     0
 44
0.0
 45
0.0
  0
MTEXT
  5
CDB7
330
CDAE
100
AcDbEntity
  8
0
 62
     0
100
AcDbMText
 10
4667.2011
 20
807.1025
 30
0.0
 40
6.0
 41
0.0
 50
0.0
 46
0.0
 71
     5
 72
     1
  1
32'
 73
     1
 44
1.0
 90
        0
 75
     0
 78
     0
 79
     0
 48
0.0
 49
0.0
  0
POINT
  5
CDB8
330
CDAE
100
AcDbEntity
  8
Defpoints
 62
     0
100
AcDbPoint
 10
4475.2011
 20
785.4251
 30
0.0
  0
POINT
  5
CDB9
330
CDAE
100
AcDbEntity
  8
Defpoints
 62
     0
100
AcDbPoint
 10
4859.2011
 20
785.4251
 30
0.0
  0
POINT
  5
CDBA
330
CDAE
100
AcDbEntity
  8
Defpoints
 62
     0
100
AcDbPoint
 10
4859.2011
 20
807.1025
 30
0.0
  0
ENDBLK
  5
CDB0
330
CDAE
100
AcDbEntity
  8
0
100
AcDbBlockEnd
  0
BLOCK
  5
CDBC
330
CDBB
100
AcDbEntity
  8
0
100
AcDbBlockBegin
  2
*D261
 70
     1
 10
0.0
 20
0.0
 30
0.0
  3
*D261
  1

  0
LINE
  5
CDBE
330
CDBB
100
AcDbEntity
  8
0
100
AcDbLine
 39
0.0
 10
4480.2011
 20
776.4251
 30
0.0
 11
4459.6696
 21
776.4251
 31
0.0
  0
LINE
  5
CDBF
330
CDBB
100
AcDbEntity
  8
0
100
AcDbLine
 39
0.0
 10
4480.2011
 20
632.4251
 30
0.0
 11
4459.6696
 21
632.4251
 31
0.0
  0
LINE
  5
CDC0
330
CDBB
100
AcDbEntity
  8
0
 62
     3
100
AcDbLine
 39
0.0
 10
4462.6696
 20
776.4251
 30
0.0
 11
4462.6696
 21
710.2341
 31
0.0
  0
LINE
  5
CDC1
330
CDBB
100
AcDbEntity
  8
0
 62
     3
100
AcDbLine
 39
0.0
 10
4462.6696
 20
632.4251
 30
0.0
 11
4462.6696
 21
698.616
 31
0.0
  0
INSERT
  5
CDC2
330
CDBB
100
AcDbEntity
  8
0
 62
     3
100
AcDbBlockReference
  2
_ArchTick
 10
4462.6696
 20
776.4251
 30
0.0
 41
4.0
 42
4.0
 43
4.0
 50
90.0
 70
     0
 71
     0
 44
0.0
 45
0.0
  0
INSERT
  5
CDC3
330
CDBB
100
AcDbEntity
  8
0
 62
     3
100
AcDbBlockReference
  2
_ArchTick
 10
4462.6696
 20
632.4251
 30
0.0
 41
4.0
 42
4.0
 43
4.0
 50
270.0
 70
     0
 71
     0
 44
0.0
 45
0.0
  0
MTEXT
  5
CDC4
330
CDBB
100
AcDbEntity
  8
0
 62
     0
100
AcDbMText
 10
4462.6696
 20
704.4251
 30
0.0
 40
6.0
 41
0.0
 50
0.0
 46
0.0
 71
     5
 72
     1
  1
12'
 11
0.0
 21
1.0
 31
0.0
 73
     1
 44
1.0
 90
        0
 75
     0
 78
     0
 79
     0
 48
0.0
 49
0.0
  0
POINT
  5
CDC5
330
CDBB
100
AcDbEntity
  8
Defpoints
 62
     0
100
AcDbPoint
 10
4484.2011
 20
776.4251
 30
0.0
  0
POINT
  5
CDC6
330
CDBB
100
AcDbEntity
  8
Defpoints
 62
     0
100
AcDbPoint
 10
4484.2011
 20
632.4251
 30
0.0
  0
POINT
  5
CDC7
330
CDBB
100
AcDbEntity
  8
Defpoints
 62
     0
100
AcDbPoint
 10
4462.6696
 20
632.4251
 30
0.0
  0
ENDBLK
  5
CDBD
330
CDBB
100
AcDbEntity
  8
0
100
AcDbBlockEnd
  0
BLOCK
  5
CDC9
330
CDC8
100
AcDbEntity
  8
0
100
AcDbBlockBegin
  2
*D262
 70
     1
 10
0.0
 20
0.0
 30
0.0
  3
*D262
  1

  0
LINE
  5
CDCB
330
CDC8
100
AcDbEntity
  8
0
100
AcDbLine
 39
0.0
 10
4480.2011
 20
627.9251
 30
0.0
 11
4459.6696
 21
627.9251
 31
0.0
  0
LINE
  5
CDCC
330
CDC8
100
AcDbEntity
  8
0
100
AcDbLine
 39
0.0
 10
4480.2011
 20
567.9251
 30
0.0
 11
4459.6696
 21
567.9251
 31
0.0
  0
LINE
  5
CDCD
330
CDC8
100
AcDbEntity
  8
0
 62
     3
100
AcDbLine
 39
0.0
 10
4462.6696
 20
627.9251
 30
0.0
 11
4462.6696
 21
601.6856
 31
0.0
  0
LINE
  5
CDCE
330
CDC8
100
AcDbEntity
  8
0
 62
     3
100
AcDbLine
 39
0.0
 10
4462.6696
 20
567.9251
 30
0.0
 11
4462.6696
 21
594.1645
 31
0.0
  0
INSERT
  5
CDCF
330
CDC8
100
AcDbEntity
  8
0
 62
     3
100
AcDbBlockReference
  2
_ArchTick
 10
4462.6696
 20
627.9251
 30
0.0
 41
4.0
 42
4.0
 43
4.0
 50
90.0
 70
     0
 71
     0
 44
0.0
 45
0.0
  0
INSERT
  5
CDD0
330
CDC8
100
AcDbEntity
  8
0
 62
     3
100
AcDbBlockReference
  2
_ArchTick
 10
4462.6696
 20
567.9251
 30
0.0
 41
4.0
 42
4.0
 43
4.0
 50
270.0
 70
     0
 71
     0
 44
0.0
 45
0.0
  0
MTEXT
  5
CDD1
330
CDC8
100
AcDbEntity
  8
0
 62
     0
100
AcDbMText
 10
4462.6696
 20
597.9251
 30
0.0
 40
6.0
 41
0.0
 50
0.0
 46
0.0
 71
     5
 72
     1
  1
5'
 11
0.0
 21
1.0
 31
0.0
 73
     1
 44
1.0
 90
        0
 75
     0
 78
     0
 79
     0
 48
0.0
 49
0.0
  0
POINT
  5
CDD2
330
CDC8
100
AcDbEntity
  8
Defpoints
 62
     0
100
AcDbPoint
 10
4484.2011
 20
627.9251
 30
0.0
  0
POINT
  5
CDD3
330
CDC8
100
AcDbEntity
  8
Defpoints
 62
     0
100
AcDbPoint
 10
4484.2011
 20
567.9251
 30
0.0
  0
POINT
  5
CDD4
330
CDC8
100
AcDbEntity
  8
Defpoints
 62
     0
100
AcDbPoint
 10
4462.6696
 20
567.9251
 30
0.0
  0
ENDBLK
  5
CDCA
330
CDC8
100
AcDbEntity
  8
0
100
AcDbBlockEnd
  0
BLOCK
  5
CDD6
330
CDD5
100
AcDbEntity
  8
0
100
AcDbBlockBegin
  2
*D263
 70
     1
 10
0.0
 20
0.0
 30
0.0
  3
*D263
  1

  0
LINE
  5
CDD8
330
CDD5
100
AcDbEntity
  8
0
100
AcDbLine
 39
0.0
 10
4480.2011
 20
563.4251
 30
0.0
 11
4459.6612
 21
563.4251
 31
0.0
  0
LINE
  5
CDD9
330
CDD5
100
AcDbEntity
  8
0
100
AcDbLine
 39
0.0
 10
4480.2011
 20
419.4251
 30
0.0
 11
4459.6612
 21
419.4251
 31
0.0
  0
LINE
  5
CDDA
330
CDD5
100
AcDbEntity
  8
0
 62
     3
100
AcDbLine
 39
0.0
 10
4462.6612
 20
563.4251
 30
0.0
 11
4462.6612
 21
497.2341
 31
0.0
  0
LINE
  5
CDDB
330
CDD5
100
AcDbEntity
  8
0
 62
     3
100
AcDbLine
 39
0.0
 10
4462.6612
 20
419.4251
 30
0.0
 11
4462.6612
 21
485.616
 31
0.0
  0
INSERT
  5
CDDC
330
CDD5
100
AcDbEntity
  8
0
 62
     3
100
AcDbBlockReference
  2
_ArchTick
 10
4462.6612
 20
563.4251
 30
0.0
 41
4.0
 42
4.0
 43
4.0
 50
90.0
 70
     0
 71
     0
 44
0.0
 45
0.0
  0
INSERT
  5
CDDD
330
CDD5
100
AcDbEntity
  8
0
 62
     3
100
AcDbBlockReference
  2
_ArchTick
 10
4462.6612
 20
419.4251
 30
0.0
 41
4.0
 42
4.0
 43
4.0
 50
270.0
 70
     0
 71
     0
 44
0.0
 45
0.0
  0
MTEXT
  5
CDDE
330
CDD5
100
AcDbEntity
  8
0
 62
     0
100
AcDbMText
 10
4462.6612
 20
491.4251
 30
0.0
 40
6.0
 41
0.0
 50
0.0
 46
0.0
 71
     5
 72
     1
  1
12'
 11
0.0
 21
1.0
 31
0.0
 73
     1
 44
1.0
 90
        0
 75
     0
 78
     0
 79
     0
 48
0.0
 49
0.0
  0
POINT
  5
CDDF
330
CDD5
100
AcDbEntity
  8
Defpoints
 62
     0
100
AcDbPoint
 10
4484.2011
 20
563.4251
 30
0.0
  0
POINT
  5
CDE0
330
CDD5
100
AcDbEntity
  8
Defpoints
 62
     0
100
AcDbPoint
 10
4484.2011
 20
419.4251
 30
0.0
  0
POINT
  5
CDE1
330
CDD5
100
AcDbEntity
  8
Defpoints
 62
     0
100
AcDbPoint
 10
4462.6612
 20
419.4251
 30
0.0
  0
ENDBLK
  5
CDD7
330
CDD5
100
AcDbEntity
  8
0
100
AcDbBlockEnd
  0
BLOCK
  5
CDE3
330
CDE2
100
AcDbEntity
  8
0
100
AcDbBlockBegin
  2
*D264
 70
     1
 10
0.0
 20
0.0
 30
0.0
  3
*D264
  1

  0
LINE
  5
CDE5
330
CDE2
100
AcDbEntity
  8
0
100
AcDbLine
 39
0.0
 10
4480.2011
 20
410.4251
 30
0.0
 11
4459.9816
 21
410.4251
 31
0.0
  0
LINE
  5
CDE6
330
CDE2
100
AcDbEntity
  8
0
100
AcDbLine
 39
0.0
 10
4480.2011
 20
290.4251
 30
0.0
 11
4459.9816
 21
290.4251
 31
0.0
  0
LINE
  5
CDE7
330
CDE2
100
AcDbEntity
  8
0
 62
     3
100
AcDbLine
 39
0.0
 10
4462.9816
 20
410.4251
 30
0.0
 11
4462.9816
 21
356.2341
 31
0.0
  0
LINE
  5
CDE8
330
CDE2
100
AcDbEntity
  8
0
 62
     3
100
AcDbLine
 39
0.0
 10
4462.9816
 20
290.4251
 30
0.0
 11
4462.9816
 21
344.616
 31
0.0
  0
INSERT
  5
CDE9
330
CDE2
100
AcDbEntity
  8
0
 62
     3
100
AcDbBlockReference
  2
_ArchTick
 10
4462.9816
 20
410.4251
 30
0.0
 41
4.0
 42
4.0
 43
4.0
 50
90.0
 70
     0
 71
     0
 44
0.0
 45
0.0
  0
INSERT
  5
CDEA
330
CDE2
100
AcDbEntity
  8
0
 62
     3
100
AcDbBlockReference
  2
_ArchTick
 10
4462.9816
 20
290.4251
 30
0.0
 41
4.0
 42
4.0
 43
4.0
 50
270.0
 70
     0
 71
     0
 44
0.0
 45
0.0
  0
MTEXT
  5
CDEB
330
CDE2
100
AcDbEntity
  8
0
 62
     0
100
AcDbMText
 10
4462.9816
 20
350.4251
 30
0.0
 40
6.0
 41
0.0
 50
0.0
 46
0.0
 71
     5
 72
     1
  1
10'
 11
0.0
 21
1.0
 31
0.0
 73
     1
 44
1.0
 90
        0
 75
     0
 78
     0
 79
     0
 48
0.0
 49
0.0
  0
POINT
  5
CDEC
330
CDE2
100
AcDbEntity
  8
Defpoints
 62
     0
100
AcDbPoint
 10
4484.2011
 20
410.4251
 30
0.0
  0
POINT
  5
CDED
330
CDE2
100
AcDbEntity
  8
Defpoints
 62
     0
100
AcDbPoint
 10
4484.2011
 20
290.4251
 30
0.0
  0
POINT
  5
CDEE
330
CDE2
100
AcDbEntity
  8
Defpoints
 62
     0
100
AcDbPoint
 10
4462.9816
 20
290.4251
 30
0.0
  0
ENDBLK
  5
CDE4
330
CDE2
100
AcDbEntity
  8
0
100
AcDbBlockEnd
  0
BLOCK
  5
CDFA
330
CDF9
100
AcDbEntity
  8
0
100
AcDbBlockBegin
  2
*D265
 70
     1
 10
0.0
 20
0.0
 30
0.0
  3
*D265
  1

  0
LINE
  5
CDFC
330
CDF9
100
AcDbEntity
  8
0
100
AcDbLine
 39
0.0
 10
4471.2011
 20
278.4251
 30
0.0
 11
4462.5204
 21
278.4251
 31
0.0
  0
LINE
  5
CDFD
330
CDF9
100
AcDbEntity
  8
0
100
AcDbLine
 39
0.0
 10
4471.2011
 20
266.4251
 30
0.0
 11
4462.5204
 21
266.4251
 31
0.0
  0
LINE
  5
CDFE
330
CDF9
100
AcDbEntity
  8
0
 62
     3
100
AcDbLine
 39
0.0
 10
4465.5204
 20
278.4251
 30
0.0
 11
4465.5204
 21
275.9032
 31
0.0
  0
LINE
  5
CDFF
330
CDF9
100
AcDbEntity
  8
0
 62
     3
100
AcDbLine
 39
0.0
 10
4465.5204
 20
266.4251
 30
0.0
 11
4465.5204
 21
268.9469
 31
0.0
  0
INSERT
  5
CE00
330
CDF9
100
AcDbEntity
  8
0
 62
     3
100
AcDbBlockReference
  2
_ArchTick
 10
4465.5204
 20
278.4251
 30
0.0
 41
4.0
 42
4.0
 43
4.0
 50
90.0
 70
     0
 71
     0
 44
0.0
 45
0.0
  0
INSERT
  5
CE01
330
CDF9
100
AcDbEntity
  8
0
 62
     3
100
AcDbBlockReference
  2
_ArchTick
 10
4465.5204
 20
266.4251
 30
0.0
 41
4.0
 42
4.0
 43
4.0
 50
270.0
 70
     0
 71
     0
 44
0.0
 45
0.0
  0
MTEXT
  5
CE02
330
CDF9
100
AcDbEntity
  8
0
 62
     0
100
AcDbMText
 10
4465.5204
 20
272.4251
 30
0.0
 40
6.0
 41
0.0
 50
0.0
 46
0.0
 71
     5
 72
     1
  1
1'
 11
0.0
 21
1.0
 31
0.0
 73
     1
 44
1.0
 90
        0
 75
     0
 78
     0
 79
     0
 48
0.0
 49
0.0
  0
POINT
  5
CE03
330
CDF9
100
AcDbEntity
  8
Defpoints
 62
     0
100
AcDbPoint
 10
4475.2011
 20
278.4251
 30
0.0
  0
POINT
  5
CE04
330
CDF9
100
AcDbEntity
  8
Defpoints
 62
     0
100
AcDbPoint
 10
4475.2011
 20
266.4251
 30
0.0
  0
POINT
  5
CE05
330
CDF9
100
AcDbEntity
  8
Defpoints
 62
     0
100
AcDbPoint
 10
4465.5204
 20
266.4251
 30
0.0
  0
ENDBLK
  5
CDFB
330
CDF9
100
AcDbEntity
  8
0
100
AcDbBlockEnd
  0
BLOCK
  5
CE07
330
CE06
100
AcDbEntity
  8
0
100
AcDbBlockBegin
  2
*D266
 70
     1
 10
0.0
 20
0.0
 30
0.0
  3
*D266
  1

  0
LINE
  5
CE09
330
CE06
100
AcDbEntity
  8
0
100
AcDbLine
 39
0.0
 10
4471.2011
 20
266.4251
 30
0.0
 11
4462.8774
 21
266.4251
 31
0.0
  0
LINE
  5
CE0A
330
CE06
100
AcDbEntity
  8
0
100
AcDbLine
 39
0.0
 10
4471.2011
 20
254.4251
 30
0.0
 11
4462.8774
 21
254.4251
 31
0.0
  0
LINE
  5
CE0B
330
CE06
100
AcDbEntity
  8
0
 62
     3
100
AcDbLine
 39
0.0
 10
4465.8774
 20
266.4251
 30
0.0
 11
4465.8774
 21
263.9032
 31
0.0
  0
LINE
  5
CE0C
330
CE06
100
AcDbEntity
  8
0
 62
     3
100
AcDbLine
 39
0.0
 10
4465.8774
 20
254.4251
 30
0.0
 11
4465.8774
 21
256.9469
 31
0.0
  0
INSERT
  5
CE0D
330
CE06
100
AcDbEntity
  8
0
 62
     3
100
AcDbBlockReference
  2
_ArchTick
 10
4465.8774
 20
266.4251
 30
0.0
 41
4.0
 42
4.0
 43
4.0
 50
90.0
 70
     0
 71
     0
 44
0.0
 45
0.0
  0
INSERT
  5
CE0E
330
CE06
100
AcDbEntity
  8
0
 62
     3
100
AcDbBlockReference
  2
_ArchTick
 10
4465.8774
 20
254.4251
 30
0.0
 41
4.0
 42
4.0
 43
4.0
 50
270.0
 70
     0
 71
     0
 44
0.0
 45
0.0
  0
MTEXT
  5
CE0F
330
CE06
100
AcDbEntity
  8
0
 62
     0
100
AcDbMText
 10
4465.8774
 20
260.4251
 30
0.0
 40
6.0
 41
0.0
 50
0.0
 46
0.0
 71
     5
 72
     1
  1
1'
 11
0.0
 21
1.0
 31
0.0
 73
     1
 44
1.0
 90
        0
 75
     0
 78
     0
 79
     0
 48
0.0
 49
0.0
  0
POINT
  5
CE10
330
CE06
100
AcDbEntity
  8
Defpoints
 62
     0
100
AcDbPoint
 10
4475.2011
 20
266.4251
 30
0.0
  0
POINT
  5
CE11
330
CE06
100
AcDbEntity
  8
Defpoints
 62
     0
100
AcDbPoint
 10
4475.2011
 20
254.4251
 30
0.0
  0
POINT
  5
CE12
330
CE06
100
AcDbEntity
  8
Defpoints
 62
     0
100
AcDbPoint
 10
4465.8774
 20
254.4251
 30
0.0
  0
ENDBLK
  5
CE08
330
CE06
100
AcDbEntity
  8
0
100
AcDbBlockEnd
  0
BLOCK
  5
CE28
330
CE27
100
AcDbEntity
  8
0
100
AcDbBlockBegin
  2
*D267
 70
     1
 10
0.0
 20
0.0
 30
0.0
  3
*D267
  1

  0
LINE
  5
CE2A
330
CE27
100
AcDbEntity
  8
0
100
AcDbLine
 39
0.0
 10
4854.2011
 20
290.4251
 30
0.0
 11
4876.2379
 21
290.4251
 31
0.0
  0
LINE
  5
CE2B
330
CE27
100
AcDbEntity
  8
0
100
AcDbLine
 39
0.0
 10
4854.2011
 20
410.4251
 30
0.0
 11
4876.2379
 21
410.4251
 31
0.0
  0
LINE
  5
CE2C
330
CE27
100
AcDbEntity
  8
0
 62
     3
100
AcDbLine
 39
0.0
 10
4873.2379
 20
290.4251
 30
0.0
 11
4873.2379
 21
344.616
 31
0.0
  0
LINE
  5
CE2D
330
CE27
100
AcDbEntity
  8
0
 62
     3
100
AcDbLine
 39
0.0
 10
4873.2379
 20
410.4251
 30
0.0
 11
4873.2379
 21
356.2341
 31
0.0
  0
INSERT
  5
CE2E
330
CE27
100
AcDbEntity
  8
0
 62
     3
100
AcDbBlockReference
  2
_ArchTick
 10
4873.2379
 20
290.4251
 30
0.0
 41
4.0
 42
4.0
 43
4.0
 50
270.0
 70
     0
 71
     0
 44
0.0
 45
0.0
  0
INSERT
  5
CE2F
330
CE27
100
AcDbEntity
  8
0
 62
     3
100
AcDbBlockReference
  2
_ArchTick
 10
4873.2379
 20
410.4251
 30
0.0
 41
4.0
 42
4.0
 43
4.0
 50
90.0
 70
     0
 71
     0
 44
0.0
 45
0.0
  0
MTEXT
  5
CE30
330
CE27
100
AcDbEntity
  8
0
 62
     0
100
AcDbMText
 10
4873.2379
 20
350.4251
 30
0.0
 40
6.0
 41
0.0
 50
0.0
 46
0.0
 71
     5
 72
     1
  1
10'
 11
0.0
 21
1.0
 31
0.0
 73
     1
 44
1.0
 90
        0
 75
     0
 78
     0
 79
     0
 48
0.0
 49
0.0
  0
POINT
  5
CE31
330
CE27
100
AcDbEntity
  8
Defpoints
 62
     0
100
AcDbPoint
 10
4850.2011
 20
290.4251
 30
0.0
  0
POINT
  5
CE32
330
CE27
100
AcDbEntity
  8
Defpoints
 62
     0
100
AcDbPoint
 10
4850.2011
 20
410.4251
 30
0.0
  0
POINT
  5
CE33
330
CE27
100
AcDbEntity
  8
Defpoints
 62
     0
100
AcDbPoint
 10
4873.2379
 20
410.4251
 30
0.0
  0
ENDBLK
  5
CE29
330
CE27
100
AcDbEntity
  8
0
100
AcDbBlockEnd
  0
BLOCK
  5
CE35
330
CE34
100
AcDbEntity
  8
0
100
AcDbBlockBegin
  2
*D268
 70
     1
 10
0.0
 20
0.0
 30
0.0
  3
*D268
  1

  0
LINE
  5
CE37
330
CE34
100
AcDbEntity
  8
0
100
AcDbLine
 39
0.0
 10
4854.2011
 20
419.4251
 30
0.0
 11
4876.3895
 21
419.4251
 31
0.0
  0
LINE
  5
CE38
330
CE34
100
AcDbEntity
  8
0
100
AcDbLine
 39
0.0
 10
4854.2011
 20
471.9251
 30
0.0
 11
4876.3895
 21
471.9251
 31
0.0
  0
LINE
  5
CE39
330
CE34
100
AcDbEntity
  8
0
 62
     3
100
AcDbLine
 39
0.0
 10
4873.3895
 20
419.4251
 30
0.0
 11
4873.3895
 21
434.392
 31
0.0
  0
LINE
  5
CE3A
330
CE34
100
AcDbEntity
  8
0
 62
     3
100
AcDbLine
 39
0.0
 10
4873.3895
 20
471.9251
 30
0.0
 11
4873.3895
 21
456.9581
 31
0.0
  0
INSERT
  5
CE3B
330
CE34
100
AcDbEntity
  8
0
 62
     3
100
AcDbBlockReference
  2
_ArchTick
 10
4873.3895
 20
419.4251
 30
0.0
 41
4.0
 42
4.0
 43
4.0
 50
270.0
 70
     0
 71
     0
 44
0.0
 45
0.0
  0
INSERT
  5
CE3C
330
CE34
100
AcDbEntity
  8
0
 62
     3
100
AcDbBlockReference
  2
_ArchTick
 10
4873.3895
 20
471.9251
 30
0.0
 41
4.0
 42
4.0
 43
4.0
 50
90.0
 70
     0
 71
     0
 44
0.0
 45
0.0
  0
MTEXT
  5
CE3D
330
CE34
100
AcDbEntity
  8
0
 62
     0
100
AcDbMText
 10
4873.3895
 20
445.6751
 30
0.0
 40
6.0
 41
0.0
 50
0.0
 46
0.0
 71
     5
 72
     1
  1
4'-4{\H1.000000x;\S1/2;}"
 11
0.0
 21
1.0
 31
0.0
 73
     1
 44
1.0
 90
        0
 75
     0
 78
     0
 79
     0
 48
0.0
 49
0.0
  0
POINT
  5
CE3E
330
CE34
100
AcDbEntity
  8
Defpoints
 62
     0
100
AcDbPoint
 10
4850.2011
 20
419.4251
 30
0.0
  0
POINT
  5
CE3F
330
CE34
100
AcDbEntity
  8
Defpoints
 62
     0
100
AcDbPoint
 10
4850.2011
 20
471.9251
 30
0.0
  0
POINT
  5
CE40
330
CE34
100
AcDbEntity
  8
Defpoints
 62
     0
100
AcDbPoint
 10
4873.3895
 20
471.9251
 30
0.0
  0
ENDBLK
  5
CE36
330
CE34
100
AcDbEntity
  8
0
100
AcDbBlockEnd
  0
BLOCK
  5
CE42
330
CE41
100
AcDbEntity
  8
0
100
AcDbBlockBegin
  2
*D269
 70
     1
 10
0.0
 20
0.0
 30
0.0
  3
*D269
  1

  0
LINE
  5
CE44
330
CE41
100
AcDbEntity
  8
0
100
AcDbLine
 39
0.0
 10
4863.2011
 20
476.4251
 30
0.0
 11
4876.3803
 21
476.4251
 31
0.0
  0
LINE
  5
CE45
330
CE41
100
AcDbEntity
  8
0
100
AcDbLine
 39
0.0
 10
4863.2011
 20
512.9251
 30
0.0
 11
4876.3803
 21
512.9251
 31
0.0
  0
LINE
  5
CE46
330
CE41
100
AcDbEntity
  8
0
 62
     3
100
AcDbLine
 39
0.0
 10
4873.3803
 20
476.4251
 30
0.0
 11
4873.3803
 21
483.5148
 31
0.0
  0
LINE
  5
CE47
330
CE41
100
AcDbEntity
  8
0
 62
     3
100
AcDbLine
 39
0.0
 10
4873.3803
 20
512.9251
 30
0.0
 11
4873.3803
 21
505.8354
 31
0.0
  0
INSERT
  5
CE48
330
CE41
100
AcDbEntity
  8
0
 62
     3
100
AcDbBlockReference
  2
_ArchTick
 10
4873.3803
 20
476.4251
 30
0.0
 41
4.0
 42
4.0
 43
4.0
 50
270.0
 70
     0
 71
     0
 44
0.0
 45
0.0
  0
INSERT
  5
CE49
330
CE41
100
AcDbEntity
  8
0
 62
     3
100
AcDbBlockReference
  2
_ArchTick
 10
4873.3803
 20
512.9251
 30
0.0
 41
4.0
 42
4.0
 43
4.0
 50
90.0
 70
     0
 71
     0
 44
0.0
 45
0.0
  0
MTEXT
  5
CE4A
330
CE41
100
AcDbEntity
  8
0
 62
     0
100
AcDbMText
 10
4873.3803
 20
494.6751
 30
0.0
 40
6.0
 41
0.0
 50
0.0
 46
0.0
 71
     5
 72
     1
  1
3'-0{\H1.000000x;\S1/2;}"
 11
0.0
 21
1.0
 31
0.0
 73
     1
 44
1.0
 90
        0
 75
     0
 78
     0
 79
     0
 48
0.0
 49
0.0
  0
POINT
  5
CE4B
330
CE41
100
AcDbEntity
  8
Defpoints
 62
     0
100
AcDbPoint
 10
4859.2011
 20
476.4251
 30
0.0
  0
POINT
  5
CE4C
330
CE41
100
AcDbEntity
  8
Defpoints
 62
     0
100
AcDbPoint
 10
4859.2011
 20
512.9251
 30
0.0
  0
POINT
  5
CE4D
330
CE41
100
AcDbEntity
  8
Defpoints
 62
     0
100
AcDbPoint
 10
4873.3803
 20
512.9251
 30
0.0
  0
ENDBLK
  5
CE43
330
CE41
100
AcDbEntity
  8
0
100
AcDbBlockEnd
  0
BLOCK
  5
CE4F
330
CE4E
100
AcDbEntity
  8
0
100
AcDbBlockBegin
  2
*D270
 70
     1
 10
0.0
 20
0.0
 30
0.0
  3
*D270
  1

  0
LINE
  5
CE51
330
CE4E
100
AcDbEntity
  8
0
100
AcDbLine
 39
0.0
 10
4854.2011
 20
517.4251
 30
0.0
 11
4877.3775
 21
517.4251
 31
0.0
  0
LINE
  5
CE52
330
CE4E
100
AcDbEntity
  8
0
100
AcDbLine
 39
0.0
 10
4854.2011
 20
675.9251
 30
0.0
 11
4877.3775
 21
675.9251
 31
0.0
  0
LINE
  5
CE53
330
CE4E
100
AcDbEntity
  8
0
 62
     3
100
AcDbLine
 39
0.0
 10
4874.3775
 20
517.4251
 30
0.0
 11
4874.3775
 21
583.4643
 31
0.0
  0
LINE
  5
CE54
330
CE4E
100
AcDbEntity
  8
0
 62
     3
100
AcDbLine
 39
0.0
 10
4874.3775
 20
675.9251
 30
0.0
 11
4874.3775
 21
609.8858
 31
0.0
  0
INSERT
  5
CE55
330
CE4E
100
AcDbEntity
  8
0
 62
     3
100
AcDbBlockReference
  2
_ArchTick
 10
4874.3775
 20
517.4251
 30
0.0
 41
4.0
 42
4.0
 43
4.0
 50
270.0
 70
     0
 71
     0
 44
0.0
 45
0.0
  0
INSERT
  5
CE56
330
CE4E
100
AcDbEntity
  8
0
 62
     3
100
AcDbBlockReference
  2
_ArchTick
 10
4874.3775
 20
675.9251
 30
0.0
 41
4.0
 42
4.0
 43
4.0
 50
90.0
 70
     0
 71
     0
 44
0.0
 45
0.0
  0
MTEXT
  5
CE57
330
CE4E
100
AcDbEntity
  8
0
 62
     0
100
AcDbMText
 10
4874.3775
 20
596.6751
 30
0.0
 40
6.0
 41
0.0
 50
0.0
 46
0.0
 71
     5
 72
     1
  1
13'-2{\H1.000000x;\S1/2;}"
 11
0.0
 21
1.0
 31
0.0
 73
     1
 44
1.0
 90
        0
 75
     0
 78
     0
 79
     0
 48
0.0
 49
0.0
  0
POINT
  5
CE58
330
CE4E
100
AcDbEntity
  8
Defpoints
 62
     0
100
AcDbPoint
 10
4850.2011
 20
517.4251
 30
0.0
  0
POINT
  5
CE59
330
CE4E
100
AcDbEntity
  8
Defpoints
 62
     0
100
AcDbPoint
 10
4850.2011
 20
675.9251
 30
0.0
  0
POINT
  5
CE5A
330
CE4E
100
AcDbEntity
  8
Defpoints
 62
     0
100
AcDbPoint
 10
4874.3775
 20
675.9251
 30
0.0
  0
ENDBLK
  5
CE50
330
CE4E
100
AcDbEntity
  8
0
100
AcDbBlockEnd
  0
BLOCK
  5
CE5C
330
CE5B
100
AcDbEntity
  8
0
100
AcDbBlockBegin
  2
*D271
 70
     1
 10
0.0
 20
0.0
 30
0.0
  3
*D271
  1

  0
LINE
  5
CE5E
330
CE5B
100
AcDbEntity
  8
0
100
AcDbLine
 39
0.0
 10
4854.2011
 20
680.4251
 30
0.0
 11
4877.4086
 21
680.4251
 31
0.0
  0
LINE
  5
CE5F
330
CE5B
100
AcDbEntity
  8
0
100
AcDbLine
 39
0.0
 10
4854.2011
 20
776.4251
 30
0.0
 11
4877.4086
 21
776.4251
 31
0.0
  0
LINE
  5
CE60
330
CE5B
100
AcDbEntity
  8
0
 62
     3
100
AcDbLine
 39
0.0
 10
4874.4086
 20
680.4251
 30
0.0
 11
4874.4086
 21
724.6604
 31
0.0
  0
LINE
  5
CE61
330
CE5B
100
AcDbEntity
  8
0
 62
     3
100
AcDbLine
 39
0.0
 10
4874.4086
 20
776.4251
 30
0.0
 11
4874.4086
 21
732.1897
 31
0.0
  0
INSERT
  5
CE62
330
CE5B
100
AcDbEntity
  8
0
 62
     3
100
AcDbBlockReference
  2
_ArchTick
 10
4874.4086
 20
680.4251
 30
0.0
 41
4.0
 42
4.0
 43
4.0
 50
270.0
 70
     0
 71
     0
 44
0.0
 45
0.0
  0
INSERT
  5
CE63
330
CE5B
100
AcDbEntity
  8
0
 62
     3
100
AcDbBlockReference
  2
_ArchTick
 10
4874.4086
 20
776.4251
 30
0.0
 41
4.0
 42
4.0
 43
4.0
 50
90.0
 70
     0
 71
     0
 44
0.0
 45
0.0
  0
MTEXT
  5
CE64
330
CE5B
100
AcDbEntity
  8
0
 62
     0
100
AcDbMText
 10
4874.4086
 20
728.4251
 30
0.0
 40
6.0
 41
0.0
 50
0.0
 46
0.0
 71
     5
 72
     1
  1
8'
 11
0.0
 21
1.0
 31
0.0
 73
     1
 44
1.0
 90
        0
 75
     0
 78
     0
 79
     0
 48
0.0
 49
0.0
  0
POINT
  5
CE65
330
CE5B
100
AcDbEntity
  8
Defpoints
 62
     0
100
AcDbPoint
 10
4850.2011
 20
680.4251
 30
0.0
  0
POINT
  5
CE66
330
CE5B
100
AcDbEntity
  8
Defpoints
 62
     0
100
AcDbPoint
 10
4850.2011
 20
776.4251
 30
0.0
  0
POINT
  5
CE67
330
CE5B
100
AcDbEntity
  8
Defpoints
 62
     0
100
AcDbPoint
 10
4874.4086
 20
776.4251
 30
0.0
  0
ENDBLK
  5
CE5D
330
CE5B
100
AcDbEntity
  8
0
100
AcDbBlockEnd
  0
BLOCK
  5
CE69
330
CE68
100
AcDbEntity
  8
0
100
AcDbBlockBegin
  2
*D272
 70
     1
 10
0.0
 20
0.0
 30
0.0
  3
*D272
  1

  0
LINE
  5
CE6B
330
CE68
100
AcDbEntity
  8
FIXTURE
100
AcDbLine
 39
0.0
 10
4805.3201
 20
638.8389
 30
0.0
 11
4802.4487
 21
638.8389
 31
0.0
  0
LINE
  5
CE6C
330
CE68
100
AcDbEntity
  8
FIXTURE
100
AcDbLine
 39
0.0
 10
4805.3201
 20
659.8389
 30
0.0
 11
4802.4487
 21
659.8389
 31
0.0
  0
LINE
  5
CE6D
330
CE68
100
AcDbEntity
  8
FIXTURE
 62
     3
100
AcDbLine
 39
0.0
 10
4805.4487
 20
638.8389
 30
0.0
 11
4805.4487
 21
640.6465
 31
0.0
  0
LINE
  5
CE6E
330
CE68
100
AcDbEntity
  8
FIXTURE
 62
     3
100
AcDbLine
 39
0.0
 10
4805.4487
 20
659.8389
 30
0.0
 11
4805.4487
 21
658.0313
 31
0.0
  0
INSERT
  5
CE6F
330
CE68
100
AcDbEntity
  8
FIXTURE
  6
Continuous
 62
     3
100
AcDbBlockReference
  2
_ArchTick
 10
4805.4487
 20
638.8389
 30
0.0
 41
4.0
 42
4.0
 43
4.0
 50
270.0
 70
     0
 71
     0
 44
0.0
 45
0.0
  0
INSERT
  5
CE70
330
CE68
100
AcDbEntity
  8
FIXTURE
  6
Continuous
 62
     3
100
AcDbBlockReference
  2
_ArchTick
 10
4805.4487
 20
659.8389
 30
0.0
 41
4.0
 42
4.0
 43
4.0
 50
90.0
 70
     0
 71
     0
 44
0.0
 45
0.0
  0
MTEXT
  5
CE71
330
CE68
100
AcDbEntity
  8
FIXTURE
  6
Continuous
 62
     0
100
AcDbMText
 10
4805.4487
 20
649.3389
 30
0.0
 40
6.0
 41
0.0
 50
0.0
 46
0.0
 71
     5
 72
     1
  1
1'-9"
 11
0.0
 21
1.0
 31
0.0
 73
     1
 44
1.0
 90
        0
 75
     0
 78
     0
 79
     0
 48
0.0
 49
0.0
  0
POINT
  5
CE72
330
CE68
100
AcDbEntity
  8
Defpoints
  6
Continuous
 62
     0
100
AcDbPoint
 10
4809.3201
 20
638.8389
 30
0.0
  0
POINT
  5
CE73
330
CE68
100
AcDbEntity
  8
Defpoints
  6
Continuous
 62
     0
100
AcDbPoint
 10
4809.3201
 20
659.8389
 30
0.0
  0
POINT
  5
CE74
330
CE68
100
AcDbEntity
  8
Defpoints
  6
Continuous
 62
     0
100
AcDbPoint
 10
4805.4487
 20
659.8389
 30
0.0
  0
ENDBLK
  5
CE6A
330
CE68
100
AcDbEntity
  8
0
100
AcDbBlockEnd
  0
BLOCK
  5
CFD6
330
CFD5
100
AcDbEntity
  8
0
100
AcDbBlockBegin
  2
*D273
 70
     1
 10
0.0
 20
0.0
 30
0.0
  3
*D273
  1

  0
LINE
  5
E153
330
CFD5
100
AcDbEntity
  8
wall
100
AcDbLine
 39
0.0
 10
4998.4759
 20
785.4251
 30
0.0
 11
4974.2107
 21
785.4251
 31
0.0
  0
LINE
  5
E154
330
CFD5
100
AcDbEntity
  8
wall
100
AcDbLine
 39
0.0
 10
4998.4759
 20
281.4251
 30
0.0
 11
4974.2107
 21
281.4251
 31
0.0
  0
LINE
  5
E155
330
CFD5
100
AcDbEntity
  8
wall
 62
     3
100
AcDbLine
 39
0.0
 10
4977.2107
 20
785.4251
 30
0.0
 11
4977.2107
 21
527.6372
 31
0.0
  0
LINE
  5
E156
330
CFD5
100
AcDbEntity
  8
wall
 62
     3
100
AcDbLine
 39
0.0
 10
4977.2107
 20
281.4251
 30
0.0
 11
4977.2107
 21
515.2129
 31
0.0
  0
INSERT
  5
E157
330
CFD5
100
AcDbEntity
  8
wall
 62
     3
100
AcDbBlockReference
  2
_ArchTick
 10
4977.2107
 20
785.4251
 30
0.0
 41
4.0
 42
4.0
 43
4.0
 50
90.0
 70
     0
 71
     0
 44
0.0
 45
0.0
  0
INSERT
  5
E158
330
CFD5
100
AcDbEntity
  8
wall
 62
     3
100
AcDbBlockReference
  2
_ArchTick
 10
4977.2107
 20
281.4251
 30
0.0
 41
4.0
 42
4.0
 43
4.0
 50
270.0
 70
     0
 71
     0
 44
0.0
 45
0.0
  0
MTEXT
  5
E159
330
CFD5
100
AcDbEntity
  8
wall
 62
     0
100
AcDbMText
 10
4977.2107
 20
521.4251
 30
0.0
 40
6.0
 41
0.0
 50
0.0
 46
0.0
 71
     5
 72
     1
  1
42'
 11
0.0
 21
1.0
 31
0.0
 73
     1
 44
1.0
 90
        0
 75
     0
 78
     0
 79
     0
 48
0.0
 49
0.0
  0
POINT
  5
E15A
330
CFD5
100
AcDbEntity
  8
Defpoints
 62
     0
100
AcDbPoint
 10
5002.4759
 20
785.4251
 30
0.0
  0
POINT
  5
E15B
330
CFD5
100
AcDbEntity
  8
Defpoints
 62
     0
100
AcDbPoint
 10
5002.4759
 20
281.4251
 30
0.0
  0
POINT
  5
E15C
330
CFD5
100
AcDbEntity
  8
Defpoints
 62
     0
100
AcDbPoint
 10
4977.2107
 20
281.4251
 30
0.0
  0
ENDBLK
  5
CFD7
330
CFD5
100
AcDbEntity
  8
0
100
AcDbBlockEnd
  0
BLOCK
  5
CFE3
330
CFE2
100
AcDbEntity
  8
0
100
AcDbBlockBegin
  2
*D274
 70
     1
 10
0.0
 20
0.0
 30
0.0
  3
*D274
  1

  0
LINE
  5
E1C1
330
CFE2
100
AcDbEntity
  8
wall
100
AcDbLine
 39
0.0
 10
5011.4759
 20
250.4251
 30
0.0
 11
5011.4759
 21
236.2605
 31
0.0
  0
LINE
  5
E1C2
330
CFE2
100
AcDbEntity
  8
wall
100
AcDbLine
 39
0.0
 10
5131.4759
 20
250.4251
 30
0.0
 11
5131.4759
 21
236.2605
 31
0.0
  0
LINE
  5
E1C3
330
CFE2
100
AcDbEntity
  8
wall
 62
     3
100
AcDbLine
 39
0.0
 10
5011.4759
 20
239.2605
 30
0.0
 11
5065.6669
 21
239.2605
 31
0.0
  0
LINE
  5
E1C4
330
CFE2
100
AcDbEntity
  8
wall
 62
     3
100
AcDbLine
 39
0.0
 10
5131.4759
 20
239.2605
 30
0.0
 11
5077.2849
 21
239.2605
 31
0.0
  0
INSERT
  5
E1C5
330
CFE2
100
AcDbEntity
  8
wall
 62
     3
100
AcDbBlockReference
  2
_ArchTick
 10
5011.4759
 20
239.2605
 30
0.0
 41
4.0
 42
4.0
 43
4.0
 50
180.0
 70
     0
 71
     0
 44
0.0
 45
0.0
  0
INSERT
  5
E1C6
330
CFE2
100
AcDbEntity
  8
wall
 62
     3
100
AcDbBlockReference
  2
_ArchTick
 10
5131.4759
 20
239.2605
 30
0.0
 41
4.0
 42
4.0
 43
4.0
 50
0.0
 70
     0
 71
     0
 44
0.0
 45
0.0
  0
MTEXT
  5
E1C7
330
CFE2
100
AcDbEntity
  8
wall
 62
     0
100
AcDbMText
 10
5071.4759
 20
239.2605
 30
0.0
 40
6.0
 41
0.0
 50
0.0
 46
0.0
 71
     5
 72
     1
  1
10'
 73
     1
 44
1.0
 90
        0
 75
     0
 78
     0
 79
     0
 48
0.0
 49
0.0
  0
POINT
  5
E1C8
330
CFE2
100
AcDbEntity
  8
Defpoints
 62
     0
100
AcDbPoint
 10
5011.4759
 20
254.4251
 30
0.0
  0
POINT
  5
E1C9
330
CFE2
100
AcDbEntity
  8
Defpoints
 62
     0
100
AcDbPoint
 10
5131.4759
 20
254.4251
 30
0.0
  0
POINT
  5
E1CA
330
CFE2
100
AcDbEntity
  8
Defpoints
 62
     0
100
AcDbPoint
 10
5131.4759
 20
239.2605
 30
0.0
  0
ENDBLK
  5
CFE4
330
CFE2
100
AcDbEntity
  8
0
100
AcDbBlockEnd
  0
BLOCK
  5
CFF0
330
CFEF
100
AcDbEntity
  8
0
100
AcDbBlockBegin
  2
*D275
 70
     1
 10
0.0
 20
0.0
 30
0.0
  3
*D275
  1

  0
LINE
  5
E185
330
CFEF
100
AcDbEntity
  8
wall
100
AcDbLine
 39
0.0
 10
5140.4759
 20
250.4251
 30
0.0
 11
5140.4759
 21
236.0836
 31
0.0
  0
LINE
  5
E186
330
CFEF
100
AcDbEntity
  8
wall
100
AcDbLine
 39
0.0
 10
5248.4759
 20
250.4251
 30
0.0
 11
5248.4759
 21
236.0836
 31
0.0
  0
LINE
  5
E187
330
CFEF
100
AcDbEntity
  8
wall
 62
     3
100
AcDbLine
 39
0.0
 10
5140.4759
 20
239.0836
 30
0.0
 11
5190.7153
 21
239.0836
 31
0.0
  0
LINE
  5
E188
330
CFEF
100
AcDbEntity
  8
wall
 62
     3
100
AcDbLine
 39
0.0
 10
5248.4759
 20
239.0836
 30
0.0
 11
5198.2365
 21
239.0836
 31
0.0
  0
INSERT
  5
E189
330
CFEF
100
AcDbEntity
  8
wall
 62
     3
100
AcDbBlockReference
  2
_ArchTick
 10
5140.4759
 20
239.0836
 30
0.0
 41
4.0
 42
4.0
 43
4.0
 50
180.0
 70
     0
 71
     0
 44
0.0
 45
0.0
  0
INSERT
  5
E18A
330
CFEF
100
AcDbEntity
  8
wall
 62
     3
100
AcDbBlockReference
  2
_ArchTick
 10
5248.4759
 20
239.0836
 30
0.0
 41
4.0
 42
4.0
 43
4.0
 50
0.0
 70
     0
 71
     0
 44
0.0
 45
0.0
  0
MTEXT
  5
E18B
330
CFEF
100
AcDbEntity
  8
wall
 62
     0
100
AcDbMText
 10
5194.4759
 20
239.0836
 30
0.0
 40
6.0
 41
0.0
 50
0.0
 46
0.0
 71
     5
 72
     1
  1
9'
 73
     1
 44
1.0
 90
        0
 75
     0
 78
     0
 79
     0
 48
0.0
 49
0.0
  0
POINT
  5
E18C
330
CFEF
100
AcDbEntity
  8
Defpoints
 62
     0
100
AcDbPoint
 10
5140.4759
 20
254.4251
 30
0.0
  0
POINT
  5
E18D
330
CFEF
100
AcDbEntity
  8
Defpoints
 62
     0
100
AcDbPoint
 10
5248.4759
 20
254.4251
 30
0.0
  0
POINT
  5
E18E
330
CFEF
100
AcDbEntity
  8
Defpoints
 62
     0
100
AcDbPoint
 10
5248.4759
 20
239.0836
 30
0.0
  0
ENDBLK
  5
CFF1
330
CFEF
100
AcDbEntity
  8
0
100
AcDbBlockEnd
  0
BLOCK
  5
CFFD
330
CFFC
100
AcDbEntity
  8
0
100
AcDbBlockBegin
  2
*D276
 70
     1
 10
0.0
 20
0.0
 30
0.0
  3
*D276
  1

  0
LINE
  5
E17B
330
CFFC
100
AcDbEntity
  8
wall
100
AcDbLine
 39
0.0
 10
5257.4759
 20
250.4251
 30
0.0
 11
5257.4759
 21
235.8005
 31
0.0
  0
LINE
  5
E17C
330
CFFC
100
AcDbEntity
  8
wall
100
AcDbLine
 39
0.0
 10
5377.4759
 20
250.4251
 30
0.0
 11
5377.4759
 21
235.8005
 31
0.0
  0
LINE
  5
E17D
330
CFFC
100
AcDbEntity
  8
wall
 62
     3
100
AcDbLine
 39
0.0
 10
5257.4759
 20
238.8005
 30
0.0
 11
5311.6669
 21
238.8005
 31
0.0
  0
LINE
  5
E17E
330
CFFC
100
AcDbEntity
  8
wall
 62
     3
100
AcDbLine
 39
0.0
 10
5377.4759
 20
238.8005
 30
0.0
 11
5323.2849
 21
238.8005
 31
0.0
  0
INSERT
  5
E17F
330
CFFC
100
AcDbEntity
  8
wall
 62
     3
100
AcDbBlockReference
  2
_ArchTick
 10
5257.4759
 20
238.8005
 30
0.0
 41
4.0
 42
4.0
 43
4.0
 50
180.0
 70
     0
 71
     0
 44
0.0
 45
0.0
  0
INSERT
  5
E180
330
CFFC
100
AcDbEntity
  8
wall
 62
     3
100
AcDbBlockReference
  2
_ArchTick
 10
5377.4759
 20
238.8005
 30
0.0
 41
4.0
 42
4.0
 43
4.0
 50
0.0
 70
     0
 71
     0
 44
0.0
 45
0.0
  0
MTEXT
  5
E181
330
CFFC
100
AcDbEntity
  8
wall
 62
     0
100
AcDbMText
 10
5317.4759
 20
238.8005
 30
0.0
 40
6.0
 41
0.0
 50
0.0
 46
0.0
 71
     5
 72
     1
  1
10'
 73
     1
 44
1.0
 90
        0
 75
     0
 78
     0
 79
     0
 48
0.0
 49
0.0
  0
POINT
  5
E182
330
CFFC
100
AcDbEntity
  8
Defpoints
 62
     0
100
AcDbPoint
 10
5257.4759
 20
254.4251
 30
0.0
  0
POINT
  5
E183
330
CFFC
100
AcDbEntity
  8
Defpoints
 62
     0
100
AcDbPoint
 10
5377.4759
 20
254.4251
 30
0.0
  0
POINT
  5
E184
330
CFFC
100
AcDbEntity
  8
Defpoints
 62
     0
100
AcDbPoint
 10
5377.4759
 20
238.8005
 30
0.0
  0
ENDBLK
  5
CFFE
330
CFFC
100
AcDbEntity
  8
0
100
AcDbBlockEnd
  0
BLOCK
  5
D07C
330
D07B
100
AcDbEntity
  8
0
100
AcDbBlockBegin
  2
*D279
 70
     1
 10
0.0
 20
0.0
 30
0.0
  3
*D279
  1

  0
LINE
  5
E149
330
D07B
100
AcDbEntity
  8
wall
100
AcDbLine
 39
0.0
 10
5007.4759
 20
503.4251
 30
0.0
 11
4988.9361
 21
503.4251
 31
0.0
  0
LINE
  5
E14A
330
D07B
100
AcDbEntity
  8
wall
100
AcDbLine
 39
0.0
 10
5007.4759
 20
395.4251
 30
0.0
 11
4988.9361
 21
395.4251
 31
0.0
  0
LINE
  5
E14B
330
D07B
100
AcDbEntity
  8
wall
 62
     3
100
AcDbLine
 39
0.0
 10
4991.9361
 20
503.4251
 30
0.0
 11
4991.9361
 21
453.1856
 31
0.0
  0
LINE
  5
E14C
330
D07B
100
AcDbEntity
  8
wall
 62
     3
100
AcDbLine
 39
0.0
 10
4991.9361
 20
395.4251
 30
0.0
 11
4991.9361
 21
445.6645
 31
0.0
  0
INSERT
  5
E14D
330
D07B
100
AcDbEntity
  8
wall
 62
     3
100
AcDbBlockReference
  2
_ArchTick
 10
4991.9361
 20
503.4251
 30
0.0
 41
4.0
 42
4.0
 43
4.0
 50
90.0
 70
     0
 71
     0
 44
0.0
 45
0.0
  0
INSERT
  5
E14E
330
D07B
100
AcDbEntity
  8
wall
 62
     3
100
AcDbBlockReference
  2
_ArchTick
 10
4991.9361
 20
395.4251
 30
0.0
 41
4.0
 42
4.0
 43
4.0
 50
270.0
 70
     0
 71
     0
 44
0.0
 45
0.0
  0
MTEXT
  5
E14F
330
D07B
100
AcDbEntity
  8
wall
 62
     0
100
AcDbMText
 10
4991.9361
 20
449.4251
 30
0.0
 40
6.0
 41
0.0
 50
0.0
 46
0.0
 71
     5
 72
     1
  1
9'
 11
0.0
 21
1.0
 31
0.0
 73
     1
 44
1.0
 90
        0
 75
     0
 78
     0
 79
     0
 48
0.0
 49
0.0
  0
POINT
  5
E150
330
D07B
100
AcDbEntity
  8
Defpoints
 62
     0
100
AcDbPoint
 10
5011.4759
 20
503.4251
 30
0.0
  0
POINT
  5
E151
330
D07B
100
AcDbEntity
  8
Defpoints
 62
     0
100
AcDbPoint
 10
5011.4759
 20
395.4251
 30
0.0
  0
POINT
  5
E152
330
D07B
100
AcDbEntity
  8
Defpoints
 62
     0
100
AcDbPoint
 10
4991.9361
 20
395.4251
 30
0.0
  0
ENDBLK
  5
D07D
330
D07B
100
AcDbEntity
  8
0
100
AcDbBlockEnd
  0
BLOCK
  5
D089
330
D088
100
AcDbEntity
  8
0
100
AcDbBlockBegin
  2
*D280
 70
     1
 10
0.0
 20
0.0
 30
0.0
  3
*D280
  1

  0
LINE
  5
E13F
330
D088
100
AcDbEntity
  8
wall
100
AcDbLine
 39
0.0
 10
5007.4759
 20
386.4251
 30
0.0
 11
4989.2564
 21
386.4251
 31
0.0
  0
LINE
  5
E140
330
D088
100
AcDbEntity
  8
wall
100
AcDbLine
 39
0.0
 10
5007.4759
 20
287.4251
 30
0.0
 11
4989.2564
 21
287.4251
 31
0.0
  0
LINE
  5
E141
330
D088
100
AcDbEntity
  8
wall
 62
     3
100
AcDbLine
 39
0.0
 10
4992.2564
 20
386.4251
 30
0.0
 11
4992.2564
 21
345.9039
 31
0.0
  0
LINE
  5
E142
330
D088
100
AcDbEntity
  8
wall
 62
     3
100
AcDbLine
 39
0.0
 10
4992.2564
 20
287.4251
 30
0.0
 11
4992.2564
 21
327.9462
 31
0.0
  0
INSERT
  5
E143
330
D088
100
AcDbEntity
  8
wall
 62
     3
100
AcDbBlockReference
  2
_ArchTick
 10
4992.2564
 20
386.4251
 30
0.0
 41
4.0
 42
4.0
 43
4.0
 50
90.0
 70
     0
 71
     0
 44
0.0
 45
0.0
  0
INSERT
  5
E144
330
D088
100
AcDbEntity
  8
wall
 62
     3
100
AcDbBlockReference
  2
_ArchTick
 10
4992.2564
 20
287.4251
 30
0.0
 41
4.0
 42
4.0
 43
4.0
 50
270.0
 70
     0
 71
     0
 44
0.0
 45
0.0
  0
MTEXT
  5
E145
330
D088
100
AcDbEntity
  8
wall
 62
     0
100
AcDbMText
 10
4992.2564
 20
336.9251
 30
0.0
 40
6.0
 41
0.0
 50
0.0
 46
0.0
 71
     5
 72
     1
  1
8'-3"
 11
0.0
 21
1.0
 31
0.0
 73
     1
 44
1.0
 90
        0
 75
     0
 78
     0
 79
     0
 48
0.0
 49
0.0
  0
POINT
  5
E146
330
D088
100
AcDbEntity
  8
Defpoints
 62
     0
100
AcDbPoint
 10
5011.4759
 20
386.4251
 30
0.0
  0
POINT
  5
E147
330
D088
100
AcDbEntity
  8
Defpoints
 62
     0
100
AcDbPoint
 10
5011.4759
 20
287.4251
 30
0.0
  0
POINT
  5
E148
330
D088
100
AcDbEntity
  8
Defpoints
 62
     0
100
AcDbPoint
 10
4992.2564
 20
287.4251
 30
0.0
  0
ENDBLK
  5
D08A
330
D088
100
AcDbEntity
  8
0
100
AcDbBlockEnd
  0
BLOCK
  5
D0A0
330
D09F
100
AcDbEntity
  8
0
100
AcDbBlockBegin
  2
*D281
 70
     1
 10
0.0
 20
0.0
 30
0.0
  3
*D281
  1

  0
LINE
  5
E171
330
D09F
100
AcDbEntity
  8
wall
100
AcDbLine
 39
0.0
 10
4998.4759
 20
278.4251
 30
0.0
 11
4989.7952
 21
278.4251
 31
0.0
  0
LINE
  5
E172
330
D09F
100
AcDbEntity
  8
wall
100
AcDbLine
 39
0.0
 10
4998.4759
 20
266.4251
 30
0.0
 11
4989.7952
 21
266.4251
 31
0.0
  0
LINE
  5
E173
330
D09F
100
AcDbEntity
  8
wall
 62
     3
100
AcDbLine
 39
0.0
 10
4992.7952
 20
278.4251
 30
0.0
 11
4992.7952
 21
275.9032
 31
0.0
  0
LINE
  5
E174
330
D09F
100
AcDbEntity
  8
wall
 62
     3
100
AcDbLine
 39
0.0
 10
4992.7952
 20
266.4251
 30
0.0
 11
4992.7952
 21
268.9469
 31
0.0
  0
INSERT
  5
E175
330
D09F
100
AcDbEntity
  8
wall
 62
     3
100
AcDbBlockReference
  2
_ArchTick
 10
4992.7952
 20
278.4251
 30
0.0
 41
4.0
 42
4.0
 43
4.0
 50
90.0
 70
     0
 71
     0
 44
0.0
 45
0.0
  0
INSERT
  5
E176
330
D09F
100
AcDbEntity
  8
wall
 62
     3
100
AcDbBlockReference
  2
_ArchTick
 10
4992.7952
 20
266.4251
 30
0.0
 41
4.0
 42
4.0
 43
4.0
 50
270.0
 70
     0
 71
     0
 44
0.0
 45
0.0
  0
MTEXT
  5
E177
330
D09F
100
AcDbEntity
  8
wall
 62
     0
100
AcDbMText
 10
4992.7952
 20
272.4251
 30
0.0
 40
6.0
 41
0.0
 50
0.0
 46
0.0
 71
     5
 72
     1
  1
1'
 11
0.0
 21
1.0
 31
0.0
 73
     1
 44
1.0
 90
        0
 75
     0
 78
     0
 79
     0
 48
0.0
 49
0.0
  0
POINT
  5
E178
330
D09F
100
AcDbEntity
  8
Defpoints
 62
     0
100
AcDbPoint
 10
5002.4759
 20
278.4251
 30
0.0
  0
POINT
  5
E179
330
D09F
100
AcDbEntity
  8
Defpoints
 62
     0
100
AcDbPoint
 10
5002.4759
 20
266.4251
 30
0.0
  0
POINT
  5
E17A
330
D09F
100
AcDbEntity
  8
Defpoints
 62
     0
100
AcDbPoint
 10
4992.7952
 20
266.4251
 30
0.0
  0
ENDBLK
  5
D0A1
330
D09F
100
AcDbEntity
  8
0
100
AcDbBlockEnd
  0
BLOCK
  5
D0AD
330
D0AC
100
AcDbEntity
  8
0
100
AcDbBlockBegin
  2
*D282
 70
     1
 10
0.0
 20
0.0
 30
0.0
  3
*D282
  1

  0
LINE
  5
E167
330
D0AC
100
AcDbEntity
  8
wall
100
AcDbLine
 39
0.0
 10
4998.4759
 20
266.4251
 30
0.0
 11
4990.1522
 21
266.4251
 31
0.0
  0
LINE
  5
E168
330
D0AC
100
AcDbEntity
  8
wall
100
AcDbLine
 39
0.0
 10
4998.4759
 20
254.4251
 30
0.0
 11
4990.1522
 21
254.4251
 31
0.0
  0
LINE
  5
E169
330
D0AC
100
AcDbEntity
  8
wall
 62
     3
100
AcDbLine
 39
0.0
 10
4993.1522
 20
266.4251
 30
0.0
 11
4993.1522
 21
263.9032
 31
0.0
  0
LINE
  5
E16A
330
D0AC
100
AcDbEntity
  8
wall
 62
     3
100
AcDbLine
 39
0.0
 10
4993.1522
 20
254.4251
 30
0.0
 11
4993.1522
 21
256.9469
 31
0.0
  0
INSERT
  5
E16B
330
D0AC
100
AcDbEntity
  8
wall
 62
     3
100
AcDbBlockReference
  2
_ArchTick
 10
4993.1522
 20
266.4251
 30
0.0
 41
4.0
 42
4.0
 43
4.0
 50
90.0
 70
     0
 71
     0
 44
0.0
 45
0.0
  0
INSERT
  5
E16C
330
D0AC
100
AcDbEntity
  8
wall
 62
     3
100
AcDbBlockReference
  2
_ArchTick
 10
4993.1522
 20
254.4251
 30
0.0
 41
4.0
 42
4.0
 43
4.0
 50
270.0
 70
     0
 71
     0
 44
0.0
 45
0.0
  0
MTEXT
  5
E16D
330
D0AC
100
AcDbEntity
  8
wall
 62
     0
100
AcDbMText
 10
4993.1522
 20
260.4251
 30
0.0
 40
6.0
 41
0.0
 50
0.0
 46
0.0
 71
     5
 72
     1
  1
1'
 11
0.0
 21
1.0
 31
0.0
 73
     1
 44
1.0
 90
        0
 75
     0
 78
     0
 79
     0
 48
0.0
 49
0.0
  0
POINT
  5
E16E
330
D0AC
100
AcDbEntity
  8
Defpoints
 62
     0
100
AcDbPoint
 10
5002.4759
 20
266.4251
 30
0.0
  0
POINT
  5
E16F
330
D0AC
100
AcDbEntity
  8
Defpoints
 62
     0
100
AcDbPoint
 10
5002.4759
 20
254.4251
 30
0.0
  0
POINT
  5
E170
330
D0AC
100
AcDbEntity
  8
Defpoints
 62
     0
100
AcDbPoint
 10
4993.1522
 20
254.4251
 30
0.0
  0
ENDBLK
  5
D0AE
330
D0AC
100
AcDbEntity
  8
0
100
AcDbBlockEnd
  0
BLOCK
  5
D0CE
330
D0CD
100
AcDbEntity
  8
0
100
AcDbBlockBegin
  2
*D283
 70
     1
 10
0.0
 20
0.0
 30
0.0
  3
*D283
  1

  0
LINE
  5
E1CB
330
D0CD
100
AcDbEntity
  8
wall
100
AcDbLine
 39
0.0
 10
5381.4759
 20
287.4251
 30
0.0
 11
5403.5127
 21
287.4251
 31
0.0
  0
LINE
  5
E1CC
330
D0CD
100
AcDbEntity
  8
wall
100
AcDbLine
 39
0.0
 10
5381.4759
 20
386.4251
 30
0.0
 11
5403.5127
 21
386.4251
 31
0.0
  0
LINE
  5
E1CD
330
D0CD
100
AcDbEntity
  8
wall
 62
     3
100
AcDbLine
 39
0.0
 10
5400.5127
 20
287.4251
 30
0.0
 11
5400.5127
 21
327.9462
 31
0.0
  0
LINE
  5
E1CE
330
D0CD
100
AcDbEntity
  8
wall
 62
     3
100
AcDbLine
 39
0.0
 10
5400.5127
 20
386.4251
 30
0.0
 11
5400.5127
 21
345.9039
 31
0.0
  0
INSERT
  5
E1CF
330
D0CD
100
AcDbEntity
  8
wall
 62
     3
100
AcDbBlockReference
  2
_ArchTick
 10
5400.5127
 20
287.4251
 30
0.0
 41
4.0
 42
4.0
 43
4.0
 50
270.0
 70
     0
 71
     0
 44
0.0
 45
0.0
  0
INSERT
  5
E1D0
330
D0CD
100
AcDbEntity
  8
wall
 62
     3
100
AcDbBlockReference
  2
_ArchTick
 10
5400.5127
 20
386.4251
 30
0.0
 41
4.0
 42
4.0
 43
4.0
 50
90.0
 70
     0
 71
     0
 44
0.0
 45
0.0
  0
MTEXT
  5
E1D1
330
D0CD
100
AcDbEntity
  8
wall
 62
     0
100
AcDbMText
 10
5400.5127
 20
336.9251
 30
0.0
 40
6.0
 41
0.0
 50
0.0
 46
0.0
 71
     5
 72
     1
  1
8'-3"
 11
0.0
 21
1.0
 31
0.0
 73
     1
 44
1.0
 90
        0
 75
     0
 78
     0
 79
     0
 48
0.0
 49
0.0
  0
POINT
  5
E1D2
330
D0CD
100
AcDbEntity
  8
Defpoints
 62
     0
100
AcDbPoint
 10
5377.4759
 20
287.4251
 30
0.0
  0
POINT
  5
E1D3
330
D0CD
100
AcDbEntity
  8
Defpoints
 62
     0
100
AcDbPoint
 10
5377.4759
 20
386.4251
 30
0.0
  0
POINT
  5
E1D4
330
D0CD
100
AcDbEntity
  8
Defpoints
 62
     0
100
AcDbPoint
 10
5400.5127
 20
386.4251
 30
0.0
  0
ENDBLK
  5
D0CF
330
D0CD
100
AcDbEntity
  8
0
100
AcDbBlockEnd
  0
BLOCK
  5
D131
330
D130
100
AcDbEntity
  8
0
100
AcDbBlockBegin
  2
*D285
 70
     1
 10
0.0
 20
0.0
 30
0.0
  3
*D285
  1

  0
LINE
  5
E255
330
D130
100
AcDbEntity
  8
wall
100
AcDbLine
 39
0.0
 10
5002.4759
 20
789.4251
 30
0.0
 11
5002.4759
 21
806.5031
 31
0.0
  0
LINE
  5
E256
330
D130
100
AcDbEntity
  8
wall
100
AcDbLine
 39
0.0
 10
5386.4759
 20
789.4251
 30
0.0
 11
5386.4759
 21
806.5031
 31
0.0
  0
LINE
  5
E257
330
D130
100
AcDbEntity
  8
wall
 62
     3
100
AcDbLine
 39
0.0
 10
5002.4759
 20
803.5031
 30
0.0
 11
5188.3866
 21
803.5031
 31
0.0
  0
LINE
  5
E258
330
D130
100
AcDbEntity
  8
wall
 62
     3
100
AcDbLine
 39
0.0
 10
5386.4759
 20
803.5031
 30
0.0
 11
5200.5653
 21
803.5031
 31
0.0
  0
INSERT
  5
E259
330
D130
100
AcDbEntity
  8
wall
 62
     3
100
AcDbBlockReference
  2
_ArchTick
 10
5002.4759
 20
803.5031
 30
0.0
 41
4.0
 42
4.0
 43
4.0
 50
180.0
 70
     0
 71
     0
 44
0.0
 45
0.0
  0
INSERT
  5
E25A
330
D130
100
AcDbEntity
  8
wall
 62
     3
100
AcDbBlockReference
  2
_ArchTick
 10
5386.4759
 20
803.5031
 30
0.0
 41
4.0
 42
4.0
 43
4.0
 50
0.0
 70
     0
 71
     0
 44
0.0
 45
0.0
  0
MTEXT
  5
E25B
330
D130
100
AcDbEntity
  8
wall
 62
     0
100
AcDbMText
 10
5194.4759
 20
803.5031
 30
0.0
 40
6.0
 41
0.0
 50
0.0
 46
0.0
 71
     5
 72
     1
  1
32'
 73
     1
 44
1.0
 90
        0
 75
     0
 78
     0
 79
     0
 48
0.0
 49
0.0
  0
POINT
  5
E25C
330
D130
100
AcDbEntity
  8
Defpoints
 62
     0
100
AcDbPoint
 10
5002.4759
 20
785.4251
 30
0.0
  0
POINT
  5
E25D
330
D130
100
AcDbEntity
  8
Defpoints
 62
     0
100
AcDbPoint
 10
5386.4759
 20
785.4251
 30
0.0
  0
POINT
  5
E25E
330
D130
100
AcDbEntity
  8
Defpoints
 62
     0
100
AcDbPoint
 10
5386.4759
 20
803.5031
 30
0.0
  0
ENDBLK
  5
D132
330
D130
100
AcDbEntity
  8
0
100
AcDbBlockEnd
  0
BLOCK
  5
DC6D
330
DC6C
100
AcDbEntity
  8
0
100
AcDbBlockBegin
  2
*D342
 70
     1
 10
0.0
 20
0.0
 30
0.0
  3
*D342
  1

  0
LINE
  5
DCA3
330
DC6C
100
AcDbEntity
  8
wall
100
AcDbLine
 39
0.0
 10
5035.4017
 20
667.1893
 30
0.0
 11
5035.4017
 21
657.1302
 31
0.0
  0
LINE
  5
DCA4
330
DC6C
100
AcDbEntity
  8
wall
100
AcDbLine
 39
0.0
 10
5101.4017
 20
664.9499
 30
0.0
 11
5101.4017
 21
657.1302
 31
0.0
  0
LINE
  5
DCA5
330
DC6C
100
AcDbEntity
  8
wall
 62
     3
100
AcDbLine
 39
0.0
 10
5035.4017
 20
660.1302
 30
0.0
 11
5059.427
 21
660.1302
 31
0.0
  0
LINE
  5
DCA6
330
DC6C
100
AcDbEntity
  8
wall
 62
     3
100
AcDbLine
 39
0.0
 10
5101.4017
 20
660.1302
 30
0.0
 11
5077.3765
 21
660.1302
 31
0.0
  0
INSERT
  5
DCA7
330
DC6C
100
AcDbEntity
  8
wall
 62
     3
100
AcDbBlockReference
  2
_ArchTick
 10
5035.4017
 20
660.1302
 30
0.0
 41
4.0
 42
4.0
 43
4.0
 50
180.0
 70
     0
 71
     0
 44
0.0
 45
0.0
  0
INSERT
  5
DCA8
330
DC6C
100
AcDbEntity
  8
wall
 62
     3
100
AcDbBlockReference
  2
_ArchTick
 10
5101.4017
 20
660.1302
 30
0.0
 41
4.0
 42
4.0
 43
4.0
 50
0.0
 70
     0
 71
     0
 44
0.0
 45
0.0
  0
MTEXT
  5
DCA9
330
DC6C
100
AcDbEntity
  8
wall
 62
     0
100
AcDbMText
 10
5068.4017
 20
660.1302
 30
0.0
 40
6.0
 41
0.0
 50
0.0
 46
0.0
 71
     5
 72
     1
  1
5'-6"
 73
     1
 44
1.0
 90
        0
 75
     0
 78
     0
 79
     0
 48
0.0
 49
0.0
  0
POINT
  5
DCAA
330
DC6C
100
AcDbEntity
  8
Defpoints
 62
     0
100
AcDbPoint
 10
5035.4017
 20
671.1893
 30
0.0
  0
POINT
  5
DCAB
330
DC6C
100
AcDbEntity
  8
Defpoints
 62
     0
100
AcDbPoint
 10
5101.4017
 20
668.9499
 30
0.0
  0
POINT
  5
DCAC
330
DC6C
100
AcDbEntity
  8
Defpoints
 62
     0
100
AcDbPoint
 10
5101.4017
 20
660.1302
 30
0.0
  0
ENDBLK
  5
DC6E
330
DC6C
100
AcDbEntity
  8
0
100
AcDbBlockEnd
  0
BLOCK
  5
DCED
330
DCEC
100
AcDbEntity
  8
0
100
AcDbBlockBegin
  2
*D345
 70
     1
 10
0.0
 20
0.0
 30
0.0
  3
*D345
  1

  0
LINE
  5
DDBE
330
DCEC
100
AcDbEntity
  8
wall
100
AcDbLine
 39
0.0
 10
5174.984
 20
701.5689
 30
0.0
 11
5174.984
 21
707.2854
 31
0.0
  0
LINE
  5
DDBF
330
DCEC
100
AcDbEntity
  8
wall
100
AcDbLine
 39
0.0
 10
5246.984
 20
701.5689
 30
0.0
 11
5246.984
 21
707.2854
 31
0.0
  0
LINE
  5
DDC0
330
DCEC
100
AcDbEntity
  8
wall
 62
     3
100
AcDbLine
 39
0.0
 10
5174.984
 20
704.2854
 30
0.0
 11
5207.2071
 21
704.2854
 31
0.0
  0
LINE
  5
DDC1
330
DCEC
100
AcDbEntity
  8
wall
 62
     3
100
AcDbLine
 39
0.0
 10
5246.984
 20
704.2854
 30
0.0
 11
5214.761
 21
704.2854
 31
0.0
  0
INSERT
  5
DDC2
330
DCEC
100
AcDbEntity
  8
wall
 62
     3
100
AcDbBlockReference
  2
_ArchTick
 10
5174.984
 20
704.2854
 30
0.0
 41
4.0
 42
4.0
 43
4.0
 50
180.0
 70
     0
 71
     0
 44
0.0
 45
0.0
  0
INSERT
  5
DDC3
330
DCEC
100
AcDbEntity
  8
wall
 62
     3
100
AcDbBlockReference
  2
_ArchTick
 10
5246.984
 20
704.2854
 30
0.0
 41
4.0
 42
4.0
 43
4.0
 50
0.0
 70
     0
 71
     0
 44
0.0
 45
0.0
  0
MTEXT
  5
DDC4
330
DCEC
100
AcDbEntity
  8
wall
 62
     0
100
AcDbMText
 10
5210.984
 20
704.2854
 30
0.0
 40
6.0
 41
0.0
 50
0.0
 46
0.0
 71
     5
 72
     1
  1
6'
 73
     1
 44
1.0
 90
        0
 75
     0
 78
     0
 79
     0
 48
0.0
 49
0.0
  0
POINT
  5
DDC5
330
DCEC
100
AcDbEntity
  8
Defpoints
 62
     0
100
AcDbPoint
 10
5174.984
 20
697.5689
 30
0.0
  0
POINT
  5
DDC6
330
DCEC
100
AcDbEntity
  8
Defpoints
 62
     0
100
AcDbPoint
 10
5246.984
 20
697.5689
 30
0.0
  0
POINT
  5
DDC7
330
DCEC
100
AcDbEntity
  8
Defpoints
 62
     0
100
AcDbPoint
 10
5246.984
 20
704.2854
 30
0.0
  0
ENDBLK
  5
DCEE
330
DCEC
100
AcDbEntity
  8
0
100
AcDbBlockEnd
  0
BLOCK
  5
DD18
330
DD17
100
AcDbEntity
  8
0
100
AcDbBlockBegin
  2
*D346
 70
     1
 10
0.0
 20
0.0
 30
0.0
  3
*D346
  1

  0
LINE
  5
DD6E
330
DD17
100
AcDbEntity
  8
wall
100
AcDbLine
 39
0.0
 10
5087.4446
 20
473.4251
 30
0.0
 11
5100.1521
 21
473.4251
 31
0.0
  0
LINE
  5
DD6F
330
DD17
100
AcDbEntity
  8
wall
100
AcDbLine
 39
0.0
 10
5087.4446
 20
503.4251
 30
0.0
 11
5100.1521
 21
503.4251
 31
0.0
  0
LINE
  5
DD70
330
DD17
100
AcDbEntity
  8
wall
 62
     3
100
AcDbLine
 39
0.0
 10
5097.1521
 20
473.4251
 30
0.0
 11
5097.1521
 21
479.3992
 31
0.0
  0
LINE
  5
DD71
330
DD17
100
AcDbEntity
  8
wall
 62
     3
100
AcDbLine
 39
0.0
 10
5097.1521
 20
503.4251
 30
0.0
 11
5097.1521
 21
497.451
 31
0.0
  0
INSERT
  5
DD72
330
DD17
100
AcDbEntity
  8
wall
 62
     3
100
AcDbBlockReference
  2
_ArchTick
 10
5097.1521
 20
473.4251
 30
0.0
 41
4.0
 42
4.0
 43
4.0
 50
270.0
 70
     0
 71
     0
 44
0.0
 45
0.0
  0
INSERT
  5
DD73
330
DD17
100
AcDbEntity
  8
wall
 62
     3
100
AcDbBlockReference
  2
_ArchTick
 10
5097.1521
 20
503.4251
 30
0.0
 41
4.0
 42
4.0
 43
4.0
 50
90.0
 70
     0
 71
     0
 44
0.0
 45
0.0
  0
MTEXT
  5
DD74
330
DD17
100
AcDbEntity
  8
wall
 62
     0
100
AcDbMText
 10
5097.1521
 20
488.4251
 30
0.0
 40
6.0
 41
0.0
 50
0.0
 46
0.0
 71
     5
 72
     1
  1
2'-6"
 11
0.0
 21
1.0
 31
0.0
 73
     1
 44
1.0
 90
        0
 75
     0
 78
     0
 79
     0
 48
0.0
 49
0.0
  0
POINT
  5
DD75
330
DD17
100
AcDbEntity
  8
Defpoints
 62
     0
100
AcDbPoint
 10
5083.4446
 20
473.4251
 30
0.0
  0
POINT
  5
DD76
330
DD17
100
AcDbEntity
  8
Defpoints
 62
     0
100
AcDbPoint
 10
5083.4446
 20
503.4251
 30
0.0
  0
POINT
  5
DD77
330
DD17
100
AcDbEntity
  8
Defpoints
 62
     0
100
AcDbPoint
 10
5097.1521
 20
503.4251
 30
0.0
  0
ENDBLK
  5
DD19
330
DD17
100
AcDbEntity
  8
0
100
AcDbBlockEnd
  0
BLOCK
  5
DD8E
330
DD8D
100
AcDbEntity
  8
0
100
AcDbBlockBegin
  2
*D349
 70
     1
 10
0.0
 20
0.0
 30
0.0
  3
*D349
  1

  0
LINE
  5
DE05
330
DD8D
100
AcDbEntity
  8
wall
100
AcDbLine
 39
0.0
 10
5035.4446
 20
426.1446
 30
0.0
 11
5035.4446
 21
435.7935
 31
0.0
  0
LINE
  5
DE06
330
DD8D
100
AcDbEntity
  8
wall
100
AcDbLine
 39
0.0
 10
5083.4446
 20
426.1446
 30
0.0
 11
5083.4446
 21
435.7935
 31
0.0
  0
LINE
  5
DE07
330
DD8D
100
AcDbEntity
  8
wall
 62
     3
100
AcDbLine
 39
0.0
 10
5035.4446
 20
432.7935
 30
0.0
 11
5055.5633
 21
432.7935
 31
0.0
  0
LINE
  5
DE08
330
DD8D
100
AcDbEntity
  8
wall
 62
     3
100
AcDbLine
 39
0.0
 10
5083.4446
 20
432.7935
 30
0.0
 11
5063.3259
 21
432.7935
 31
0.0
  0
INSERT
  5
DE09
330
DD8D
100
AcDbEntity
  8
wall
 62
     3
100
AcDbBlockReference
  2
_ArchTick
 10
5035.4446
 20
432.7935
 30
0.0
 41
4.0
 42
4.0
 43
4.0
 50
180.0
 70
     0
 71
     0
 44
0.0
 45
0.0
  0
INSERT
  5
DE0A
330
DD8D
100
AcDbEntity
  8
wall
 62
     3
100
AcDbBlockReference
  2
_ArchTick
 10
5083.4446
 20
432.7935
 30
0.0
 41
4.0
 42
4.0
 43
4.0
 50
0.0
 70
     0
 71
     0
 44
0.0
 45
0.0
  0
MTEXT
  5
DE0B
330
DD8D
100
AcDbEntity
  8
wall
 62
     0
100
AcDbMText
 10
5059.4446
 20
432.7935
 30
0.0
 40
6.0
 41
0.0
 50
0.0
 46
0.0
 71
     5
 72
     1
  1
4'
 73
     1
 44
1.0
 90
        0
 75
     0
 78
     0
 79
     0
 48
0.0
 49
0.0
  0
POINT
  5
DE0C
330
DD8D
100
AcDbEntity
  8
Defpoints
 62
     0
100
AcDbPoint
 10
5035.4446
 20
422.1446
 30
0.0
  0
POINT
  5
DE0D
330
DD8D
100
AcDbEntity
  8
Defpoints
 62
     0
100
AcDbPoint
 10
5083.4446
 20
422.1446
 30
0.0
  0
POINT
  5
DE0E
330
DD8D
100
AcDbEntity
  8
Defpoints
 62
     0
100
AcDbPoint
 10
5083.4446
 20
432.7935
 30
0.0
  0
ENDBLK
  5
DD8F
330
DD8D
100
AcDbEntity
  8
0
100
AcDbBlockEnd
  0
BLOCK
  5
DDDA
330
DDD9
100
AcDbEntity
  8
0
100
AcDbBlockBegin
  2
*D350
 70
     1
 10
0.0
 20
0.0
 30
0.0
  3
*D350
  1

  0
LINE
  5
DE0F
330
DDD9
100
AcDbEntity
  8
wall
100
AcDbLine
 39
0.0
 10
5305.4759
 20
426.1446
 30
0.0
 11
5305.4759
 21
435.7935
 31
0.0
  0
LINE
  5
DE10
330
DDD9
100
AcDbEntity
  8
wall
100
AcDbLine
 39
0.0
 10
5353.4759
 20
426.1446
 30
0.0
 11
5353.4759
 21
435.7935
 31
0.0
  0
LINE
  5
DE11
330
DDD9
100
AcDbEntity
  8
wall
 62
     3
100
AcDbLine
 39
0.0
 10
5305.4759
 20
432.7935
 30
0.0
 11
5325.5946
 21
432.7935
 31
0.0
  0
LINE
  5
DE12
330
DDD9
100
AcDbEntity
  8
wall
 62
     3
100
AcDbLine
 39
0.0
 10
5353.4759
 20
432.7935
 30
0.0
 11
5333.3572
 21
432.7935
 31
0.0
  0
INSERT
  5
DE13
330
DDD9
100
AcDbEntity
  8
wall
 62
     3
100
AcDbBlockReference
  2
_ArchTick
 10
5305.4759
 20
432.7935
 30
0.0
 41
4.0
 42
4.0
 43
4.0
 50
180.0
 70
     0
 71
     0
 44
0.0
 45
0.0
  0
INSERT
  5
DE14
330
DDD9
100
AcDbEntity
  8
wall
 62
     3
100
AcDbBlockReference
  2
_ArchTick
 10
5353.4759
 20
432.7935
 30
0.0
 41
4.0
 42
4.0
 43
4.0
 50
0.0
 70
     0
 71
     0
 44
0.0
 45
0.0
  0
MTEXT
  5
DE15
330
DDD9
100
AcDbEntity
  8
wall
 62
     0
100
AcDbMText
 10
5329.4759
 20
432.7935
 30
0.0
 40
6.0
 41
0.0
 50
0.0
 46
0.0
 71
     5
 72
     1
  1
4'
 73
     1
 44
1.0
 90
        0
 75
     0
 78
     0
 79
     0
 48
0.0
 49
0.0
  0
POINT
  5
DE16
330
DDD9
100
AcDbEntity
  8
Defpoints
 62
     0
100
AcDbPoint
 10
5305.4759
 20
422.1446
 30
0.0
  0
POINT
  5
DE17
330
DDD9
100
AcDbEntity
  8
Defpoints
 62
     0
100
AcDbPoint
 10
5353.4759
 20
422.1446
 30
0.0
  0
POINT
  5
DE18
330
DDD9
100
AcDbEntity
  8
Defpoints
 62
     0
100
AcDbPoint
 10
5353.4759
 20
432.7935
 30
0.0
  0
ENDBLK
  5
DDDB
330
DDD9
100
AcDbEntity
  8
0
100
AcDbBlockEnd
  0
BLOCK
  5
E0C1
330
E0C0
100
AcDbEntity
  8
0
100
AcDbBlockBegin
  2
*D365
 70
     1
 10
0.0
 20
0.0
 30
0.0
  3
*D365
  1

  0
LINE
  5
E0F3
330
E0C0
100
AcDbEntity
  8
wall
100
AcDbLine
 39
0.0
 10
5007.4759
 20
776.4251
 30
0.0
 11
4987.8479
 21
776.4251
 31
0.0
  0
LINE
  5
E0F4
330
E0C0
100
AcDbEntity
  8
wall
100
AcDbLine
 39
0.0
 10
5007.4759
 20
716.4251
 30
0.0
 11
4987.8479
 21
716.4251
 31
0.0
  0
LINE
  5
E0F5
330
E0C0
100
AcDbEntity
  8
wall
 62
     3
100
AcDbLine
 39
0.0
 10
4990.8479
 20
776.4251
 30
0.0
 11
4990.8479
 21
750.1856
 31
0.0
  0
LINE
  5
E0F6
330
E0C0
100
AcDbEntity
  8
wall
 62
     3
100
AcDbLine
 39
0.0
 10
4990.8479
 20
716.4251
 30
0.0
 11
4990.8479
 21
742.6645
 31
0.0
  0
INSERT
  5
E0F7
330
E0C0
100
AcDbEntity
  8
wall
 62
     3
100
AcDbBlockReference
  2
_ArchTick
 10
4990.8479
 20
776.4251
 30
0.0
 41
4.0
 42
4.0
 43
4.0
 50
90.0
 70
     0
 71
     0
 44
0.0
 45
0.0
  0
INSERT
  5
E0F8
330
E0C0
100
AcDbEntity
  8
wall
 62
     3
100
AcDbBlockReference
  2
_ArchTick
 10
4990.8479
 20
716.4251
 30
0.0
 41
4.0
 42
4.0
 43
4.0
 50
270.0
 70
     0
 71
     0
 44
0.0
 45
0.0
  0
MTEXT
  5
E0F9
330
E0C0
100
AcDbEntity
  8
wall
 62
     0
100
AcDbMText
 10
4990.8479
 20
746.4251
 30
0.0
 40
6.0
 41
0.0
 50
0.0
 46
0.0
 71
     5
 72
     1
  1
5'
 11
0.0
 21
1.0
 31
0.0
 73
     1
 44
1.0
 90
        0
 75
     0
 78
     0
 79
     0
 48
0.0
 49
0.0
  0
POINT
  5
E0FA
330
E0C0
100
AcDbEntity
  8
Defpoints
 62
     0
100
AcDbPoint
 10
5011.4759
 20
776.4251
 30
0.0
  0
POINT
  5
E0FB
330
E0C0
100
AcDbEntity
  8
Defpoints
 62
     0
100
AcDbPoint
 10
5011.4759
 20
716.4251
 30
0.0
  0
POINT
  5
E0FC
330
E0C0
100
AcDbEntity
  8
Defpoints
 62
     0
100
AcDbPoint
 10
4990.8479
 20
716.4251
 30
0.0
  0
ENDBLK
  5
E0C2
330
E0C0
100
AcDbEntity
  8
0
100
AcDbBlockEnd
  0
BLOCK
  5
E0DB
330
E0DA
100
AcDbEntity
  8
0
100
AcDbBlockBegin
  2
*D366
 70
     1
 10
0.0
 20
0.0
 30
0.0
  3
*D366
  1

  0
LINE
  5
E0FD
330
E0DA
100
AcDbEntity
  8
wall
100
AcDbLine
 39
0.0
 10
5007.4759
 20
711.9251
 30
0.0
 11
4988.3444
 21
711.9251
 31
0.0
  0
LINE
  5
E0FE
330
E0DA
100
AcDbEntity
  8
wall
100
AcDbLine
 39
0.0
 10
5007.4759
 20
572.4251
 30
0.0
 11
4988.3444
 21
572.4251
 31
0.0
  0
LINE
  5
E0FF
330
E0DA
100
AcDbEntity
  8
wall
 62
     3
100
AcDbLine
 39
0.0
 10
4991.3444
 20
711.9251
 30
0.0
 11
4991.3444
 21
655.3858
 31
0.0
  0
LINE
  5
E100
330
E0DA
100
AcDbEntity
  8
wall
 62
     3
100
AcDbLine
 39
0.0
 10
4991.3444
 20
572.4251
 30
0.0
 11
4991.3444
 21
628.9643
 31
0.0
  0
INSERT
  5
E101
330
E0DA
100
AcDbEntity
  8
wall
 62
     3
100
AcDbBlockReference
  2
_ArchTick
 10
4991.3444
 20
711.9251
 30
0.0
 41
4.0
 42
4.0
 43
4.0
 50
90.0
 70
     0
 71
     0
 44
0.0
 45
0.0
  0
INSERT
  5
E102
330
E0DA
100
AcDbEntity
  8
wall
 62
     3
100
AcDbBlockReference
  2
_ArchTick
 10
4991.3444
 20
572.4251
 30
0.0
 41
4.0
 42
4.0
 43
4.0
 50
270.0
 70
     0
 71
     0
 44
0.0
 45
0.0
  0
MTEXT
  5
E103
330
E0DA
100
AcDbEntity
  8
wall
 62
     0
100
AcDbMText
 10
4991.3444
 20
642.1751
 30
0.0
 40
6.0
 41
0.0
 50
0.0
 46
0.0
 71
     5
 72
     1
  1
11'-7{\H1.000000x;\S1/2;}"
 11
0.0
 21
1.0
 31
0.0
 73
     1
 44
1.0
 90
        0
 75
     0
 78
     0
 79
     0
 48
0.0
 49
0.0
  0
POINT
  5
E104
330
E0DA
100
AcDbEntity
  8
Defpoints
 62
     0
100
AcDbPoint
 10
5011.4759
 20
711.9251
 30
0.0
  0
POINT
  5
E105
330
E0DA
100
AcDbEntity
  8
Defpoints
 62
     0
100
AcDbPoint
 10
5011.4759
 20
572.4251
 30
0.0
  0
POINT
  5
E106
330
E0DA
100
AcDbEntity
  8
Defpoints
 62
     0
100
AcDbPoint
 10
4991.3444
 20
572.4251
 30
0.0
  0
ENDBLK
  5
E0DC
330
E0DA
100
AcDbEntity
  8
0
100
AcDbBlockEnd
  0
BLOCK
  5
E109
330
E108
100
AcDbEntity
  8
0
100
AcDbBlockBegin
  2
*D367
 70
     1
 10
0.0
 20
0.0
 30
0.0
  3
*D367
  1

  0
LINE
  5
E135
330
E108
100
AcDbEntity
  8
wall
100
AcDbLine
 39
0.0
 10
5007.4759
 20
567.9251
 30
0.0
 11
4988.4454
 21
567.9251
 31
0.0
  0
LINE
  5
E136
330
E108
100
AcDbEntity
  8
wall
100
AcDbLine
 39
0.0
 10
5037.4759
 20
507.9251
 30
0.0
 11
4988.4454
 21
507.9251
 31
0.0
  0
LINE
  5
E137
330
E108
100
AcDbEntity
  8
wall
 62
     3
100
AcDbLine
 39
0.0
 10
4991.4454
 20
567.9251
 30
0.0
 11
4991.4454
 21
541.6856
 31
0.0
  0
LINE
  5
E138
330
E108
100
AcDbEntity
  8
wall
 62
     3
100
AcDbLine
 39
0.0
 10
4991.4454
 20
507.9251
 30
0.0
 11
4991.4454
 21
534.1645
 31
0.0
  0
INSERT
  5
E139
330
E108
100
AcDbEntity
  8
wall
 62
     3
100
AcDbBlockReference
  2
_ArchTick
 10
4991.4454
 20
567.9251
 30
0.0
 41
4.0
 42
4.0
 43
4.0
 50
90.0
 70
     0
 71
     0
 44
0.0
 45
0.0
  0
INSERT
  5
E13A
330
E108
100
AcDbEntity
  8
wall
 62
     3
100
AcDbBlockReference
  2
_ArchTick
 10
4991.4454
 20
507.9251
 30
0.0
 41
4.0
 42
4.0
 43
4.0
 50
270.0
 70
     0
 71
     0
 44
0.0
 45
0.0
  0
MTEXT
  5
E13B
330
E108
100
AcDbEntity
  8
wall
 62
     0
100
AcDbMText
 10
4991.4454
 20
537.9251
 30
0.0
 40
6.0
 41
0.0
 50
0.0
 46
0.0
 71
     5
 72
     1
  1
5'
 11
0.0
 21
1.0
 31
0.0
 73
     1
 44
1.0
 90
        0
 75
     0
 78
     0
 79
     0
 48
0.0
 49
0.0
  0
POINT
  5
E13C
330
E108
100
AcDbEntity
  8
Defpoints
 62
     0
100
AcDbPoint
 10
5011.4759
 20
567.9251
 30
0.0
  0
POINT
  5
E13D
330
E108
100
AcDbEntity
  8
Defpoints
 62
     0
100
AcDbPoint
 10
5041.4759
 20
507.9251
 30
0.0
  0
POINT
  5
E13E
330
E108
100
AcDbEntity
  8
Defpoints
 62
     0
100
AcDbPoint
 10
4991.4454
 20
507.9251
 30
0.0
  0
ENDBLK
  5
E10A
330
E108
100
AcDbEntity
  8
0
100
AcDbBlockEnd
  0
BLOCK
  5
E1FF
330
E1FE
100
AcDbEntity
  8
0
100
AcDbBlockBegin
  2
*D368
 70
     1
 10
0.0
 20
0.0
 30
0.0
  3
*D368
  1

  0
LINE
  5
E24B
330
E1FE
100
AcDbEntity
  8
wall
100
AcDbLine
 39
0.0
 10
5011.4759
 20
780.4251
 30
0.0
 11
5011.4759
 21
798.2728
 31
0.0
  0
LINE
  5
E24C
330
E1FE
100
AcDbEntity
  8
wall
100
AcDbLine
 39
0.0
 10
5131.4759
 20
780.4251
 30
0.0
 11
5131.4759
 21
798.2728
 31
0.0
  0
LINE
  5
E24D
330
E1FE
100
AcDbEntity
  8
wall
 62
     3
100
AcDbLine
 39
0.0
 10
5011.4759
 20
795.2728
 30
0.0
 11
5065.6669
 21
795.2728
 31
0.0
  0
LINE
  5
E24E
330
E1FE
100
AcDbEntity
  8
wall
 62
     3
100
AcDbLine
 39
0.0
 10
5131.4759
 20
795.2728
 30
0.0
 11
5077.2849
 21
795.2728
 31
0.0
  0
INSERT
  5
E24F
330
E1FE
100
AcDbEntity
  8
wall
 62
     3
100
AcDbBlockReference
  2
_ArchTick
 10
5011.4759
 20
795.2728
 30
0.0
 41
4.0
 42
4.0
 43
4.0
 50
180.0
 70
     0
 71
     0
 44
0.0
 45
0.0
  0
INSERT
  5
E250
330
E1FE
100
AcDbEntity
  8
wall
 62
     3
100
AcDbBlockReference
  2
_ArchTick
 10
5131.4759
 20
795.2728
 30
0.0
 41
4.0
 42
4.0
 43
4.0
 50
0.0
 70
     0
 71
     0
 44
0.0
 45
0.0
  0
MTEXT
  5
E251
330
E1FE
100
AcDbEntity
  8
wall
 62
     0
100
AcDbMText
 10
5071.4759
 20
795.2728
 30
0.0
 40
6.0
 41
0.0
 50
0.0
 46
0.0
 71
     5
 72
     1
  1
10'
 73
     1
 44
1.0
 90
        0
 75
     0
 78
     0
 79
     0
 48
0.0
 49
0.0
  0
POINT
  5
E252
330
E1FE
100
AcDbEntity
  8
Defpoints
 62
     0
100
AcDbPoint
 10
5011.4759
 20
776.4251
 30
0.0
  0
POINT
  5
E253
330
E1FE
100
AcDbEntity
  8
Defpoints
 62
     0
100
AcDbPoint
 10
5131.4759
 20
776.4251
 30
0.0
  0
POINT
  5
E254
330
E1FE
100
AcDbEntity
  8
Defpoints
 62
     0
100
AcDbPoint
 10
5131.4759
 20
795.2728
 30
0.0
  0
ENDBLK
  5
E200
330
E1FE
100
AcDbEntity
  8
0
100
AcDbBlockEnd
  0
BLOCK
  5
E219
330
E218
100
AcDbEntity
  8
0
100
AcDbBlockBegin
  2
*D369
 70
     1
 10
0.0
 20
0.0
 30
0.0
  3
*D369
  1

  0
LINE
  5
E226
330
E218
100
AcDbEntity
  8
wall
100
AcDbLine
 39
0.0
 10
5135.9759
 20
780.4251
 30
0.0
 11
5135.9759
 21
798.1362
 31
0.0
  0
LINE
  5
E227
330
E218
100
AcDbEntity
  8
wall
100
AcDbLine
 39
0.0
 10
5300.9759
 20
780.4251
 30
0.0
 11
5300.9759
 21
798.1362
 31
0.0
  0
LINE
  5
E228
330
E218
100
AcDbEntity
  8
wall
 62
     3
100
AcDbLine
 39
0.0
 10
5135.9759
 20
795.1362
 30
0.0
 11
5207.4527
 21
795.1362
 31
0.0
  0
LINE
  5
E229
330
E218
100
AcDbEntity
  8
wall
 62
     3
100
AcDbLine
 39
0.0
 10
5300.9759
 20
795.1362
 30
0.0
 11
5229.4991
 21
795.1362
 31
0.0
  0
INSERT
  5
E22A
330
E218
100
AcDbEntity
  8
wall
 62
     3
100
AcDbBlockReference
  2
_ArchTick
 10
5135.9759
 20
795.1362
 30
0.0
 41
4.0
 42
4.0
 43
4.0
 50
180.0
 70
     0
 71
     0
 44
0.0
 45
0.0
  0
INSERT
  5
E22B
330
E218
100
AcDbEntity
  8
wall
 62
     3
100
AcDbBlockReference
  2
_ArchTick
 10
5300.9759
 20
795.1362
 30
0.0
 41
4.0
 42
4.0
 43
4.0
 50
0.0
 70
     0
 71
     0
 44
0.0
 45
0.0
  0
MTEXT
  5
E22C
330
E218
100
AcDbEntity
  8
wall
 62
     0
100
AcDbMText
 10
5218.4759
 20
795.1362
 30
0.0
 40
6.0
 41
0.0
 50
0.0
 46
0.0
 71
     5
 72
     1
  1
13'-9"
 73
     1
 44
1.0
 90
        0
 75
     0
 78
     0
 79
     0
 48
0.0
 49
0.0
  0
POINT
  5
E22D
330
E218
100
AcDbEntity
  8
Defpoints
 62
     0
100
AcDbPoint
 10
5135.9759
 20
776.4251
 30
0.0
  0
POINT
  5
E22E
330
E218
100
AcDbEntity
  8
Defpoints
 62
     0
100
AcDbPoint
 10
5300.9759
 20
776.4251
 30
0.0
  0
POINT
  5
E22F
330
E218
100
AcDbEntity
  8
Defpoints
 62
     0
100
AcDbPoint
 10
5300.9759
 20
795.1362
 30
0.0
  0
ENDBLK
  5
E21A
330
E218
100
AcDbEntity
  8
0
100
AcDbBlockEnd
  0
BLOCK
  5
E233
330
E232
100
AcDbEntity
  8
0
100
AcDbBlockBegin
  2
*D370
 70
     1
 10
0.0
 20
0.0
 30
0.0
  3
*D370
  1

  0
LINE
  5
E240
330
E232
100
AcDbEntity
  8
wall
100
AcDbLine
 39
0.0
 10
5305.4759
 20
780.4251
 30
0.0
 11
5305.4759
 21
798.1612
 31
0.0
  0
LINE
  5
E241
330
E232
100
AcDbEntity
  8
wall
100
AcDbLine
 39
0.0
 10
5377.4759
 20
780.4251
 30
0.0
 11
5377.4759
 21
798.1612
 31
0.0
  0
LINE
  5
E242
330
E232
100
AcDbEntity
  8
wall
 62
     3
100
AcDbLine
 39
0.0
 10
5305.4759
 20
795.1612
 30
0.0
 11
5337.699
 21
795.1612
 31
0.0
  0
LINE
  5
E243
330
E232
100
AcDbEntity
  8
wall
 62
     3
100
AcDbLine
 39
0.0
 10
5377.4759
 20
795.1612
 30
0.0
 11
5345.2529
 21
795.1612
 31
0.0
  0
INSERT
  5
E244
330
E232
100
AcDbEntity
  8
wall
 62
     3
100
AcDbBlockReference
  2
_ArchTick
 10
5305.4759
 20
795.1612
 30
0.0
 41
4.0
 42
4.0
 43
4.0
 50
180.0
 70
     0
 71
     0
 44
0.0
 45
0.0
  0
INSERT
  5
E245
330
E232
100
AcDbEntity
  8
wall
 62
     3
100
AcDbBlockReference
  2
_ArchTick
 10
5377.4759
 20
795.1612
 30
0.0
 41
4.0
 42
4.0
 43
4.0
 50
0.0
 70
     0
 71
     0
 44
0.0
 45
0.0
  0
MTEXT
  5
E246
330
E232
100
AcDbEntity
  8
wall
 62
     0
100
AcDbMText
 10
5341.4759
 20
795.1612
 30
0.0
 40
6.0
 41
0.0
 50
0.0
 46
0.0
 71
     5
 72
     1
  1
6'
 73
     1
 44
1.0
 90
        0
 75
     0
 78
     0
 79
     0
 48
0.0
 49
0.0
  0
POINT
  5
E247
330
E232
100
AcDbEntity
  8
Defpoints
 62
     0
100
AcDbPoint
 10
5305.4759
 20
776.4251
 30
0.0
  0
POINT
  5
E248
330
E232
100
AcDbEntity
  8
Defpoints
 62
     0
100
AcDbPoint
 10
5377.4759
 20
776.4251
 30
0.0
  0
POINT
  5
E249
330
E232
100
AcDbEntity
  8
Defpoints
 62
     0
100
AcDbPoint
 10
5377.4759
 20
795.1612
 30
0.0
  0
ENDBLK
  5
E234
330
E232
100
AcDbEntity
  8
0
100
AcDbBlockEnd
  0
BLOCK
  5
E261
330
E260
100
AcDbEntity
  8
0
100
AcDbBlockBegin
  2
*D371
 70
     1
 10
0.0
 20
0.0
 30
0.0
  3
*D371
  1

  0
LINE
  5
E26E
330
E260
100
AcDbEntity
  8
wall
100
AcDbLine
 39
0.0
 10
5381.4759
 20
776.4251
 30
0.0
 11
5398.7913
 21
776.4251
 31
0.0
  0
LINE
  5
E26F
330
E260
100
AcDbEntity
  8
wall
100
AcDbLine
 39
0.0
 10
5381.4759
 20
726.8785
 30
0.0
 11
5398.7913
 21
726.8785
 31
0.0
  0
LINE
  5
E270
330
E260
100
AcDbEntity
  8
wall
 62
     3
100
AcDbLine
 39
0.0
 10
5395.7913
 20
776.4251
 30
0.0
 11
5395.7913
 21
762.9348
 31
0.0
  0
LINE
  5
E271
330
E260
100
AcDbEntity
  8
wall
 62
     3
100
AcDbLine
 39
0.0
 10
5395.7913
 20
726.8785
 30
0.0
 11
5395.7913
 21
740.3687
 31
0.0
  0
INSERT
  5
E272
330
E260
100
AcDbEntity
  8
wall
 62
     3
100
AcDbBlockReference
  2
_ArchTick
 10
5395.7913
 20
776.4251
 30
0.0
 41
4.0
 42
4.0
 43
4.0
 50
90.0
 70
     0
 71
     0
 44
0.0
 45
0.0
  0
INSERT
  5
E273
330
E260
100
AcDbEntity
  8
wall
 62
     3
100
AcDbBlockReference
  2
_ArchTick
 10
5395.7913
 20
726.8785
 30
0.0
 41
4.0
 42
4.0
 43
4.0
 50
270.0
 70
     0
 71
     0
 44
0.0
 45
0.0
  0
MTEXT
  5
E274
330
E260
100
AcDbEntity
  8
wall
 62
     0
100
AcDbMText
 10
5395.7913
 20
751.6518
 30
0.0
 40
6.0
 41
0.0
 50
0.0
 46
0.0
 71
     5
 72
     1
  1
4'-1{\H1.000000x;\S1/2;}"
 11
0.0
 21
1.0
 31
0.0
 73
     1
 44
1.0
 90
        0
 75
     0
 78
     0
 79
     0
 48
0.0
 49
0.0
  0
POINT
  5
E275
330
E260
100
AcDbEntity
  8
Defpoints
 62
     0
100
AcDbPoint
 10
5377.4759
 20
776.4251
 30
0.0
  0
POINT
  5
E276
330
E260
100
AcDbEntity
  8
Defpoints
 62
     0
100
AcDbPoint
 10
5377.4759
 20
726.8785
 30
0.0
  0
POINT
  5
E277
330
E260
100
AcDbEntity
  8
Defpoints
 62
     0
100
AcDbPoint
 10
5395.7913
 20
726.8785
 30
0.0
  0
ENDBLK
  5
E262
330
E260
100
AcDbEntity
  8
0
100
AcDbBlockEnd
  0
BLOCK
  5
E27B
330
E27A
100
AcDbEntity
  8
0
100
AcDbBlockBegin
  2
*D372
 70
     1
 10
0.0
 20
0.0
 30
0.0
  3
*D372
  1

  0
LINE
  5
E288
330
E27A
100
AcDbEntity
  8
wall
100
AcDbLine
 39
0.0
 10
5381.4759
 20
722.3785
 30
0.0
 11
5400.0905
 21
722.3785
 31
0.0
  0
LINE
  5
E289
330
E27A
100
AcDbEntity
  8
wall
100
AcDbLine
 39
0.0
 10
5381.4759
 20
638.3785
 30
0.0
 11
5400.0905
 21
638.3785
 31
0.0
  0
LINE
  5
E28A
330
E27A
100
AcDbEntity
  8
wall
 62
     3
100
AcDbLine
 39
0.0
 10
5397.0905
 20
722.3785
 30
0.0
 11
5397.0905
 21
684.1145
 31
0.0
  0
LINE
  5
E28B
330
E27A
100
AcDbEntity
  8
wall
 62
     3
100
AcDbLine
 39
0.0
 10
5397.0905
 20
638.3785
 30
0.0
 11
5397.0905
 21
676.6425
 31
0.0
  0
INSERT
  5
E28C
330
E27A
100
AcDbEntity
  8
wall
 62
     3
100
AcDbBlockReference
  2
_ArchTick
 10
5397.0905
 20
722.3785
 30
0.0
 41
4.0
 42
4.0
 43
4.0
 50
90.0
 70
     0
 71
     0
 44
0.0
 45
0.0
  0
INSERT
  5
E28D
330
E27A
100
AcDbEntity
  8
wall
 62
     3
100
AcDbBlockReference
  2
_ArchTick
 10
5397.0905
 20
638.3785
 30
0.0
 41
4.0
 42
4.0
 43
4.0
 50
270.0
 70
     0
 71
     0
 44
0.0
 45
0.0
  0
MTEXT
  5
E28E
330
E27A
100
AcDbEntity
  8
wall
 62
     0
100
AcDbMText
 10
5397.0905
 20
680.3785
 30
0.0
 40
6.0
 41
0.0
 50
0.0
 46
0.0
 71
     5
 72
     1
  1
7'
 11
0.0
 21
1.0
 31
0.0
 73
     1
 44
1.0
 90
        0
 75
     0
 78
     0
 79
     0
 48
0.0
 49
0.0
  0
POINT
  5
E28F
330
E27A
100
AcDbEntity
  8
Defpoints
 62
     0
100
AcDbPoint
 10
5377.4759
 20
722.3785
 30
0.0
  0
POINT
  5
E290
330
E27A
100
AcDbEntity
  8
Defpoints
 62
     0
100
AcDbPoint
 10
5377.4759
 20
638.3785
 30
0.0
  0
POINT
  5
E291
330
E27A
100
AcDbEntity
  8
Defpoints
 62
     0
100
AcDbPoint
 10
5397.0905
 20
638.3785
 30
0.0
  0
ENDBLK
  5
E27C
330
E27A
100
AcDbEntity
  8
0
100
AcDbBlockEnd
  0
BLOCK
  5
E295
330
E294
100
AcDbEntity
  8
0
100
AcDbBlockBegin
  2
*D373
 70
     1
 10
0.0
 20
0.0
 30
0.0
  3
*D373
  1

  0
LINE
  5
E2EE
330
E294
100
AcDbEntity
  8
wall
100
AcDbLine
 39
0.0
 10
5381.4759
 20
633.8785
 30
0.0
 11
5401.5423
 21
633.8785
 31
0.0
  0
LINE
  5
E2EF
330
E294
100
AcDbEntity
  8
wall
100
AcDbLine
 39
0.0
 10
5381.4759
 20
548.4251
 30
0.0
 11
5401.5423
 21
548.4251
 31
0.0
  0
LINE
  5
E2F0
330
E294
100
AcDbEntity
  8
wall
 62
     3
100
AcDbLine
 39
0.0
 10
5398.5423
 20
633.8785
 30
0.0
 11
5398.5423
 21
602.2896
 31
0.0
  0
LINE
  5
E2F1
330
E294
100
AcDbEntity
  8
wall
 62
     3
100
AcDbLine
 39
0.0
 10
5398.5423
 20
548.4251
 30
0.0
 11
5398.5423
 21
580.014
 31
0.0
  0
INSERT
  5
E2F2
330
E294
100
AcDbEntity
  8
wall
 62
     3
100
AcDbBlockReference
  2
_ArchTick
 10
5398.5423
 20
633.8785
 30
0.0
 41
4.0
 42
4.0
 43
4.0
 50
90.0
 70
     0
 71
     0
 44
0.0
 45
0.0
  0
INSERT
  5
E2F3
330
E294
100
AcDbEntity
  8
wall
 62
     3
100
AcDbBlockReference
  2
_ArchTick
 10
5398.5423
 20
548.4251
 30
0.0
 41
4.0
 42
4.0
 43
4.0
 50
270.0
 70
     0
 71
     0
 44
0.0
 45
0.0
  0
MTEXT
  5
E2F4
330
E294
100
AcDbEntity
  8
wall
 62
     0
100
AcDbMText
 10
5398.5423
 20
591.1518
 30
0.0
 40
6.0
 41
0.0
 50
0.0
 46
0.0
 71
     5
 72
     1
  1
7'-1{\H1.000000x;\S1/2;}"
 11
0.0
 21
1.0
 31
0.0
 73
     1
 44
1.0
 90
        0
 75
     0
 78
     0
 79
     0
 48
0.0
 49
0.0
  0
POINT
  5
E2F5
330
E294
100
AcDbEntity
  8
Defpoints
 62
     0
100
AcDbPoint
 10
5377.4759
 20
633.8785
 30
0.0
  0
POINT
  5
E2F6
330
E294
100
AcDbEntity
  8
Defpoints
 62
     0
100
AcDbPoint
 10
5377.4759
 20
548.4251
 30
0.0
  0
POINT
  5
E2F7
330
E294
100
AcDbEntity
  8
Defpoints
 62
     0
100
AcDbPoint
 10
5398.5423
 20
548.4251
 30
0.0
  0
ENDBLK
  5
E296
330
E294
100
AcDbEntity
  8
0
100
AcDbBlockEnd
  0
BLOCK
  5
E2AF
330
E2AE
100
AcDbEntity
  8
0
100
AcDbBlockBegin
  2
*D374
 70
     1
 10
0.0
 20
0.0
 30
0.0
  3
*D374
  1

  0
LINE
  5
E2E4
330
E2AE
100
AcDbEntity
  8
wall
100
AcDbLine
 39
0.0
 10
5380.4759
 20
543.9251
 30
0.0
 11
5399.3724
 21
543.9251
 31
0.0
  0
LINE
  5
E2E5
330
E2AE
100
AcDbEntity
  8
wall
100
AcDbLine
 39
0.0
 10
5380.4759
 20
507.9251
 30
0.0
 11
5399.3724
 21
507.9251
 31
0.0
  0
LINE
  5
E2E6
330
E2AE
100
AcDbEntity
  8
wall
 62
     3
100
AcDbLine
 39
0.0
 10
5396.3724
 20
543.9251
 30
0.0
 11
5396.3724
 21
529.6836
 31
0.0
  0
LINE
  5
E2E7
330
E2AE
100
AcDbEntity
  8
wall
 62
     3
100
AcDbLine
 39
0.0
 10
5396.3724
 20
507.9251
 30
0.0
 11
5396.3724
 21
522.1665
 31
0.0
  0
INSERT
  5
E2E8
330
E2AE
100
AcDbEntity
  8
wall
 62
     3
100
AcDbBlockReference
  2
_ArchTick
 10
5396.3724
 20
543.9251
 30
0.0
 41
4.0
 42
4.0
 43
4.0
 50
90.0
 70
     0
 71
     0
 44
0.0
 45
0.0
  0
INSERT
  5
E2E9
330
E2AE
100
AcDbEntity
  8
wall
 62
     3
100
AcDbBlockReference
  2
_ArchTick
 10
5396.3724
 20
507.9251
 30
0.0
 41
4.0
 42
4.0
 43
4.0
 50
270.0
 70
     0
 71
     0
 44
0.0
 45
0.0
  0
MTEXT
  5
E2EA
330
E2AE
100
AcDbEntity
  8
wall
 62
     0
100
AcDbMText
 10
5396.3724
 20
525.9251
 30
0.0
 40
6.0
 41
0.0
 50
0.0
 46
0.0
 71
     5
 72
     1
  1
3'
 11
0.0
 21
1.0
 31
0.0
 73
     1
 44
1.0
 90
        0
 75
     0
 78
     0
 79
     0
 48
0.0
 49
0.0
  0
POINT
  5
E2EB
330
E2AE
100
AcDbEntity
  8
Defpoints
 62
     0
100
AcDbPoint
 10
5376.4759
 20
543.9251
 30
0.0
  0
POINT
  5
E2EC
330
E2AE
100
AcDbEntity
  8
Defpoints
 62
     0
100
AcDbPoint
 10
5376.4759
 20
507.9251
 30
0.0
  0
POINT
  5
E2ED
330
E2AE
100
AcDbEntity
  8
Defpoints
 62
     0
100
AcDbPoint
 10
5396.3724
 20
507.9251
 30
0.0
  0
ENDBLK
  5
E2B0
330
E2AE
100
AcDbEntity
  8
0
100
AcDbBlockEnd
  0
BLOCK
  5
E2C9
330
E2C8
100
AcDbEntity
  8
0
100
AcDbBlockBegin
  2
*D375
 70
     1
 10
0.0
 20
0.0
 30
0.0
  3
*D375
  1

  0
LINE
  5
E2D6
330
E2C8
100
AcDbEntity
  8
wall
100
AcDbLine
 39
0.0
 10
5381.4759
 20
503.4251
 30
0.0
 11
5400.0991
 21
503.4251
 31
0.0
  0
LINE
  5
E2D7
330
E2C8
100
AcDbEntity
  8
wall
100
AcDbLine
 39
0.0
 10
5381.4759
 20
395.4251
 30
0.0
 11
5400.0991
 21
395.4251
 31
0.0
  0
LINE
  5
E2D8
330
E2C8
100
AcDbEntity
  8
wall
 62
     3
100
AcDbLine
 39
0.0
 10
5397.0991
 20
503.4251
 30
0.0
 11
5397.0991
 21
453.1856
 31
0.0
  0
LINE
  5
E2D9
330
E2C8
100
AcDbEntity
  8
wall
 62
     3
100
AcDbLine
 39
0.0
 10
5397.0991
 20
395.4251
 30
0.0
 11
5397.0991
 21
445.6645
 31
0.0
  0
INSERT
  5
E2DA
330
E2C8
100
AcDbEntity
  8
wall
 62
     3
100
AcDbBlockReference
  2
_ArchTick
 10
5397.0991
 20
503.4251
 30
0.0
 41
4.0
 42
4.0
 43
4.0
 50
90.0
 70
     0
 71
     0
 44
0.0
 45
0.0
  0
INSERT
  5
E2DB
330
E2C8
100
AcDbEntity
  8
wall
 62
     3
100
AcDbBlockReference
  2
_ArchTick
 10
5397.0991
 20
395.4251
 30
0.0
 41
4.0
 42
4.0
 43
4.0
 50
270.0
 70
     0
 71
     0
 44
0.0
 45
0.0
  0
MTEXT
  5
E2DC
330
E2C8
100
AcDbEntity
  8
wall
 62
     0
100
AcDbMText
 10
5397.0991
 20
449.4251
 30
0.0
 40
6.0
 41
0.0
 50
0.0
 46
0.0
 71
     5
 72
     1
  1
9'
 11
0.0
 21
1.0
 31
0.0
 73
     1
 44
1.0
 90
        0
 75
     0
 78
     0
 79
     0
 48
0.0
 49
0.0
  0
POINT
  5
E2DD
330
E2C8
100
AcDbEntity
  8
Defpoints
 62
     0
100
AcDbPoint
 10
5377.4759
 20
503.4251
 30
0.0
  0
POINT
  5
E2DE
330
E2C8
100
AcDbEntity
  8
Defpoints
 62
     0
100
AcDbPoint
 10
5377.4759
 20
395.4251
 30
0.0
  0
POINT
  5
E2DF
330
E2C8
100
AcDbEntity
  8
Defpoints
 62
     0
100
AcDbPoint
 10
5397.0991
 20
395.4251
 30
0.0
  0
ENDBLK
  5
E2CA
330
E2C8
100
AcDbEntity
  8
0
100
AcDbBlockEnd
  0
BLOCK
  5
E38A
330
E389
100
AcDbEntity
  8
0
100
AcDbBlockBegin
  2
*D377
 70
     1
 10
0.0
 20
0.0
 30
0.0
  3
*D377
  1

  0
LINE
  5
E3CA
330
E389
100
AcDbEntity
  8
wall
100
AcDbLine
 39
0.0
 10
5150.4759
 20
287.4251
 30
0.0
 11
5156.2943
 21
287.4251
 31
0.0
  0
LINE
  5
E3CB
330
E389
100
AcDbEntity
  8
wall
100
AcDbLine
 39
0.0
 10
5144.4759
 20
437.4251
 30
0.0
 11
5156.2943
 21
437.4251
 31
0.0
  0
LINE
  5
E3CC
330
E389
100
AcDbEntity
  8
wall
 62
     3
100
AcDbLine
 39
0.0
 10
5153.2943
 20
287.4251
 30
0.0
 11
5153.2943
 21
366.3939
 31
0.0
  0
LINE
  5
E3CD
330
E389
100
AcDbEntity
  8
wall
 62
     3
100
AcDbLine
 39
0.0
 10
5153.2943
 20
437.4251
 30
0.0
 11
5153.2943
 21
388.4403
 31
0.0
  0
INSERT
  5
E3CE
330
E389
100
AcDbEntity
  8
wall
 62
     3
100
AcDbBlockReference
  2
_ArchTick
 10
5153.2943
 20
287.4251
 30
0.0
 41
4.0
 42
4.0
 43
4.0
 50
270.0
 70
     0
 71
     0
 44
0.0
 45
0.0
  0
INSERT
  5
E3CF
330
E389
100
AcDbEntity
  8
wall
 62
     3
100
AcDbBlockReference
  2
_ArchTick
 10
5153.2943
 20
437.4251
 30
0.0
 41
4.0
 42
4.0
 43
4.0
 50
90.0
 70
     0
 71
     0
 44
0.0
 45
0.0
  0
MTEXT
  5
E3D0
330
E389
100
AcDbEntity
  8
wall
 62
     0
100
AcDbMText
 10
5153.2943
 20
377.4171
 30
0.0
 40
6.0
 41
0.0
 50
0.0
 46
0.0
 71
     5
 72
     1
  1
12'-6"
 11
0.0
 21
1.0
 31
0.0
 73
     1
 44
1.0
 90
        0
 75
     0
 78
     0
 79
     0
 48
0.0
 49
0.0
  0
POINT
  5
E3D1
330
E389
100
AcDbEntity
  8
Defpoints
 62
     0
100
AcDbPoint
 10
5146.4759
 20
287.4251
 30
0.0
  0
POINT
  5
E3D2
330
E389
100
AcDbEntity
  8
Defpoints
 62
     0
100
AcDbPoint
 10
5140.4759
 20
437.4251
 30
0.0
  0
POINT
  5
E3D3
330
E389
100
AcDbEntity
  8
Defpoints
 62
     0
100
AcDbPoint
 10
5153.2943
 20
437.4251
 30
0.0
  0
ENDBLK
  5
E38B
330
E389
100
AcDbEntity
  8
0
100
AcDbBlockEnd
  0
BLOCK
  5
E3D6
330
E3D5
100
AcDbEntity
  8
0
100
AcDbBlockBegin
  2
*D378
 70
     1
 10
0.0
 20
0.0
 30
0.0
  3
*D378
  1

  0
LINE
  5
E3E3
330
E3D5
100
AcDbEntity
  8
wall
100
AcDbLine
 39
0.0
 10
5188.4759
 20
402.4251
 30
0.0
 11
5184.4002
 21
402.4251
 31
0.0
  0
LINE
  5
E3E4
330
E3D5
100
AcDbEntity
  8
wall
100
AcDbLine
 39
0.0
 10
5188.4759
 20
437.4251
 30
0.0
 11
5184.4002
 21
437.4251
 31
0.0
  0
LINE
  5
E3E5
330
E3D5
100
AcDbEntity
  8
wall
 62
     3
100
AcDbLine
 39
0.0
 10
5187.4002
 20
402.4251
 30
0.0
 11
5187.4002
 21
408.5683
 31
0.0
  0
LINE
  5
E3E6
330
E3D5
100
AcDbEntity
  8
wall
 62
     3
100
AcDbLine
 39
0.0
 10
5187.4002
 20
437.4251
 30
0.0
 11
5187.4002
 21
431.2818
 31
0.0
  0
INSERT
  5
E3E7
330
E3D5
100
AcDbEntity
  8
wall
 62
     3
100
AcDbBlockReference
  2
_ArchTick
 10
5187.4002
 20
402.4251
 30
0.0
 41
4.0
 42
4.0
 43
4.0
 50
270.0
 70
     0
 71
     0
 44
0.0
 45
0.0
  0
INSERT
  5
E3E8
330
E3D5
100
AcDbEntity
  8
wall
 62
     3
100
AcDbBlockReference
  2
_ArchTick
 10
5187.4002
 20
437.4251
 30
0.0
 41
4.0
 42
4.0
 43
4.0
 50
90.0
 70
     0
 71
     0
 44
0.0
 45
0.0
  0
MTEXT
  5
E3E9
330
E3D5
100
AcDbEntity
  8
wall
 62
     0
100
AcDbMText
 10
5187.4002
 20
419.9251
 30
0.0
 40
6.0
 41
0.0
 50
0.0
 46
0.0
 71
     5
 72
     1
  1
2'-11"
 11
0.0
 21
1.0
 31
0.0
 73
     1
 44
1.0
 90
        0
 75
     0
 78
     0
 79
     0
 48
0.0
 49
0.0
  0
POINT
  5
E3EA
330
E3D5
100
AcDbEntity
  8
Defpoints
 62
     0
100
AcDbPoint
 10
5192.4759
 20
402.4251
 30
0.0
  0
POINT
  5
E3EB
330
E3D5
100
AcDbEntity
  8
Defpoints
 62
     0
100
AcDbPoint
 10
5192.4759
 20
437.4251
 30
0.0
  0
POINT
  5
E3EC
330
E3D5
100
AcDbEntity
  8
Defpoints
 62
     0
100
AcDbPoint
 10
5187.4002
 20
437.4251
 30
0.0
  0
ENDBLK
  5
E3D7
330
E3D5
100
AcDbEntity
  8
0
100
AcDbBlockEnd
  0
ENDSEC
  0
SECTION
  2
ENTITIES
  0
VIEWPORT
  5
167C
102
{ACAD_XDICTIONARY
360
167D
102
}
330
D2
100
AcDbEntity
 67
     1
  8
0
100
AcDbViewport
 10
128.5
 20
97.5
 30
0.0
 40
429.7677
 41
222.18
 68
     2
 69
    -1
 12
128.5
 22
97.5
 13
0.0
 23
0.0
 14
10.0
 24
10.0
 15
10.0
 25
10.0
 16
0.0
 26
0.0
 36
1.0
 17
0.0
 27
0.0
 37
0.0
 42
50.0
 43
0.0
 44
0.0
 45
222.18
 50
0.0
 51
0.0
 72
  1000
 90
   819232
  1

281
     0
 71
     1
 74
     0
110
0.0
120
0.0
130
0.0
111
1.0
121
0.0
131
0.0
112
0.0
122
1.0
132
0.0
 79
     0
146
0.0
170
     0
 61
     5
348
F5
292
     1
282
     1
141
0.0
142
0.0
 63
   250
421
  3355443
  0
VIEWPORT
  5
1680
102
{ACAD_XDICTIONARY
360
1681
102
}
330
D2
100
AcDbEntity
 67
     1
  8
projection
100
AcDbViewport
 10
128.5
 20
97.5
 30
0.0
 40
205.6
 41
156.0
 68
     1
 69
    -1
 12
940.2339
 22
1956.1178
 13
0.0
 23
0.0
 14
10.0
 24
10.0
 15
10.0
 25
10.0
 16
0.0
 26
0.0
 36
1.0
 17
0.0
 27
0.0
 37
0.0
 42
50.0
 43
0.0
 44
0.0
 45
667.806
 50
0.0
 51
0.0
 72
  1000
 90
   557408
  1

281
     0
 71
     1
 74
     0
110
0.0
120
0.0
130
0.0
111
1.0
121
0.0
131
0.0
112
0.0
122
1.0
132
0.0
 79
     0
146
0.0
170
     0
 61
     5
348
F5
292
     1
282
     1
141
0.0
142
0.0
 63
   250
421
  3355443
  0
INSERT
  5
1114
330
1F
100
AcDbEntity
  8
door
100
AcDbBlockReference
  2
A$C79804784
 10
718.6669
 20
2196.8099
 30
0.0
 41
0.0394
 42
0.0394
 43
0.0394
 50
0.0
 70
     0
 71
     0
 44
0.0
 45
0.0
  0
LINE
  5
CBC9
330
1F
100
AcDbEntity
  8
wall
100
AcDbLine
 39
0.0
 10
4475.2011
 20
785.4251
 30
0.0
 11
4859.2011
 21
785.4251
 31
0.0
  0
LINE
  5
CBCA
330
1F
100
AcDbEntity
  8
wall
100
AcDbLine
 39
0.0
 10
4484.2011
 20
776.4251
 30
0.0
 11
4850.2011
 21
776.4251
 31
0.0
  0
LINE
  5
CBCB
330
1F
100
AcDbEntity
  8
0
100
AcDbLine
 39
0.0
 10
4766.2011
 20
752.4251
 30
0.0
 11
4826.2011
 21
752.4251
 31
0.0
  0
LINE
  5
CBCC
330
1F
100
AcDbEntity
  8
0
100
AcDbLine
 39
0.0
 10
4761.7011
 20
680.4251
 30
0.0
 11
4850.2011
 21
680.4251
 31
0.0
  0
LINE
  5
CBCD
330
1F
100
AcDbEntity
  8
0
100
AcDbLine
 39
0.0
 10
4761.7011
 20
704.4251
 30
0.0
 11
4826.2011
 21
704.4251
 31
0.0
  0
LINE
  5
CBCE
330
1F
100
AcDbEntity
  8
0
100
AcDbLine
 39
0.0
 10
4761.7011
 20
675.9251
 30
0.0
 11
4859.2011
 21
675.9251
 31
0.0
  0
LINE
  5
CBCF
330
1F
100
AcDbEntity
  8
0
100
AcDbLine
 39
0.0
 10
4850.2011
 20
668.4251
 30
0.0
 11
4859.2011
 21
668.4251
 31
0.0
  0
LINE
  5
CBD0
330
1F
100
AcDbEntity
  8
wall
100
AcDbLine
 39
0.0
 10
4850.2011
 20
632.4251
 30
0.0
 11
4859.2011
 21
632.4251
 31
0.0
  0
LINE
  5
CBD1
102
{ACAD_REACTORS
330
CCEC
102
}
330
1F
100
AcDbEntity
  8
wall
100
AcDbLine
 39
0.0
 10
4859.2011
 20
785.4251
 30
0.0
 11
4859.2011
 21
512.9251
 31
0.0
  0
LINE
  5
CBD2
330
1F
100
AcDbEntity
  8
wall
100
AcDbLine
 39
0.0
 10
4859.2011
 20
476.4251
 30
0.0
 11
4859.2011
 21
281.4251
 31
0.0
  0
LINE
  5
CBD3
102
{ACAD_REACTORS
330
CCE9
330
CD12
102
}
330
1F
100
AcDbEntity
  8
wall
100
AcDbLine
 39
0.0
 10
4850.2011
 20
776.4251
 30
0.0
 11
4850.2011
 21
680.4251
 31
0.0
  0
LINE
  5
CBD4
102
{ACAD_REACTORS
330
CD0F
102
}
330
1F
100
AcDbEntity
  8
wall
100
AcDbLine
 39
0.0
 10
4850.2011
 20
675.9251
 30
0.0
 11
4850.2011
 21
517.4251
 31
0.0
  0
LINE
  5
CBD5
330
1F
100
AcDbEntity
  8
0
100
AcDbLine
 39
0.0
 10
4826.2011
 20
752.4251
 30
0.0
 11
4826.2011
 21
704.4251
 31
0.0
  0
LINE
  5
CBD6
102
{ACAD_REACTORS
330
CCE9
102
}
330
1F
100
AcDbEntity
  8
0
100
AcDbLine
 39
0.0
 10
4766.2011
 20
776.4251
 30
0.0
 11
4766.2011
 21
750.1751
 31
0.0
  0
LINE
  5
CBD7
330
1F
100
AcDbEntity
  8
0
100
AcDbLine
 39
0.0
 10
4766.2011
 20
704.4251
 30
0.0
 11
4766.2011
 21
680.4251
 31
0.0
  0
LINE
  5
CBD8
330
1F
100
AcDbEntity
  8
0
100
AcDbLine
 39
0.0
 10
4761.7011
 20
776.4251
 30
0.0
 11
4761.7011
 21
750.1751
 31
0.0
  0
LINE
  5
CBD9
330
1F
100
AcDbEntity
  8
0
100
AcDbLine
 39
0.0
 10
4761.7011
 20
704.4251
 30
0.0
 11
4761.7011
 21
675.9251
 31
0.0
  0
LINE
  5
CBDA
330
1F
100
AcDbEntity
  8
0
100
AcDbLine
 39
0.0
 10
4850.2011
 20
471.9251
 30
0.0
 11
4850.2011
 21
419.4251
 31
0.0
  0
LINE
  5
CBDB
102
{ACAD_REACTORS
330
CD06
102
}
330
1F
100
AcDbEntity
  8
wall
100
AcDbLine
 39
0.0
 10
4850.2011
 20
410.4251
 30
0.0
 11
4850.2011
 21
290.4251
 31
0.0
  0
LINE
  5
CBDC
330
1F
100
AcDbEntity
  8
wall
100
AcDbLine
 39
0.0
 10
4730.2011
 20
476.4251
 30
0.0
 11
4730.2011
 21
419.4251
 31
0.0
  0
LINE
  5
CBDD
330
1F
100
AcDbEntity
  8
wall
100
AcDbLine
 39
0.0
 10
4760.2011
 20
476.4251
 30
0.0
 11
4760.2011
 21
471.9251
 31
0.0
  0
LINE
  5
CBDE
330
1F
100
AcDbEntity
  8
0
100
AcDbLine
 39
0.0
 10
4730.2011
 20
410.4251
 30
0.0
 11
4730.2011
 21
290.4251
 31
0.0
  0
LINE
  5
CBDF
330
1F
100
AcDbEntity
  8
0
100
AcDbLine
 39
0.0
 10
4721.2011
 20
476.4251
 30
0.0
 11
4721.2011
 21
290.4251
 31
0.0
  0
LINE
  5
CBE0
330
1F
100
AcDbEntity
  8
0
100
AcDbLine
 39
0.0
 10
4850.2011
 20
410.4251
 30
0.0
 11
4730.2011
 21
410.4251
 31
0.0
  0
LINE
  5
CBE1
330
1F
100
AcDbEntity
  8
0
100
AcDbLine
 39
0.0
 10
4604.2011
 20
410.4251
 30
0.0
 11
4484.2011
 21
410.4251
 31
0.0
  0
LINE
  5
CBE2
102
{ACAD_REACTORS
330
CD09
102
}
330
1F
100
AcDbEntity
  8
0
100
AcDbLine
 39
0.0
 10
4850.2011
 20
419.4251
 30
0.0
 11
4730.2011
 21
419.4251
 31
0.0
  0
LINE
  5
CBE3
330
1F
100
AcDbEntity
  8
Bathroom fixtures
100
AcDbLine
 39
0.0
 10
4810.2011
 20
425.4251
 30
0.0
 11
4774.2011
 21
425.4251
 31
0.0
  0
LINE
  5
CBE4
330
1F
100
AcDbEntity
  8
Bathroom fixtures
100
AcDbLine
 39
0.0
 10
4772.2011
 20
437.4251
 30
0.0
 11
4758.4007
 21
437.4251
 31
0.0
  0
LINE
  5
CBE5
330
1F
100
AcDbEntity
  8
Bathroom fixtures
100
AcDbLine
 39
0.0
 10
4742.3735
 20
437.4251
 30
0.0
 11
4730.2011
 21
437.4251
 31
0.0
  0
LINE
  5
CBE6
330
1F
100
AcDbEntity
  8
0
100
AcDbLine
 39
0.0
 10
4604.2011
 20
419.4251
 30
0.0
 11
4484.2011
 21
419.4251
 31
0.0
  0
LINE
  5
CBE7
102
{ACAD_REACTORS
330
CCEC
102
}
330
1F
100
AcDbEntity
  8
wall
100
AcDbLine
 39
0.0
 10
4475.2011
 20
281.4251
 30
0.0
 11
4475.2011
 21
785.4251
 31
0.0
  0
LINE
  5
CBE8
102
{ACAD_REACTORS
330
CCF8
102
}
330
1F
100
AcDbEntity
  8
wall
100
AcDbLine
 39
0.0
 10
4484.2011
 20
290.4251
 30
0.0
 11
4484.2011
 21
410.4251
 31
0.0
  0
LINE
  5
CBE9
102
{ACAD_REACTORS
330
CCF5
102
}
330
1F
100
AcDbEntity
  8
0
100
AcDbLine
 39
0.0
 10
4484.2011
 20
419.4251
 30
0.0
 11
4484.2011
 21
563.4251
 31
0.0
  0
LINE
  5
CBEA
330
1F
100
AcDbEntity
  8
0
100
AcDbLine
 39
0.0
 10
4484.2011
 20
567.9251
 30
0.0
 11
4484.2011
 21
627.9251
 31
0.0
  0
LINE
  5
CBEB
330
1F
100
AcDbEntity
  8
Bathroom fixtures
 62
   253
100
AcDbLine
 39
0.0
 10
4526.2011
 20
567.9251
 30
0.0
 11
4526.2011
 21
627.9251
 31
0.0
  0
LINE
  5
CBEC
330
1F
100
AcDbEntity
  8
Bathroom fixtures
 62
   253
100
AcDbLine
 39
0.0
 10
4530.2011
 20
567.9251
 30
0.0
 11
4530.2011
 21
627.9251
 31
0.0
  0
LINE
  5
CBED
102
{ACAD_REACTORS
330
CCE3
330
CCEF
102
}
330
1F
100
AcDbEntity
  8
0
100
AcDbLine
 39
0.0
 10
4484.2011
 20
632.4251
 30
0.0
 11
4484.2011
 21
776.4251
 31
0.0
  0
LINE
  5
CBEE
330
1F
100
AcDbEntity
  8
0
100
AcDbLine
 39
0.0
 10
4608.2011
 20
567.9251
 30
0.0
 11
4608.2011
 21
627.9251
 31
0.0
  0
LINE
  5
CBEF
330
1F
100
AcDbEntity
  8
0
100
AcDbLine
 39
0.0
 10
4603.7011
 20
567.9251
 30
0.0
 11
4603.7011
 21
627.9251
 31
0.0
  0
LINE
  5
CBF0
330
1F
100
AcDbEntity
  8
wall
100
AcDbLine
 39
0.0
 10
4597.7011
 20
627.9251
 30
0.0
 11
4597.7011
 21
632.4251
 31
0.0
  0
LINE
  5
CBF1
330
1F
100
AcDbEntity
  8
wall
100
AcDbLine
 39
0.0
 10
4567.7011
 20
627.9251
 30
0.0
 11
4567.7011
 21
632.4251
 31
0.0
  0
LINE
  5
CBF2
330
1F
100
AcDbEntity
  8
0
100
AcDbLine
 39
0.0
 10
4604.2011
 20
290.4251
 30
0.0
 11
4604.2011
 21
410.4251
 31
0.0
  0
LINE
  5
CBF3
330
1F
100
AcDbEntity
  8
0
100
AcDbLine
 39
0.0
 10
4604.2011
 20
419.4251
 30
0.0
 11
4604.2011
 21
470.4251
 31
0.0
  0
LINE
  5
CBF4
330
1F
100
AcDbEntity
  8
0
100
AcDbLine
 39
0.0
 10
4613.2011
 20
290.4251
 30
0.0
 11
4613.2011
 21
461.4251
 31
0.0
  0
LINE
  5
CBF5
330
1F
100
AcDbEntity
  8
0
100
AcDbLine
 39
0.0
 10
4674.2011
 20
461.4251
 30
0.0
 11
4674.2011
 21
470.4251
 31
0.0
  0
LINE
  5
CBF6
330
1F
100
AcDbEntity
  8
0
100
AcDbLine
 39
0.0
 10
4649.2011
 20
289.4251
 30
0.0
 11
4649.2011
 21
365.4251
 31
0.0
  0
DIMENSION
  5
CBF7
330
1F
100
AcDbEntity
  8
0
100
AcDbDimension
  2
*D251
 10
4449.9359
 20
281.4251
 30
0.0
 11
4449.9359
 21
533.4251
 31
0.0
 70
     0
  1

 71
     5
 42
504.0
 73
     0
 74
     0
 75
     0
 53
0.0
  3
ISO-25
100
AcDbAlignedDimension
 13
4475.2011
 23
785.4251
 33
0.0
 14
4475.2011
 24
281.4251
 34
0.0
 50
90.0
100
AcDbRotatedDimension
  0
LINE
  5
CBF8
330
1F
100
AcDbEntity
  8
wall
100
AcDbLine
 39
0.0
 10
4715.2011
 20
290.4251
 30
0.0
 11
4715.2011
 21
281.4251
 31
0.0
  0
LINE
  5
CBF9
330
1F
100
AcDbEntity
  8
wall
100
AcDbLine
 39
0.0
 10
4619.2011
 20
290.4251
 30
0.0
 11
4619.2011
 21
281.4251
 31
0.0
  0
LINE
  5
CBFA
330
1F
100
AcDbEntity
  8
Dims
100
AcDbLine
 39
0.0
 10
4619.2011
 20
285.9251
 30
0.0
 11
4715.2011
 21
285.9251
 31
0.0
  0
LWPOLYLINE
  5
CBFB
330
1F
100
AcDbEntity
  8
wall
100
AcDbPolyline
 90
        4
 70
     1
 43
0.0
 10
4589.2011
 20
290.4251
 42
0.0
 10
4619.2011
 20
290.4251
 42
0.0
 10
4619.2011
 20
278.4251
 42
0.0
 10
4589.2011
 20
278.4251
 42
0.0
  0
LWPOLYLINE
  5
CBFC
102
{ACAD_REACTORS
330
CCF8
102
}
330
1F
100
AcDbEntity
  8
wall
100
AcDbPolyline
 90
        4
 70
     1
 43
0.0
 10
4475.2011
 20
290.4251
 42
0.0
 10
4505.2011
 20
290.4251
 42
0.0
 10
4505.2011
 20
278.4251
 42
0.0
 10
4475.2011
 20
278.4251
 42
0.0
  0
LINE
  5
CBFD
330
1F
100
AcDbEntity
  8
wall
100
AcDbLine
 39
0.0
 10
4715.2011
 20
290.4251
 30
0.0
 11
4715.2011
 21
281.4251
 31
0.0
  0
LWPOLYLINE
  5
CBFE
330
1F
100
AcDbEntity
  8
wall
100
AcDbPolyline
 90
        4
 70
     1
 43
0.0
 10
4745.2011
 20
290.4251
 42
0.0
 10
4715.2011
 20
290.4251
 42
0.0
 10
4715.2011
 20
278.4251
 42
0.0
 10
4745.2011
 20
278.4251
 42
0.0
  0
LWPOLYLINE
  5
CBFF
330
1F
100
AcDbEntity
  8
wall
100
AcDbPolyline
 90
        4
 70
     1
 43
0.0
 10
4859.2011
 20
290.4251
 42
0.0
 10
4829.2011
 20
290.4251
 42
0.0
 10
4829.2011
 20
278.4251
 42
0.0
 10
4859.2011
 20
278.4251
 42
0.0
  0
LINE
  5
CC00
330
1F
100
AcDbEntity
  8
Dims
100
AcDbLine
 39
0.0
 10
4619.2011
 20
284.7412
 30
0.0
 11
4715.2011
 21
284.7412
 31
0.0
  0
LINE
  5
CC01
330
1F
100
AcDbEntity
  8
wall
100
AcDbLine
 39
0.0
 10
4604.2011
 20
470.4251
 30
0.0
 11
4627.7011
 21
470.4251
 31
0.0
  0
LINE
  5
CC02
330
1F
100
AcDbEntity
  8
0
100
AcDbLine
 39
0.0
 10
4674.2011
 20
470.4251
 30
0.0
 11
4721.2011
 21
470.4251
 31
0.0
  0
LINE
  5
CC03
330
1F
100
AcDbEntity
  8
wall
100
AcDbLine
 39
0.0
 10
4721.2011
 20
476.4251
 30
0.0
 11
4730.2011
 21
476.4251
 31
0.0
  0
LINE
  5
CC04
330
1F
100
AcDbEntity
  8
0
100
AcDbLine
 39
0.0
 10
4674.2011
 20
461.4251
 30
0.0
 11
4674.2011
 21
461.4251
 31
0.0
  0
LINE
  5
CC05
330
1F
100
AcDbEntity
  8
0
100
AcDbLine
 39
0.0
 10
4613.2011
 20
425.4251
 30
0.0
 11
4721.2011
 21
425.4251
 31
0.0
  0
LINE
  5
CC06
330
1F
100
AcDbEntity
  8
0
100
AcDbLine
 39
0.0
 10
4674.2011
 20
461.4251
 30
0.0
 11
4721.2011
 21
461.4251
 31
0.0
  0
LINE
  5
CC07
102
{ACAD_REACTORS
330
CCFE
102
}
330
1F
100
AcDbEntity
  8
0
100
AcDbLine
 39
0.0
 10
4475.2011
 20
278.4251
 30
0.0
 11
4475.2011
 21
254.4251
 31
0.0
  0
LINE
  5
CC08
102
{ACAD_REACTORS
330
CCFE
330
CD01
102
}
330
1F
100
AcDbEntity
  8
0
100
AcDbLine
 39
0.0
 10
4475.2011
 20
266.4251
 30
0.0
 11
4859.2011
 21
266.4251
 31
0.0
  0
LINE
  5
CC09
330
1F
100
AcDbEntity
  8
0
100
AcDbLine
 39
0.0
 10
4859.2011
 20
281.4251
 30
0.0
 11
4859.2011
 21
254.4251
 31
0.0
  0
LINE
  5
CC0A
102
{ACAD_REACTORS
330
CD01
102
}
330
1F
100
AcDbEntity
  8
0
100
AcDbLine
 39
0.0
 10
4475.2011
 20
254.4251
 30
0.0
 11
4859.2011
 21
254.4251
 31
0.0
  0
LINE
  5
CC0B
330
1F
100
AcDbEntity
  8
0
100
AcDbLine
 39
0.0
 10
4760.2011
 20
476.4251
 30
0.0
 11
4859.2011
 21
476.4251
 31
0.0
  0
LINE
  5
CC0C
330
1F
100
AcDbEntity
  8
0
100
AcDbLine
 39
0.0
 10
4799.2011
 20
477.4251
 30
0.0
 11
4834.7011
 21
477.4251
 31
0.0
  0
LINE
  5
CC0D
102
{ACAD_REACTORS
330
CD09
102
}
330
1F
100
AcDbEntity
  8
0
100
AcDbLine
 39
0.0
 10
4760.2011
 20
471.9251
 30
0.0
 11
4850.2011
 21
471.9251
 31
0.0
  0
LINE
  5
CC0E
330
1F
100
AcDbEntity
  8
0
100
AcDbLine
 39
0.0
 10
4760.2011
 20
476.4251
 30
0.0
 11
4730.2011
 21
476.4251
 31
0.0
  0
LINE
  5
CC0F
102
{ACAD_REACTORS
330
CD0C
102
}
330
1F
100
AcDbEntity
  8
0
100
AcDbLine
 39
0.0
 10
4859.2011
 20
512.9251
 30
0.0
 11
4859.2011
 21
476.4251
 31
0.0
  0
LINE
  5
CC10
330
1F
100
AcDbEntity
  8
0
100
AcDbLine
 39
0.0
 10
4849.2011
 20
512.9251
 30
0.0
 11
4849.2011
 21
476.4251
 31
0.0
  0
LINE
  5
CC11
330
1F
100
AcDbEntity
  8
0
100
AcDbLine
 39
0.0
 10
4839.2011
 20
512.9251
 30
0.0
 11
4839.2011
 21
476.4251
 31
0.0
  0
LINE
  5
CC12
330
1F
100
AcDbEntity
  8
0
100
AcDbLine
 39
0.0
 10
4685.2011
 20
289.4251
 30
0.0
 11
4685.2011
 21
461.4251
 31
0.0
  0
LINE
  5
CC13
330
1F
100
AcDbEntity
  8
0
100
AcDbLine
 39
0.0
 10
4673.2011
 20
289.4251
 30
0.0
 11
4673.2011
 21
325.4251
 31
0.0
  0
LINE
  5
CC14
330
1F
100
AcDbEntity
  8
0
100
AcDbLine
 39
0.0
 10
4661.2011
 20
289.4251
 30
0.0
 11
4661.2011
 21
325.4251
 31
0.0
  0
LINE
  5
CC15
330
1F
100
AcDbEntity
  8
0
100
AcDbLine
 39
0.0
 10
4721.2011
 20
425.4251
 30
0.0
 11
4613.2011
 21
425.4251
 31
0.0
  0
LINE
  5
CC16
330
1F
100
AcDbEntity
  8
0
100
AcDbLine
 39
0.0
 10
4721.2011
 20
395.4251
 30
0.0
 11
4685.2011
 21
395.4251
 31
0.0
  0
LINE
  5
CC17
330
1F
100
AcDbEntity
  8
0
100
AcDbLine
 39
0.0
 10
4721.2011
 20
405.4251
 30
0.0
 11
4685.2011
 21
405.4251
 31
0.0
  0
LINE
  5
CC18
330
1F
100
AcDbEntity
  8
0
100
AcDbLine
 39
0.0
 10
4721.2011
 20
415.4251
 30
0.0
 11
4685.2011
 21
415.4251
 31
0.0
  0
LINE
  5
CC19
330
1F
100
AcDbEntity
  8
0
100
AcDbLine
 39
0.0
 10
4721.2011
 20
385.4251
 30
0.0
 11
4685.2011
 21
385.4251
 31
0.0
  0
LINE
  5
CC1A
330
1F
100
AcDbEntity
  8
0
100
AcDbLine
 39
0.0
 10
4721.2011
 20
375.4251
 30
0.0
 11
4685.2011
 21
375.4251
 31
0.0
  0
LINE
  5
CC1B
330
1F
100
AcDbEntity
  8
0
100
AcDbLine
 39
0.0
 10
4721.2011
 20
365.4251
 30
0.0
 11
4685.2011
 21
365.4251
 31
0.0
  0
LINE
  5
CC1C
330
1F
100
AcDbEntity
  8
0
100
AcDbLine
 39
0.0
 10
4721.2011
 20
355.4251
 30
0.0
 11
4685.2011
 21
355.4251
 31
0.0
  0
LINE
  5
CC1D
330
1F
100
AcDbEntity
  8
0
100
AcDbLine
 39
0.0
 10
4721.2011
 20
345.4251
 30
0.0
 11
4685.2011
 21
345.4251
 31
0.0
  0
LINE
  5
CC1E
330
1F
100
AcDbEntity
  8
0
100
AcDbLine
 39
0.0
 10
4721.2011
 20
335.4251
 30
0.0
 11
4685.2011
 21
335.4251
 31
0.0
  0
LINE
  5
CC1F
330
1F
100
AcDbEntity
  8
0
100
AcDbLine
 39
0.0
 10
4721.2011
 20
325.4251
 30
0.0
 11
4685.2011
 21
325.4251
 31
0.0
  0
LINE
  5
CC20
330
1F
100
AcDbEntity
  8
0
100
AcDbLine
 39
0.0
 10
4649.2011
 20
325.4251
 30
0.0
 11
4613.2011
 21
325.4251
 31
0.0
  0
LINE
  5
CC21
330
1F
100
AcDbEntity
  8
0
100
AcDbLine
 39
0.0
 10
4649.2011
 20
335.4251
 30
0.0
 11
4613.2011
 21
335.4251
 31
0.0
  0
LINE
  5
CC22
330
1F
100
AcDbEntity
  8
0
100
AcDbLine
 39
0.0
 10
4649.2011
 20
345.4251
 30
0.0
 11
4613.2011
 21
345.4251
 31
0.0
  0
LINE
  5
CC23
330
1F
100
AcDbEntity
  8
0
100
AcDbLine
 39
0.0
 10
4649.2011
 20
355.4251
 30
0.0
 11
4613.2011
 21
355.4251
 31
0.0
  0
LINE
  5
CC24
330
1F
100
AcDbEntity
  8
0
100
AcDbLine
 39
0.0
 10
4649.2011
 20
365.4251
 30
0.0
 11
4613.2011
 21
365.4251
 31
0.0
  0
LINE
  5
CC25
330
1F
100
AcDbEntity
  8
0
100
AcDbLine
 39
0.0
 10
4649.2011
 20
325.4251
 30
0.0
 11
4685.2011
 21
325.4251
 31
0.0
  0
LINE
  5
CC26
330
1F
100
AcDbEntity
  8
0
100
AcDbLine
 39
0.0
 10
4683.2011
 20
425.4251
 30
0.0
 11
4683.2011
 21
327.4251
 31
0.0
  0
LINE
  5
CC27
330
1F
100
AcDbEntity
  8
0
100
AcDbLine
 39
0.0
 10
4683.2011
 20
327.4251
 30
0.0
 11
4651.2011
 21
327.4251
 31
0.0
  0
LINE
  5
CC28
330
1F
100
AcDbEntity
  8
0
100
AcDbLine
 39
0.0
 10
4651.2011
 20
327.4251
 30
0.0
 11
4651.2011
 21
365.4251
 31
0.0
  0
LINE
  5
CC29
330
1F
100
AcDbEntity
  8
0
100
AcDbLine
 39
0.0
 10
4651.2011
 20
365.4251
 30
0.0
 11
4649.2011
 21
365.4251
 31
0.0
  0
LINE
  5
CC2A
330
1F
100
AcDbEntity
  8
0
100
AcDbLine
 39
0.0
 10
4632.2011
 20
461.4251
 30
0.0
 11
4613.2011
 21
461.4251
 31
0.0
  0
LINE
  5
CC2B
330
1F
100
AcDbEntity
  8
0
100
AcDbLine
 39
0.0
 10
4632.2011
 20
461.4251
 30
0.0
 11
4632.2011
 21
527.4251
 31
0.0
  0
LINE
  5
CC2C
330
1F
100
AcDbEntity
  8
0
100
AcDbLine
 39
0.0
 10
4632.2011
 20
563.4251
 30
0.0
 11
4632.2011
 21
567.9251
 31
0.0
  0
LINE
  5
CC2D
330
1F
100
AcDbEntity
  8
0
100
AcDbLine
 39
0.0
 10
4632.2011
 20
627.9251
 30
0.0
 11
4632.2011
 21
632.4251
 31
0.0
  0
LINE
  5
CC2E
330
1F
100
AcDbEntity
  8
0
100
AcDbLine
 39
0.0
 10
4632.2011
 20
668.4251
 30
0.0
 11
4632.2011
 21
776.4251
 31
0.0
  0
LINE
  5
CC2F
330
1F
100
AcDbEntity
  8
0
100
AcDbLine
 39
0.0
 10
4627.7011
 20
470.4251
 30
0.0
 11
4627.7011
 21
527.4251
 31
0.0
  0
LINE
  5
CC30
330
1F
100
AcDbEntity
  8
0
100
AcDbLine
 39
0.0
 10
4627.7011
 20
668.4251
 30
0.0
 11
4627.7011
 21
776.4251
 31
0.0
  0
LINE
  5
CC31
102
{ACAD_REACTORS
330
CCF2
102
}
330
1F
100
AcDbEntity
  8
0
100
AcDbLine
 39
0.0
 10
4484.2011
 20
567.9251
 30
0.0
 11
4603.7011
 21
567.9251
 31
0.0
  0
LINE
  5
CC32
330
1F
100
AcDbEntity
  8
0
100
AcDbLine
 39
0.0
 10
4608.2011
 20
567.9251
 30
0.0
 11
4632.2011
 21
567.9251
 31
0.0
  0
LINE
  5
CC33
102
{ACAD_REACTORS
330
CCF5
102
}
330
1F
100
AcDbEntity
  8
0
100
AcDbLine
 39
0.0
 10
4484.2011
 20
563.4251
 30
0.0
 11
4632.2011
 21
563.4251
 31
0.0
  0
LINE
  5
CC34
330
1F
100
AcDbEntity
  8
0
100
AcDbLine
 39
0.0
 10
4627.7011
 20
527.4251
 30
0.0
 11
4632.2011
 21
527.4251
 31
0.0
  0
LINE
  5
CC35
102
{ACAD_REACTORS
330
CCF2
102
}
330
1F
100
AcDbEntity
  8
0
100
AcDbLine
 39
0.0
 10
4484.2011
 20
627.9251
 30
0.0
 11
4567.7011
 21
627.9251
 31
0.0
  0
LINE
  5
CC36
330
1F
100
AcDbEntity
  8
0
100
AcDbLine
 39
0.0
 10
4597.7011
 20
627.9251
 30
0.0
 11
4603.7011
 21
627.9251
 31
0.0
  0
LINE
  5
CC37
330
1F
100
AcDbEntity
  8
0
100
AcDbLine
 39
0.0
 10
4608.2011
 20
627.9251
 30
0.0
 11
4632.2011
 21
627.9251
 31
0.0
  0
LINE
  5
CC38
102
{ACAD_REACTORS
330
CCEF
102
}
330
1F
100
AcDbEntity
  8
0
100
AcDbLine
 39
0.0
 10
4484.2011
 20
632.4251
 30
0.0
 11
4567.7011
 21
632.4251
 31
0.0
  0
LINE
  5
CC39
330
1F
100
AcDbEntity
  8
0
100
AcDbLine
 39
0.0
 10
4597.7011
 20
632.4251
 30
0.0
 11
4632.2011
 21
632.4251
 31
0.0
  0
LINE
  5
CC3A
330
1F
100
AcDbEntity
  8
0
100
AcDbLine
 39
0.0
 10
4597.2011
 20
633.4251
 30
0.0
 11
4632.2011
 21
633.4251
 31
0.0
  0
LINE
  5
CC3B
330
1F
100
AcDbEntity
  8
0
100
AcDbLine
 39
0.0
 10
4627.7011
 20
668.4251
 30
0.0
 11
4632.2011
 21
668.4251
 31
0.0
  0
LINE
  5
CC3C
330
1F
100
AcDbEntity
  8
0
100
AcDbLine
 39
0.0
 10
4715.2011
 20
289.4251
 30
0.0
 11
4619.2011
 21
289.4251
 31
0.0
  0
LWPOLYLINE
  5
CC3D
330
1F
100
AcDbEntity
  8
0
100
AcDbPolyline
 90
        4
 70
     1
 43
0.0
 10
4604.2011
 20
470.4251
 42
0.0
 10
4627.7011
 20
470.4251
 42
0.0
 10
4627.7011
 20
527.4251
 42
0.0
 10
4604.2011
 20
527.4251
 42
0.0
  0
LWPOLYLINE
  5
CC3E
102
{ACAD_REACTORS
330
CCE3
102
}
330
1F
100
AcDbEntity
  8
0
100
AcDbPolyline
 90
        4
 70
     1
 43
0.0
 10
4603.7011
 20
776.4251
 42
0.0
 10
4627.7011
 20
776.4251
 42
0.0
 10
4627.7011
 20
668.4251
 42
0.0
 10
4603.7011
 20
668.4251
 42
0.0
  0
ARC
  5
CC3F
330
1F
100
AcDbEntity
  8
0
100
AcDbCircle
 10
4632.2011
 20
633.4251
 30
0.0
 40
35.0
100
AcDbArc
 50
90.0
 51
180.0
  0
LINE
  5
CC40
330
1F
100
AcDbEntity
  8
0
100
AcDbLine
 39
0.0
 10
4632.2011
 20
633.4251
 30
0.0
 11
4632.2011
 21
632.4251
 31
0.0
  0
LINE
  5
CC41
330
1F
100
AcDbEntity
  8
0
100
AcDbLine
 39
0.0
 10
4597.2011
 20
562.4251
 30
0.0
 11
4632.2011
 21
562.4251
 31
0.0
  0
ARC
  5
CC42
330
1F
100
AcDbEntity
  8
0
100
AcDbCircle
 10
4632.2011
 20
562.4251
 30
0.0
 40
35.0
100
AcDbArc
 50
180.0
 51
270.0
  0
LINE
  5
CC43
330
1F
100
AcDbEntity
  8
0
100
AcDbLine
 39
0.0
 10
4632.2011
 20
562.4251
 30
0.0
 11
4632.2011
 21
563.4251
 31
0.0
  0
LINE
  5
CC44
330
1F
100
AcDbEntity
  8
0
100
AcDbLine
 39
0.0
 10
4761.7011
 20
704.4251
 30
0.0
 11
4766.2011
 21
704.4251
 31
0.0
  0
LINE
  5
CC45
330
1F
100
AcDbEntity
  8
0
100
AcDbLine
 39
0.0
 10
4761.7011
 20
750.1751
 30
0.0
 11
4766.2011
 21
750.1751
 31
0.0
  0
CIRCLE
  5
CC46
330
1F
100
AcDbEntity
  8
FIXTURE
  6
Continuous
100
AcDbCircle
 10
4694.0712
 20
701.5389
 30
0.0
 40
24.0
  0
INSERT
  5
CC47
330
1F
100
AcDbEntity
  8
FIXTURE
  6
Continuous
100
AcDbBlockReference
  2
Chair - Rocking
 10
4657.2341
 20
679.9124
 30
0.0
 41
0.8817
 42
0.8817
 43
0.8817
 50
116.545
 70
     0
 71
     0
 44
0.0
 45
0.0
  0
INSERT
  5
CC48
330
1F
100
AcDbEntity
  8
FIXTURE
  6
Continuous
100
AcDbBlockReference
  2
Chair - Rocking
 10
4730.2185
 20
723.8808
 30
0.0
 41
-0.8817
 42
0.8817
 43
0.8817
 50
297.8614
 70
     0
 71
     0
 44
0.0
 45
0.0
  0
INSERT
  5
CC49
330
1F
100
AcDbEntity
  8
FIXTURE
  6
Continuous
100
AcDbBlockReference
  2
Chair - Rocking
 10
4657.6018
 20
723.8808
 30
0.0
 41
0.8817
 42
0.8817
 43
0.8817
 50
62.1386
 70
     0
 71
     0
 44
0.0
 45
0.0
  0
INSERT
  5
CC4A
330
1F
100
AcDbEntity
  8
FIXTURE
  6
Continuous
100
AcDbBlockReference
  2
Chair - Rocking
 10
4730.5863
 20
679.9124
 30
0.0
 41
-0.8817
 42
0.8817
 43
0.8817
 50
243.455
 70
     0
 71
     0
 44
0.0
 45
0.0
  0
LWPOLYLINE
  5
CC4B
102
{ACAD_REACTORS
330
CCE6
102
}
330
1F
100
AcDbEntity
  8
0
100
AcDbPolyline
 90
        4
 70
     1
 43
0.0
 10
4632.2011
 20
776.4251
 42
0.0
 10
4731.7011
 20
776.4251
 42
0.0
 10
4731.7011
 20
758.4251
 42
0.0
 10
4632.2011
 20
758.4251
 42
0.0
  0
INSERT
  5
CC4C
330
1F
100
AcDbEntity
  8
FIXTURE
  6
Continuous
100
AcDbBlockReference
  2
Chair - Rocking
 10
4694.3125
 20
743.9265
 30
0.0
 41
-0.8817
 42
0.8817
 43
0.8817
 50
358.8615
 70
     0
 71
     0
 44
0.0
 45
0.0
  0
INSERT
  5
CC4D
330
1F
100
AcDbEntity
  8
FIXTURE
  6
Continuous
100
AcDbBlockReference
  2
Chair - Rocking
 10
4694.3125
 20
659.1513
 30
0.0
 41
0.8817
 42
0.8817
 43
0.8817
 50
181.1385
 70
     0
 71
     0
 44
0.0
 45
0.0
  0
LINE
  5
CC4E
330
1F
100
AcDbEntity
  8
0
100
AcDbLine
 39
0.0
 10
4850.2011
 20
710.4251
 30
0.0
 11
4859.2011
 21
710.4251
 31
0.0
  0
LINE
  5
CC4F
330
1F
100
AcDbEntity
  8
0
100
AcDbLine
 39
0.0
 10
4850.2011
 20
746.4251
 30
0.0
 11
4859.2011
 21
746.4251
 31
0.0
  0
LINE
  5
CC50
330
1F
100
AcDbEntity
  8
0
100
AcDbLine
 39
0.0
 10
4854.7011
 20
746.4251
 30
0.0
 11
4854.7011
 21
710.4251
 31
0.0
  0
LINE
  5
CC51
330
1F
100
AcDbEntity
  8
0
100
AcDbLine
 39
0.0
 10
4484.2011
 20
579.9251
 30
0.0
 11
4475.2011
 21
579.9251
 31
0.0
  0
LINE
  5
CC52
330
1F
100
AcDbEntity
  8
0
100
AcDbLine
 39
0.0
 10
4484.2011
 20
615.9251
 30
0.0
 11
4475.2011
 21
615.9251
 31
0.0
  0
LINE
  5
CC53
330
1F
100
AcDbEntity
  8
0
100
AcDbLine
 39
0.0
 10
4479.7011
 20
615.9251
 30
0.0
 11
4479.7011
 21
579.9251
 31
0.0
  0
LINE
  5
CC54
330
1F
100
AcDbEntity
  8
0
100
AcDbLine
 39
0.0
 10
4484.2011
 20
656.4251
 30
0.0
 11
4475.2011
 21
656.4251
 31
0.0
  0
LINE
  5
CC55
330
1F
100
AcDbEntity
  8
0
100
AcDbLine
 39
0.0
 10
4484.2011
 20
752.4251
 30
0.0
 11
4475.2011
 21
752.4251
 31
0.0
  0
LINE
  5
CC56
330
1F
100
AcDbEntity
  8
0
100
AcDbLine
 39
0.0
 10
4479.7011
 20
752.4251
 30
0.0
 11
4479.7011
 21
656.4251
 31
0.0
  0
LINE
  5
CC57
330
1F
100
AcDbEntity
  8
0
100
AcDbLine
 39
0.0
 10
4484.2011
 20
539.4251
 30
0.0
 11
4475.2011
 21
539.4251
 31
0.0
  0
LINE
  5
CC58
330
1F
100
AcDbEntity
  8
0
100
AcDbLine
 39
0.0
 10
4484.2011
 20
443.4251
 30
0.0
 11
4475.2011
 21
443.4251
 31
0.0
  0
LINE
  5
CC59
330
1F
100
AcDbEntity
  8
0
100
AcDbLine
 39
0.0
 10
4479.7011
 20
443.4251
 30
0.0
 11
4479.7011
 21
539.4251
 31
0.0
  0
LINE
  5
CC5A
330
1F
100
AcDbEntity
  8
0
  6
ZIGZAG
 48
0.5
100
AcDbLine
 39
0.0
 10
4505.2011
 20
284.4251
 30
0.0
 11
4589.2011
 21
284.4251
 31
0.0
  0
LINE
  5
CC5B
330
1F
100
AcDbEntity
  8
0
  6
ZIGZAG
 48
0.5
100
AcDbLine
 39
0.0
 10
4745.2011
 20
284.4251
 30
0.0
 11
4829.2011
 21
284.4251
 31
0.0
  0
LINE
  5
CC5C
102
{ACAD_REACTORS
330
CD0C
102
}
330
1F
100
AcDbEntity
  8
0
100
AcDbLine
 39
0.0
 10
4859.2011
 20
512.9251
 30
0.0
 11
4830.2011
 21
512.9251
 31
0.0
  0
LINE
  5
CC5D
330
1F
100
AcDbEntity
  8
0
100
AcDbLine
 39
0.0
 10
4859.2011
 20
517.4251
 30
0.0
 11
4830.2011
 21
517.4251
 31
0.0
  0
LINE
  5
CC5E
330
1F
100
AcDbEntity
  8
0
100
AcDbLine
 39
0.0
 10
4859.2011
 20
529.4251
 30
0.0
 11
4850.2011
 21
529.4251
 31
0.0
  0
LINE
  5
CC5F
330
1F
100
AcDbEntity
  8
0
100
AcDbLine
 39
0.0
 10
4859.2011
 20
565.4251
 30
0.0
 11
4850.2011
 21
565.4251
 31
0.0
  0
LINE
  5
CC60
330
1F
100
AcDbEntity
  8
0
100
AcDbLine
 39
0.0
 10
4830.2011
 20
512.9251
 30
0.0
 11
4830.2011
 21
517.4251
 31
0.0
  0
ARC
  5
CC61
330
1F
100
AcDbEntity
  8
0
100
AcDbCircle
 10
4834.7011
 20
477.4251
 30
0.0
 40
35.5
100
AcDbArc
 50
90.0
 51
180.0
  0
LINE
  5
CC62
330
1F
100
AcDbEntity
  8
0
100
AcDbLine
 39
0.0
 10
4834.7011
 20
477.4251
 30
0.0
 11
4834.7011
 21
476.4251
 31
0.0
  0
LINE
  5
CC63
330
1F
100
AcDbEntity
  8
0
100
AcDbLine
 39
0.0
 10
4850.2011
 20
424.6751
 30
0.0
 11
4859.2011
 21
424.6751
 31
0.0
  0
LINE
  5
CC64
330
1F
100
AcDbEntity
  8
0
100
AcDbLine
 39
0.0
 10
4850.2011
 20
466.6751
 30
0.0
 11
4859.2011
 21
466.6751
 31
0.0
  0
LINE
  5
CC65
330
1F
100
AcDbEntity
  8
0
100
AcDbLine
 39
0.0
 10
4854.7011
 20
466.6751
 30
0.0
 11
4854.7011
 21
424.6751
 31
0.0
  0
LINE
  5
CC66
330
1F
100
AcDbEntity
  8
0
100
AcDbLine
 39
0.0
 10
4632.2011
 20
627.9251
 30
0.0
 11
4632.2011
 21
567.9251
 31
0.0
  0
LINE
  5
CC67
330
1F
100
AcDbEntity
  8
0
100
AcDbLine
 39
0.0
 10
4597.7011
 20
632.4251
 30
0.0
 11
4596.7011
 21
632.4251
 31
0.0
  0
LINE
  5
CC68
330
1F
100
AcDbEntity
  8
0
100
AcDbLine
 39
0.0
 10
4596.7011
 20
632.4251
 30
0.0
 11
4596.7011
 21
603.4251
 31
0.0
  0
ARC
  5
CC69
330
1F
100
AcDbEntity
  8
0
100
AcDbCircle
 10
4596.7011
 20
632.4251
 30
0.0
 40
29.0
100
AcDbArc
 50
180.0
 51
270.0
  0
LINE
  5
CC6A
330
1F
100
AcDbEntity
  8
0
100
AcDbLine
 39
0.0
 10
4854.7011
 20
668.4251
 30
0.0
 11
4854.7011
 21
632.4251
 31
0.0
  0
LINE
  5
CC6B
330
1F
100
AcDbEntity
  8
0
100
AcDbLine
 39
0.0
 10
4854.7011
 20
565.4251
 30
0.0
 11
4854.7011
 21
529.4251
 31
0.0
  0
INSERT
  5
CC6C
330
1F
100
AcDbEntity
  8
FIXTURE
  6
Continuous
100
AcDbBlockReference
  2
BED
 10
7752.0249
 20
-796.3482
 30
0.0
 41
-1.0
 42
1.0
 43
1.0
 50
0.0
 70
     0
 71
     0
 44
0.0
 45
0.0
  0
INSERT
  5
CC6D
330
1F
100
AcDbEntity
  8
FIXTURE
  6
Continuous
100
AcDbBlockReference
  2
BED
 10
7752.0249
 20
1992.1983
 30
0.0
 41
1.0
 42
1.0
 43
1.0
 50
180.0
 70
     0
 71
     0
 44
0.0
 45
0.0
  0
INSERT
  5
CC6E
330
1F
100
AcDbEntity
  8
FIXTURE
  6
Continuous
100
AcDbBlockReference
  2
Chair - Rocking
 10
4515.1707
 20
689.9802
 30
0.0
 41
0.8817
 42
0.8817
 43
0.8817
 50
26.545
 70
     0
 71
     0
 44
0.0
 45
0.0
  0
CIRCLE
  5
CC6F
330
1F
100
AcDbEntity
  8
FIXTURE
  6
Continuous
100
AcDbCircle
 10
4541.9031
 20
682.1996
 30
0.0
 40
5.9066
  0
INSERT
  5
CC70
330
1F
100
AcDbEntity
  8
FIXTURE
  6
Continuous
100
AcDbBlockReference
  2
Chair - Rocking
 10
4568.3839
 20
689.9802
 30
0.0
 41
-0.8817
 42
0.8817
 43
0.8817
 50
333.455
 70
     0
 71
     0
 44
0.0
 45
0.0
  0
INSERT
  5
CC71
330
1F
100
AcDbEntity
  8
FIXTURE
  6
Continuous
100
AcDbBlockReference
  2
Chair - Rocking
 10
4515.1707
 20
505.8699
 30
0.0
 41
-0.8817
 42
0.8817
 43
0.8817
 50
153.455
 70
     0
 71
     0
 44
0.0
 45
0.0
  0
CIRCLE
  5
CC72
330
1F
100
AcDbEntity
  8
FIXTURE
  6
Continuous
100
AcDbCircle
 10
4541.9031
 20
513.6506
 30
0.0
 40
5.9066
  0
INSERT
  5
CC73
330
1F
100
AcDbEntity
  8
FIXTURE
  6
Continuous
100
AcDbBlockReference
  2
Chair - Rocking
 10
4568.3839
 20
505.8699
 30
0.0
 41
0.8817
 42
0.8817
 43
0.8817
 50
206.545
 70
     0
 71
     0
 44
0.0
 45
0.0
  0
LINE
  5
CC74
330
1F
100
AcDbEntity
  8
0
100
AcDbLine
 39
0.0
 10
4632.2011
 20
461.4251
 30
0.0
 11
4633.2011
 21
461.4251
 31
0.0
  0
LINE
  5
CC75
330
1F
100
AcDbEntity
  8
0
100
AcDbLine
 39
0.0
 10
4633.2011
 20
461.4251
 30
0.0
 11
4633.2011
 21
502.4251
 31
0.0
  0
ARC
  5
CC76
330
1F
100
AcDbEntity
  8
0
100
AcDbCircle
 10
4633.2011
 20
461.4251
 30
0.0
 40
41.0
100
AcDbArc
 50
0.0
 51
90.0
  0
LINE
  5
CC77
330
1F
100
AcDbEntity
  8
Bathroom fixtures
100
AcDbLine
 39
0.0
 10
4530.2011
 20
573.9251
 30
0.0
 11
4566.2011
 21
573.9251
 31
0.0
  0
LINE
  5
CC78
330
1F
100
AcDbEntity
  8
Bathroom fixtures
100
AcDbLine
 39
0.0
 10
4568.2011
 20
585.9251
 30
0.0
 11
4575.9915
 21
585.9251
 31
0.0
  0
LINE
  5
CC79
330
1F
100
AcDbEntity
  8
Bathroom fixtures
100
AcDbLine
 39
0.0
 10
4593.9107
 20
585.9251
 30
0.0
 11
4603.7011
 21
585.9251
 31
0.0
  0
INSERT
  5
CC7A
330
1F
100
AcDbEntity
  8
Bathroom fixtures
100
AcDbBlockReference
  2
zd
 10
4548.2011
 20
573.9251
 30
0.0
 41
-0.04
 42
0.04
 43
0.04
 50
270.0
 70
     0
 71
     0
 44
0.0
 45
0.0
  0
LINE
  5
CC7B
330
1F
100
AcDbEntity
  8
Bathroom fixtures
100
AcDbLine
 39
0.0
 10
4566.2011
 20
573.9251
 30
0.0
 11
4566.2011
 21
583.9251
 31
0.0
  0
CIRCLE
  5
CC7C
330
1F
100
AcDbEntity
  8
Bathroom fixtures
100
AcDbCircle
 10
4584.9511
 20
580.4501
 30
0.0
 40
10.5
  0
ARC
  5
CC7D
330
1F
100
AcDbEntity
  8
Bathroom fixtures
100
AcDbCircle
 10
4568.2011
 20
583.9251
 30
0.0
 40
2.0
100
AcDbArc
 50
90.0
 51
180.0
  0
LWPOLYLINE
  5
CC7E
330
1F
100
AcDbEntity
  8
0
100
AcDbPolyline
 90
        4
 70
     1
 43
0.0
 10
4734.8523
 20
774.5694
 42
0.0
 10
4759.5278
 20
774.5694
 42
0.0
 10
4759.5278
 20
751.4349
 42
0.0
 10
4734.8523
 20
751.4349
 42
0.0
  0
LINE
  5
CC7F
330
1F
100
AcDbEntity
  8
0
100
AcDbLine
 39
0.0
 10
4814.2011
 20
419.4251
 30
0.0
 11
4814.2011
 21
471.9251
 31
0.0
  0
LINE
  5
CC80
330
1F
100
AcDbEntity
  8
0
100
AcDbLine
 39
0.0
 10
4810.2011
 20
419.4251
 30
0.0
 11
4810.2011
 21
471.9251
 31
0.0
  0
LINE
  5
CC81
330
1F
100
AcDbEntity
  8
Bathroom fixtures
100
AcDbLine
 39
0.0
 10
4774.2011
 20
425.4251
 30
0.0
 11
4774.2011
 21
435.4251
 31
0.0
  0
INSERT
  5
CC82
330
1F
100
AcDbEntity
  8
Bathroom fixtures
100
AcDbBlockReference
  2
zd
 10
4792.2011
 20
425.4251
 30
0.0
 41
0.04
 42
0.04
 43
0.04
 50
90.0
 70
     0
 71
     0
 44
0.0
 45
0.0
  0
LINE
  5
CC83
330
1F
100
AcDbEntity
  8
0
100
AcDbLine
 39
0.0
 10
4730.2011
 20
476.4251
 30
0.0
 11
4731.2011
 21
476.4251
 31
0.0
  0
LINE
  5
CC84
330
1F
100
AcDbEntity
  8
0
100
AcDbLine
 39
0.0
 10
4731.2011
 20
476.4251
 30
0.0
 11
4731.2011
 21
447.4251
 31
0.0
  0
ARC
  5
CC85
330
1F
100
AcDbEntity
  8
0
100
AcDbCircle
 10
4731.2011
 20
476.4251
 30
0.0
 40
29.0
100
AcDbArc
 50
270.0
 51
0.0
  0
ARC
  5
CC86
330
1F
100
AcDbEntity
  8
Bathroom fixtures
100
AcDbCircle
 10
4772.2011
 20
435.4251
 30
0.0
 40
2.0
100
AcDbArc
 50
0.0
 51
90.0
  0
CIRCLE
  5
CC87
330
1F
100
AcDbEntity
  8
Bathroom fixtures
100
AcDbCircle
 10
4750.3871
 20
432.1953
 30
0.0
 40
9.5691
  0
MTEXT
  5
CC88
330
1F
100
AcDbEntity
  8
TXT
100
AcDbMText
 10
4613.4867
 20
726.2774
 30
0.0
 40
6.0
 41
52873.6116
 50
0.0
 46
0.0
 71
     8
 72
     5
  1
\pxt4409;{\fArial Narrow|b0|i0|c0|p34;WARDROBE}
 11
-0.0
 21
-1.0
 31
0.0
 73
     1
 44
1.0
 90
        0
 75
     0
 78
     0
 79
     0
 48
0.0
 49
0.0
  0
MTEXT
  5
CC89
330
1F
100
AcDbEntity
  8
TXT
100
AcDbMText
 10
4613.4867
 20
495.4194
 30
0.0
 40
6.0
 41
52873.6116
 50
0.0
 46
0.0
 71
     8
 72
     5
  1
\pxt4409;{\fArial Narrow|b0|i0|c0|p34;WARDROBE}
 11
-0.0
 21
-1.0
 31
0.0
 73
     1
 44
1.0
 90
        0
 75
     0
 78
     0
 79
     0
 48
0.0
 49
0.0
  0
MTEXT
  5
CC8A
330
1F
100
AcDbEntity
  8
TXT
100
AcDbMText
 10
4544.3105
 20
539.136
 30
0.0
 40
6.0
 41
52873.6116
 50
0.0
 46
0.0
 71
     8
 72
     5
  1
{\fArial Narrow|b0|i0|c0|p34;BEDROOM 2}
 73
     1
 44
1.0
 90
        0
 75
     0
 78
     0
 79
     0
 48
0.0
 49
0.0
  0
MTEXT
  5
CC8B
330
1F
100
AcDbEntity
  8
TXT
100
AcDbMText
 10
4541.7604
 20
649.6509
 30
0.0
 40
6.0
 41
52873.6116
 50
0.0
 46
0.0
 71
     8
 72
     5
  1
{\fArial Narrow|b0|i0|c0|p34;BEDROOM 1}
 73
     1
 44
1.0
 90
        0
 75
     0
 78
     0
 79
     0
 48
0.0
 49
0.0
  0
MTEXT
  5
CC8C
330
1F
100
AcDbEntity
  8
TXT
100
AcDbMText
 10
4552.2996
 20
606.8004
 30
0.0
 40
6.0
 41
52873.6116
 50
0.0
 46
0.0
 71
     8
 72
     5
  1
{\fArial Narrow|b0|i0|c0|p34;TOILET}
 73
     1
 44
1.0
 90
        0
 75
     0
 78
     0
 79
     0
 48
0.0
 49
0.0
  0
MTEXT
  5
CC8D
330
1F
100
AcDbEntity
  8
TXT
100
AcDbMText
 10
4506.9234
 20
597.6638
 30
0.0
 40
4.0
 41
52873.6116
 50
0.0
 46
0.0
 71
     8
 72
     5
  1
{\fArial Narrow|b0|i0|c0|p34;SHOWER AREA}
 73
     1
 44
1.0
 90
        0
 75
     0
 78
     0
 79
     0
 48
0.0
 49
0.0
  0
MTEXT
  5
CC8E
330
1F
100
AcDbEntity
  8
TXT
100
AcDbMText
 10
4832.907
 20
448.7362
 30
0.0
 40
4.0
 41
52873.6116
 50
0.0
 46
0.0
 71
     8
 72
     5
  1
{\fArial Narrow|b0|i0|c0|p34;SHOWER AREA}
 73
     1
 44
1.0
 90
        0
 75
     0
 78
     0
 79
     0
 48
0.0
 49
0.0
  0
MTEXT
  5
CC8F
330
1F
100
AcDbEntity
  8
TXT
100
AcDbMText
 10
4771.6991
 20
453.7016
 30
0.0
 40
6.0
 41
52873.6116
 50
0.0
 46
0.0
 71
     8
 72
     5
  1
{\fArial Narrow|b0|i0|c0|p34;TOILET}
 73
     1
 44
1.0
 90
        0
 75
     0
 78
     0
 79
     0
 48
0.0
 49
0.0
  0
MTEXT
  5
CC90
330
1F
100
AcDbEntity
  8
TXT
100
AcDbMText
 10
4798.0692
 20
720.443
 30
0.0
 40
6.0
 41
52873.6116
 50
0.0
 46
0.0
 71
     8
 72
     5
  1
\pxt4409;{\fArial Narrow|b0|i0|c0|p34;KITCHEN\P7'X8'}
 73
     1
 44
1.0
 90
        0
 75
     0
 78
     0
 79
     0
 48
0.0
 49
0.0
  0
MTEXT
  5
CC91
330
1F
100
AcDbEntity
  8
TXT
100
AcDbMText
 10
4748.2662
 20
760.1136
 30
0.0
 40
6.0
 41
52873.6116
 50
0.0
 46
0.0
 71
     8
 72
     5
  1
{\fArial Narrow|b0|i0|c0|p34;RF.}
 73
     1
 44
1.0
 90
        0
 75
     0
 78
     0
 79
     0
 48
0.0
 49
0.0
  0
MTEXT
  5
CC92
330
1F
100
AcDbEntity
  8
TXT
100
AcDbMText
 10
4664.5077
 20
744.3063
 30
0.0
 40
6.0
 41
52873.6116
 50
0.0
 46
0.0
 71
     8
 72
     5
  1
{\fArial Narrow|b0|i0|c0|p34;DINING AREA}
 73
     1
 44
1.0
 90
        0
 75
     0
 78
     0
 79
     0
 48
0.0
 49
0.0
  0
MTEXT
  5
CC93
330
1F
100
AcDbEntity
  8
TXT
100
AcDbMText
 10
4691.5001
 20
436.8357
 30
0.0
 40
6.0
 41
52873.6116
 50
0.0
 46
0.0
 71
     8
 72
     5
  1
{\fArial Narrow|b0|i0|c0|p34;UP}
 73
     1
 44
1.0
 90
        0
 75
     0
 78
     0
 79
     0
 48
0.0
 49
0.0
  0
MTEXT
  5
CC94
330
1F
100
AcDbEntity
  8
TXT
100
AcDbMText
 10
4644.8401
 20
426.4171
 30
0.0
 40
6.0
 41
52873.6116
 50
0.0
 46
0.0
 71
     8
 72
     5
  1
{\fArial Narrow|b0|i0|c0|p34;UP}
 73
     1
 44
1.0
 90
        0
 75
     0
 78
     0
 79
     0
 48
0.0
 49
0.0
  0
MTEXT
  5
CC95
330
1F
100
AcDbEntity
  8
TXT
100
AcDbMText
 10
4834.1043
 20
491.0116
 30
0.0
 40
6.0
 41
52873.6116
 50
0.0
 46
0.0
 71
     8
 72
     5
  1
{\fArial Narrow|b0|i0|c0|p34;UP}
 73
     1
 44
1.0
 90
        0
 75
     0
 78
     0
 79
     0
 48
0.0
 49
0.0
  0
MTEXT
  5
CC96
330
1F
100
AcDbEntity
  8
TXT
100
AcDbMText
 10
4776.0168
 20
614.0795
 30
0.0
 40
6.0
 41
52873.6116
 50
0.0
 46
0.0
 71
     8
 72
     5
  1
{\fArial Narrow|b0|i0|c0|p34;LIVING AREA}
 73
     1
 44
1.0
 90
        0
 75
     0
 78
     0
 79
     0
 48
0.0
 49
0.0
  0
LWPOLYLINE
  5
CC97
102
{ACAD_REACTORS
330
CCD1
330
CCD4
102
}
330
1F
100
AcDbEntity
  8
FIXTURE
  6
Continuous
100
AcDbPolyline
 90
        4
 70
     1
 43
0.0
 10
4838.2011
 20
623.6798
 42
0.0
 10
4850.2011
 20
623.6798
 42
0.0
 10
4850.2011
 20
551.6798
 42
0.0
 10
4838.2011
 20
551.6798
 42
0.0
  0
LINE
  5
CC98
330
1F
100
AcDbEntity
  8
FIXTURE
  6
Continuous
100
AcDbLine
 39
0.0
 10
4724.4162
 20
629.4298
 30
0.0
 11
4724.4162
 21
548.4298
 31
0.0
  0
LINE
  5
CC99
330
1F
100
AcDbEntity
  8
FIXTURE
  6
Continuous
100
AcDbLine
 39
0.0
 10
4718.4162
 20
635.4298
 30
0.0
 11
4718.4162
 21
629.4298
 31
0.0
  0
LINE
  5
CC9A
330
1F
100
AcDbEntity
  8
FIXTURE
  6
Continuous
100
AcDbLine
 39
0.0
 10
4718.4162
 20
548.4298
 30
0.0
 11
4718.4162
 21
542.4298
 31
0.0
  0
LINE
  5
CC9B
330
1F
100
AcDbEntity
  8
FIXTURE
  6
Continuous
100
AcDbLine
 39
0.0
 10
4724.4162
 20
548.4298
 30
0.0
 11
4694.4162
 21
548.4298
 31
0.0
  0
LINE
  5
CC9C
330
1F
100
AcDbEntity
  8
FIXTURE
  6
Continuous
100
AcDbLine
 39
0.0
 10
4724.4162
 20
575.4298
 30
0.0
 11
4694.4162
 21
575.4298
 31
0.0
  0
LINE
  5
CC9D
330
1F
100
AcDbEntity
  8
FIXTURE
  6
Continuous
100
AcDbLine
 39
0.0
 10
4724.4162
 20
602.4298
 30
0.0
 11
4694.4162
 21
602.4298
 31
0.0
  0
LINE
  5
CC9E
330
1F
100
AcDbEntity
  8
FIXTURE
  6
Continuous
100
AcDbLine
 39
0.0
 10
4724.4162
 20
629.4298
 30
0.0
 11
4694.4162
 21
629.4298
 31
0.0
  0
LINE
  5
CC9F
330
1F
100
AcDbEntity
  8
FIXTURE
  6
Continuous
100
AcDbLine
 39
0.0
 10
4718.4162
 20
542.4298
 30
0.0
 11
4688.4162
 21
542.4298
 31
0.0
  0
LINE
  5
CCA0
330
1F
100
AcDbEntity
  8
FIXTURE
  6
Continuous
100
AcDbLine
 39
0.0
 10
4694.4162
 20
548.4298
 30
0.0
 11
4694.4162
 21
629.4298
 31
0.0
  0
LINE
  5
CCA1
330
1F
100
AcDbEntity
  8
FIXTURE
  6
Continuous
100
AcDbLine
 39
0.0
 10
4688.4162
 20
542.4298
 30
0.0
 11
4688.4162
 21
635.4298
 31
0.0
  0
LINE
  5
CCA2
330
1F
100
AcDbEntity
  8
FIXTURE
  6
Continuous
100
AcDbLine
 39
0.0
 10
4688.4162
 20
635.4298
 30
0.0
 11
4718.4162
 21
635.4298
 31
0.0
  0
LINE
  5
CCA3
102
{ACAD_REACTORS
330
CD28
102
}
330
1F
100
AcDbEntity
  8
FIXTURE
  6
Continuous
100
AcDbLine
 39
0.0
 10
4749.3201
 20
659.8389
 30
0.0
 11
4809.3201
 21
659.8389
 31
0.0
  0
LINE
  5
CCA4
102
{ACAD_REACTORS
330
CD28
102
}
330
1F
100
AcDbEntity
  8
FIXTURE
  6
Continuous
100
AcDbLine
 39
0.0
 10
4749.3201
 20
638.8389
 30
0.0
 11
4809.3201
 21
638.8389
 31
0.0
  0
LINE
  5
CCA5
330
1F
100
AcDbEntity
  8
FIXTURE
  6
Continuous
100
AcDbLine
 39
0.0
 10
4809.3201
 20
659.8389
 30
0.0
 11
4809.3201
 21
638.8389
 31
0.0
  0
LINE
  5
CCA6
330
1F
100
AcDbEntity
  8
FIXTURE
  6
Continuous
100
AcDbLine
 39
0.0
 10
4815.3201
 20
659.8389
 30
0.0
 11
4815.3201
 21
638.8389
 31
0.0
  0
LINE
  5
CCA7
330
1F
100
AcDbEntity
  8
FIXTURE
  6
Continuous
100
AcDbLine
 39
0.0
 10
4749.3201
 20
659.8389
 30
0.0
 11
4749.3201
 21
638.8389
 31
0.0
  0
LINE
  5
CCA8
330
1F
100
AcDbEntity
  8
FIXTURE
  6
Continuous
100
AcDbLine
 39
0.0
 10
4743.3201
 20
659.8389
 30
0.0
 11
4743.3201
 21
638.8389
 31
0.0
  0
ARC
  5
CCA9
330
1F
100
AcDbEntity
  8
FIXTURE
  6
Continuous
100
AcDbCircle
 10
4746.3201
 20
655.5245
 30
0.0
 40
5.2549
100
AcDbArc
 50
55.1874
 51
124.8126
  0
ARC
  5
CCAA
330
1F
100
AcDbEntity
  8
FIXTURE
  6
Continuous
100
AcDbCircle
 10
4746.3201
 20
643.1533
 30
0.0
 40
5.2549
100
AcDbArc
 50
235.1874
 51
304.8126
  0
ARC
  5
CCAB
330
1F
100
AcDbEntity
  8
FIXTURE
  6
Continuous
100
AcDbCircle
 10
4812.3201
 20
655.5245
 30
0.0
 40
5.2549
100
AcDbArc
 50
55.1874
 51
124.8126
  0
ARC
  5
CCAC
330
1F
100
AcDbEntity
  8
FIXTURE
  6
Continuous
100
AcDbCircle
 10
4812.3201
 20
643.1533
 30
0.0
 40
5.2549
100
AcDbArc
 50
235.1874
 51
304.8126
  0
LINE
  5
CCAD
330
1F
100
AcDbEntity
  8
FIXTURE
  6
Continuous
100
AcDbLine
 39
0.0
 10
4746.3201
 20
660.7794
 30
0.0
 11
4746.3201
 21
637.8984
 31
0.0
  0
LINE
  5
CCAE
330
1F
100
AcDbEntity
  8
FIXTURE
  6
Continuous
100
AcDbLine
 39
0.0
 10
4749.1134
 20
659.9755
 30
0.0
 11
4749.1134
 21
638.7023
 31
0.0
  0
LINE
  5
CCAF
330
1F
100
AcDbEntity
  8
FIXTURE
  6
Continuous
100
AcDbLine
 39
0.0
 10
4748.6563
 20
660.2315
 30
0.0
 11
4748.6563
 21
638.4462
 31
0.0
  0
LINE
  5
CCB0
330
1F
100
AcDbEntity
  8
FIXTURE
  6
Continuous
100
AcDbLine
 39
0.0
 10
4747.7421
 20
660.5833
 30
0.0
 11
4747.7421
 21
638.0945
 31
0.0
  0
LINE
  5
CCB1
330
1F
100
AcDbEntity
  8
FIXTURE
  6
Continuous
100
AcDbLine
 39
0.0
 10
4743.5268
 20
659.9755
 30
0.0
 11
4743.5268
 21
638.7023
 31
0.0
  0
LINE
  5
CCB2
330
1F
100
AcDbEntity
  8
FIXTURE
  6
Continuous
100
AcDbLine
 39
0.0
 10
4743.9839
 20
660.2315
 30
0.0
 11
4743.9839
 21
638.4462
 31
0.0
  0
LINE
  5
CCB3
330
1F
100
AcDbEntity
  8
FIXTURE
  6
Continuous
100
AcDbLine
 39
0.0
 10
4744.8981
 20
660.5833
 30
0.0
 11
4744.8981
 21
638.0945
 31
0.0
  0
LINE
  5
CCB4
330
1F
100
AcDbEntity
  8
FIXTURE
  6
Continuous
100
AcDbLine
 39
0.0
 10
4812.3201
 20
660.7794
 30
0.0
 11
4812.3201
 21
637.8984
 31
0.0
  0
LINE
  5
CCB5
330
1F
100
AcDbEntity
  8
FIXTURE
  6
Continuous
100
AcDbLine
 39
0.0
 10
4809.5268
 20
659.9755
 30
0.0
 11
4809.5268
 21
638.7023
 31
0.0
  0
LINE
  5
CCB6
330
1F
100
AcDbEntity
  8
FIXTURE
  6
Continuous
100
AcDbLine
 39
0.0
 10
4809.9839
 20
660.2315
 30
0.0
 11
4809.9839
 21
638.4462
 31
0.0
  0
LINE
  5
CCB7
330
1F
100
AcDbEntity
  8
FIXTURE
  6
Continuous
100
AcDbLine
 39
0.0
 10
4810.8981
 20
660.5833
 30
0.0
 11
4810.8981
 21
638.0945
 31
0.0
  0
LINE
  5
CCB8
330
1F
100
AcDbEntity
  8
FIXTURE
  6
Continuous
100
AcDbLine
 39
0.0
 10
4815.1134
 20
659.9755
 30
0.0
 11
4815.1134
 21
638.7023
 31
0.0
  0
LINE
  5
CCB9
330
1F
100
AcDbEntity
  8
FIXTURE
  6
Continuous
100
AcDbLine
 39
0.0
 10
4814.6563
 20
660.2315
 30
0.0
 11
4814.6563
 21
638.4462
 31
0.0
  0
LINE
  5
CCBA
330
1F
100
AcDbEntity
  8
FIXTURE
  6
Continuous
100
AcDbLine
 39
0.0
 10
4813.7421
 20
660.5833
 30
0.0
 11
4813.7421
 21
638.0945
 31
0.0
  0
LWPOLYLINE
  5
CCBB
330
1F
100
AcDbEntity
  8
FIXTURE
  6
Continuous
100
AcDbPolyline
 90
        4
 70
     1
 43
0.0
 10
4727.8713
 20
637.9991
 42
0.0
 10
4739.8713
 20
637.9991
 42
0.0
 10
4739.8713
 20
661.9991
 42
0.0
 10
4727.8713
 20
661.9991
 42
0.0
  0
LWPOLYLINE
  5
CCBC
330
1F
100
AcDbEntity
  8
FIXTURE
  6
Continuous
100
AcDbPolyline
 90
        2
 70
     0
 43
0.0
 10
4750.7109
 20
539.2495
 42
0.0
 10
4750.7109
 20
519.2495
 42
0.0
  0
LWPOLYLINE
  5
CCBD
330
1F
100
AcDbEntity
  8
FIXTURE
  6
Continuous
100
AcDbPolyline
 90
        2
 70
     0
 43
0.0
 10
4752.7109
 20
517.2495
 42
0.0
 10
4772.7109
 20
517.2495
 42
0.0
  0
LWPOLYLINE
  5
CCBE
330
1F
100
AcDbEntity
  8
FIXTURE
  6
Continuous
100
AcDbPolyline
 90
        2
 70
     0
 43
0.0
 10
4774.7109
 20
519.2495
 42
0.0
 10
4774.7109
 20
539.2495
 42
0.0
  0
LWPOLYLINE
  5
CCBF
330
1F
100
AcDbEntity
  8
FIXTURE
  6
Continuous
100
AcDbPolyline
 90
        2
 70
     0
 43
0.0
 10
4772.7109
 20
541.2495
 42
0.0
 10
4752.7109
 20
541.2495
 42
0.0
  0
ARC
  5
CCC0
330
1F
100
AcDbEntity
  8
FIXTURE
  6
Continuous
100
AcDbCircle
 10
4752.7109
 20
539.2495
 30
0.0
 40
2.0
100
AcDbArc
 50
90.0
 51
180.0
  0
ARC
  5
CCC1
330
1F
100
AcDbEntity
  8
FIXTURE
  6
Continuous
100
AcDbCircle
 10
4772.7109
 20
539.2495
 30
0.0
 40
2.0
100
AcDbArc
 50
0.0
 51
90.0
  0
ARC
  5
CCC2
330
1F
100
AcDbEntity
  8
FIXTURE
  6
Continuous
100
AcDbCircle
 10
4752.7109
 20
519.2495
 30
0.0
 40
2.0
100
AcDbArc
 50
180.0
 51
270.0
  0
ARC
  5
CCC3
330
1F
100
AcDbEntity
  8
FIXTURE
  6
Continuous
100
AcDbCircle
 10
4772.7109
 20
519.2495
 30
0.0
 40
2.0
100
AcDbArc
 50
270.0
 51
0.0
  0
LWPOLYLINE
  5
CCC4
330
1F
100
AcDbEntity
  8
FIXTURE
  6
Continuous
100
AcDbPolyline
 90
        2
 70
     0
 43
0.0
 10
4781.6732
 20
539.2495
 42
0.0
 10
4781.6732
 20
519.2495
 42
0.0
  0
LWPOLYLINE
  5
CCC5
330
1F
100
AcDbEntity
  8
FIXTURE
  6
Continuous
100
AcDbPolyline
 90
        2
 70
     0
 43
0.0
 10
4783.6732
 20
517.2495
 42
0.0
 10
4803.6732
 20
517.2495
 42
0.0
  0
LWPOLYLINE
  5
CCC6
330
1F
100
AcDbEntity
  8
FIXTURE
  6
Continuous
100
AcDbPolyline
 90
        2
 70
     0
 43
0.0
 10
4805.6732
 20
519.2495
 42
0.0
 10
4805.6732
 20
539.2495
 42
0.0
  0
LWPOLYLINE
  5
CCC7
330
1F
100
AcDbEntity
  8
FIXTURE
  6
Continuous
100
AcDbPolyline
 90
        2
 70
     0
 43
0.0
 10
4803.6732
 20
541.2495
 42
0.0
 10
4783.6732
 20
541.2495
 42
0.0
  0
ARC
  5
CCC8
330
1F
100
AcDbEntity
  8
FIXTURE
  6
Continuous
100
AcDbCircle
 10
4783.6732
 20
539.2495
 30
0.0
 40
2.0
100
AcDbArc
 50
90.0
 51
180.0
  0
ARC
  5
CCC9
330
1F
100
AcDbEntity
  8
FIXTURE
  6
Continuous
100
AcDbCircle
 10
4803.6732
 20
539.2495
 30
0.0
 40
2.0
100
AcDbArc
 50
0.0
 51
90.0
  0
ARC
  5
CCCA
330
1F
100
AcDbEntity
  8
FIXTURE
  6
Continuous
100
AcDbCircle
 10
4783.6732
 20
519.2495
 30
0.0
 40
2.0
100
AcDbArc
 50
180.0
 51
270.0
  0
ARC
  5
CCCB
330
1F
100
AcDbEntity
  8
FIXTURE
  6
Continuous
100
AcDbCircle
 10
4803.6732
 20
519.2495
 30
0.0
 40
2.0
100
AcDbArc
 50
270.0
 51
0.0
  0
LWPOLYLINE
  5
CCCC
330
1F
100
AcDbEntity
  8
FIXTURE
  6
Continuous
100
AcDbPolyline
 90
        4
 70
     1
 43
0.0
 10
4725.3788
 20
538.3201
 42
0.0
 10
4725.3788
 20
526.3201
 42
0.0
 10
4701.3788
 20
526.3201
 42
0.0
 10
4701.3788
 20
538.3201
 42
0.0
  0
LWPOLYLINE
  5
CCCD
330
1F
100
AcDbEntity
  8
FIXTURE
  6
Continuous
100
AcDbPolyline
 90
        4
 70
     1
 43
0.0
 10
4759.2707
 20
570.3784
 42
0.0
 10
4795.2707
 20
570.3784
 42
0.0
 10
4795.2707
 20
606.3784
 42
0.0
 10
4759.2707
 20
606.3784
 42
0.0
  0
MTEXT
  5
CCCE
330
1F
100
AcDbEntity
  8
TXT
100
AcDbMText
 10
4840.8417
 20
595.3323
 30
0.0
 40
6.0
 41
52873.6116
 50
0.0
 46
0.0
 71
     8
 72
     5
  1
{\fArial Narrow|b0|i0|c0|p34;TV COUNTER}
 11
-0.0
 21
-1.0
 31
0.0
 73
     1
 44
1.0
 90
        0
 75
     0
 78
     0
 79
     0
 48
0.0
 49
0.0
  0
DIMENSION
  5
CCCF
102
{ACAD_REACTORS
330
CCD1
102
}
102
{ACAD_XDICTIONARY
360
CCD0
102
}
330
1F
100
AcDbEntity
  8
0
100
AcDbDimension
  2
*D255
 10
4850.2011
 20
628.8907
 30
0.0
 11
4844.2011
 21
628.8907
 31
0.0
 70
     1
  1

 71
     5
 42
12.0
 73
     0
 74
     0
 75
     0
 53
0.0
  3
ISO-25
100
AcDbAlignedDimension
 13
4838.2011
 23
623.6798
 33
0.0
 14
4850.2011
 24
623.6798
 34
0.0
  0
DIMENSION
  5
CCD2
102
{ACAD_REACTORS
330
CCD4
102
}
102
{ACAD_XDICTIONARY
360
CCD3
102
}
330
1F
100
AcDbEntity
  8
0
100
AcDbDimension
  2
*D256
 10
4833.3507
 20
551.6798
 30
0.0
 11
4833.3507
 21
587.6798
 31
0.0
 70
     1
  1

 71
     5
 42
72.0
 73
     0
 74
     0
 75
     0
 53
0.0
  3
ISO-25
100
AcDbAlignedDimension
 13
4838.2011
 23
623.6798
 33
0.0
 14
4838.2011
 24
551.6798
 34
0.0
  0
MTEXT
  5
CCD5
330
1F
100
AcDbEntity
  8
TXT
100
AcDbMText
 10
4619.7111
 20
596.7115
 30
0.0
 40
6.0
 41
52873.6116
 50
0.0
 46
0.0
 71
     8
 72
     5
  1
\pxt4408;{\fArial Narrow|b0|i0|c0|p34;STORAGE CB}
 11
-0.0
 21
-1.0
 31
0.0
 73
     1
 44
1.0
 90
        0
 75
     0
 78
     0
 79
     0
 48
0.0
 49
0.0
  0
MTEXT
  5
CCD6
330
1F
100
AcDbEntity
  8
TXT
100
AcDbMText
 10
4682.34
 20
763.7724
 30
0.0
 40
6.0
 41
52873.6116
 50
0.0
 46
0.0
 71
     8
 72
     5
  1
{\fArial Narrow|b0|i0|c0|p34;CROCKERY CB}
 73
     1
 44
1.0
 90
        0
 75
     0
 78
     0
 79
     0
 48
0.0
 49
0.0
  0
LWPOLYLINE
  5
CCD7
330
1F
100
AcDbEntity
  8
0
100
AcDbPolyline
 90
        4
 70
     1
 43
0.0
 10
4767.6912
 20
774.2229
 42
0.0
 10
4800.784
 20
774.2229
 42
0.0
 10
4800.784
 20
754.187
 42
0.0
 10
4767.6912
 20
754.187
 42
0.0
  0
LINE
  5
CCD8
330
1F
100
AcDbEntity
  8
0
100
AcDbLine
 39
0.0
 10
4784.2376
 20
774.2229
 30
0.0
 11
4784.2376
 21
754.187
 31
0.0
  0
LWPOLYLINE
  5
CCD9
330
1F
100
AcDbEntity
  8
0
100
AcDbPolyline
 90
        4
 70
     1
 43
0.0
 10
4768.2541
 20
773.3814
 42
0.0
 10
4783.8009
 20
773.3814
 42
0.0
 10
4783.8009
 20
755.1169
 42
0.0
 10
4768.2541
 20
755.1169
 42
0.0
  0
LINE
  5
CCDA
330
1F
100
AcDbEntity
  8
0
100
AcDbLine
 39
0.0
 10
4786.6983
 20
772.6674
 30
0.0
 11
4786.6983
 21
756.3597
 31
0.0
  0
LINE
  5
CCDB
330
1F
100
AcDbEntity
  8
0
100
AcDbLine
 39
0.0
 10
4788.8364
 20
772.6674
 30
0.0
 11
4788.8364
 21
756.3597
 31
0.0
  0
LINE
  5
CCDC
330
1F
100
AcDbEntity
  8
0
100
AcDbLine
 39
0.0
 10
4790.742
 20
772.6674
 30
0.0
 11
4790.742
 21
756.3597
 31
0.0
  0
LINE
  5
CCDD
330
1F
100
AcDbEntity
  8
0
100
AcDbLine
 39
0.0
 10
4792.6012
 20
772.6674
 30
0.0
 11
4792.6012
 21
756.3597
 31
0.0
  0
LINE
  5
CCDE
330
1F
100
AcDbEntity
  8
0
100
AcDbLine
 39
0.0
 10
4794.5998
 20
772.6674
 30
0.0
 11
4794.5998
 21
756.3597
 31
0.0
  0
LINE
  5
CCDF
330
1F
100
AcDbEntity
  8
0
100
AcDbLine
 39
0.0
 10
4796.8773
 20
772.6674
 30
0.0
 11
4796.8773
 21
756.3597
 31
0.0
  0
LINE
  5
CCE0
330
1F
100
AcDbEntity
  8
0
100
AcDbLine
 39
0.0
 10
4799.1572
 20
772.6674
 30
0.0
 11
4799.1572
 21
756.3597
 31
0.0
  0
DIMENSION
  5
CCE1
102
{ACAD_REACTORS
330
CCE3
102
}
102
{ACAD_XDICTIONARY
360
CCE2
102
}
330
1F
100
AcDbEntity
  8
0
100
AcDbDimension
  2
*D257
 10
4627.7011
 20
797.6596
 30
0.0
 11
4555.9511
 21
797.6596
 31
0.0
 70
     0
  1

 71
     5
 42
143.5
 73
     0
 74
     0
 75
     0
 53
0.0
  3
ISO-25
100
AcDbAlignedDimension
 13
4484.2011
 23
776.4251
 33
0.0
 14
4627.7011
 24
776.4251
 34
0.0
 50
0.0
100
AcDbRotatedDimension
  0
DIMENSION
  5
CCE4
102
{ACAD_REACTORS
330
CCE6
102
}
102
{ACAD_XDICTIONARY
360
CCE5
102
}
330
1F
100
AcDbEntity
  8
0
100
AcDbDimension
  2
*D258
 10
4761.7011
 20
797.3466
 30
0.0
 11
4696.9511
 21
797.3466
 31
0.0
 70
     0
  1

 71
     5
 42
129.5
 73
     0
 74
     0
 75
     0
 53
0.0
  3
ISO-25
100
AcDbAlignedDimension
 13
4632.2011
 23
776.4251
 33
0.0
 14
4761.7011
 24
776.4251
 34
0.0
 50
0.0
100
AcDbRotatedDimension
  0
DIMENSION
  5
CCE7
102
{ACAD_REACTORS
330
CCE9
102
}
102
{ACAD_XDICTIONARY
360
CCE8
102
}
330
1F
100
AcDbEntity
  8
0
100
AcDbDimension
  2
*D259
 10
4850.2011
 20
797.0705
 30
0.0
 11
4808.2011
 21
797.0705
 31
0.0
 70
     0
  1

 71
     5
 42
84.0
 73
     0
 74
     0
 75
     0
 53
0.0
  3
ISO-25
100
AcDbAlignedDimension
 13
4766.2011
 23
776.4251
 33
0.0
 14
4850.2011
 24
776.4251
 34
0.0
 50
0.0
100
AcDbRotatedDimension
  0
DIMENSION
  5
CCEA
102
{ACAD_REACTORS
330
CCEC
102
}
102
{ACAD_XDICTIONARY
360
CCEB
102
}
330
1F
100
AcDbEntity
  8
0
100
AcDbDimension
  2
*D260
 10
4859.2011
 20
807.1025
 30
0.0
 11
4667.2011
 21
807.1025
 31
0.0
 70
     0
  1

 71
     5
 42
384.0
 73
     0
 74
     0
 75
     0
 53
0.0
  3
ISO-25
100
AcDbAlignedDimension
 13
4475.2011
 23
785.4251
 33
0.0
 14
4859.2011
 24
785.4251
 34
0.0
 50
0.0
100
AcDbRotatedDimension
  0
DIMENSION
  5
CCED
102
{ACAD_REACTORS
330
CCEF
102
}
102
{ACAD_XDICTIONARY
360
CCEE
102
}
330
1F
100
AcDbEntity
  8
0
100
AcDbDimension
  2
*D261
 10
4462.6696
 20
632.4251
 30
0.0
 11
4462.6696
 21
704.4251
 31
0.0
 70
     0
  1

 71
     5
 42
144.0
 73
     0
 74
     0
 75
     0
 53
0.0
  3
ISO-25
100
AcDbAlignedDimension
 13
4484.2011
 23
776.4251
 33
0.0
 14
4484.2011
 24
632.4251
 34
0.0
 50
90.0
100
AcDbRotatedDimension
  0
DIMENSION
  5
CCF0
102
{ACAD_REACTORS
330
CCF2
102
}
102
{ACAD_XDICTIONARY
360
CCF1
102
}
330
1F
100
AcDbEntity
  8
0
100
AcDbDimension
  2
*D262
 10
4462.6696
 20
567.9251
 30
0.0
 11
4462.6696
 21
597.9251
 31
0.0
 70
     0
  1

 71
     5
 42
60.0
 73
     0
 74
     0
 75
     0
 53
0.0
  3
ISO-25
100
AcDbAlignedDimension
 13
4484.2011
 23
627.9251
 33
0.0
 14
4484.2011
 24
567.9251
 34
0.0
 50
90.0
100
AcDbRotatedDimension
  0
DIMENSION
  5
CCF3
102
{ACAD_REACTORS
330
CCF5
102
}
102
{ACAD_XDICTIONARY
360
CCF4
102
}
330
1F
100
AcDbEntity
  8
0
100
AcDbDimension
  2
*D263
 10
4462.6612
 20
419.4251
 30
0.0
 11
4462.6612
 21
491.4251
 31
0.0
 70
     0
  1

 71
     5
 42
144.0
 73
     0
 74
     0
 75
     0
 53
0.0
  3
ISO-25
100
AcDbAlignedDimension
 13
4484.2011
 23
563.4251
 33
0.0
 14
4484.2011
 24
419.4251
 34
0.0
 50
90.0
100
AcDbRotatedDimension
  0
DIMENSION
  5
CCF6
102
{ACAD_REACTORS
330
CCF8
102
}
102
{ACAD_XDICTIONARY
360
CCF7
102
}
330
1F
100
AcDbEntity
  8
0
100
AcDbDimension
  2
*D264
 10
4462.9816
 20
290.4251
 30
0.0
 11
4462.9816
 21
350.4251
 31
0.0
 70
     0
  1

 71
     5
 42
120.0
 73
     0
 74
     0
 75
     0
 53
0.0
  3
ISO-25
100
AcDbAlignedDimension
 13
4484.2011
 23
410.4251
 33
0.0
 14
4484.2011
 24
290.4251
 34
0.0
 50
90.0
100
AcDbRotatedDimension
  0
MTEXT
  5
CCF9
330
1F
100
AcDbEntity
  8
TXT
100
AcDbMText
 10
4537.5021
 20
351.4987
 30
0.0
 40
6.0
 41
52873.6116
 50
0.0
 46
0.0
 71
     8
 72
     5
  1
{\fArial Narrow|b0|i0|c0|p34;SHOP 1}
 73
     1
 44
1.0
 90
        0
 75
     0
 78
     0
 79
     0
 48
0.0
 49
0.0
  0
MTEXT
  5
CCFA
330
1F
100
AcDbEntity
  8
TXT
100
AcDbMText
 10
4790.5433
 20
351.4987
 30
0.0
 40
6.0
 41
52873.6116
 50
0.0
 46
0.0
 71
     8
 72
     5
  1
{\fArial Narrow|b0|i0|c0|p34;SHOP 2}
 73
     1
 44
1.0
 90
        0
 75
     0
 78
     0
 79
     0
 48
0.0
 49
0.0
  0
DIMENSION
  5
CCFB
330
1F
100
AcDbEntity
  8
0
100
AcDbDimension
  2
*D252
 10
4604.2011
 20
239.2605
 30
0.0
 11
4543.8886
 21
239.2605
 31
0.0
 70
     0
  1

 71
     5
 42
120.625
 73
     0
 74
     0
 75
     0
 53
0.0
  3
ISO-25
100
AcDbAlignedDimension
 13
4483.5761
 23
254.4251
 33
0.0
 14
4604.2011
 24
254.4251
 34
0.0
 50
0.0
100
AcDbRotatedDimension
  0
DIMENSION
  5
CCFC
102
{ACAD_REACTORS
330
CCFE
102
}
102
{ACAD_XDICTIONARY
360
CCFD
102
}
330
1F
100
AcDbEntity
  8
0
100
AcDbDimension
  2
*D265
 10
4465.5204
 20
266.4251
 30
0.0
 11
4465.5204
 21
272.4251
 31
0.0
 70
     0
  1

 71
     5
 42
12.0
 73
     0
 74
     0
 75
     0
 53
0.0
  3
ISO-25
100
AcDbAlignedDimension
 13
4475.2011
 23
278.4251
 33
0.0
 14
4475.2011
 24
266.4251
 34
0.0
 50
90.0
100
AcDbRotatedDimension
  0
DIMENSION
  5
CCFF
102
{ACAD_REACTORS
330
CD01
102
}
102
{ACAD_XDICTIONARY
360
CD00
102
}
330
1F
100
AcDbEntity
  8
0
100
AcDbDimension
  2
*D266
 10
4465.8774
 20
254.4251
 30
0.0
 11
4465.8774
 21
260.4251
 31
0.0
 70
     0
  1

 71
     5
 42
12.0
 73
     0
 74
     0
 75
     0
 53
0.0
  3
ISO-25
100
AcDbAlignedDimension
 13
4475.2011
 23
266.4251
 33
0.0
 14
4475.2011
 24
254.4251
 34
0.0
 50
90.0
100
AcDbRotatedDimension
  0
DIMENSION
  5
CD02
330
1F
100
AcDbEntity
  8
0
100
AcDbDimension
  2
*D253
 10
4721.2011
 20
239.0836
 30
0.0
 11
4667.2011
 21
239.0836
 31
0.0
 70
     0
  1

 71
     5
 42
108.0
 73
     0
 74
     0
 75
     0
 53
0.0
  3
ISO-25
100
AcDbAlignedDimension
 13
4613.2011
 23
254.4251
 33
0.0
 14
4721.2011
 24
254.4251
 34
0.0
 50
0.0
100
AcDbRotatedDimension
  0
DIMENSION
  5
CD03
330
1F
100
AcDbEntity
  8
0
100
AcDbDimension
  2
*D254
 10
4850.2011
 20
238.8005
 30
0.0
 11
4790.2011
 21
238.8005
 31
0.0
 70
     0
  1

 71
     5
 42
120.0
 73
     0
 74
     0
 75
     0
 53
0.0
  3
ISO-25
100
AcDbAlignedDimension
 13
4730.2011
 23
254.4251
 33
0.0
 14
4850.2011
 24
254.4251
 34
0.0
 50
0.0
100
AcDbRotatedDimension
  0
DIMENSION
  5
CD04
102
{ACAD_REACTORS
330
CD06
102
}
102
{ACAD_XDICTIONARY
360
CD05
102
}
330
1F
100
AcDbEntity
  8
0
100
AcDbDimension
  2
*D267
 10
4873.2379
 20
410.4251
 30
0.0
 11
4873.2379
 21
350.4251
 31
0.0
 70
     0
  1

 71
     5
 42
120.0
 73
     0
 74
     0
 75
     0
 53
0.0
  3
ISO-25
100
AcDbAlignedDimension
 13
4850.2011
 23
290.4251
 33
0.0
 14
4850.2011
 24
410.4251
 34
0.0
 50
90.0
100
AcDbRotatedDimension
  0
DIMENSION
  5
CD07
102
{ACAD_REACTORS
330
CD09
102
}
102
{ACAD_XDICTIONARY
360
CD08
102
}
330
1F
100
AcDbEntity
  8
0
100
AcDbDimension
  2
*D268
 10
4873.3895
 20
471.9251
 30
0.0
 11
4873.3895
 21
445.6751
 31
0.0
 70
     0
  1

 71
     5
 42
52.5
 73
     0
 74
     0
 75
     0
 53
0.0
  3
ISO-25
100
AcDbAlignedDimension
 13
4850.2011
 23
419.4251
 33
0.0
 14
4850.2011
 24
471.9251
 34
0.0
 50
90.0
100
AcDbRotatedDimension
  0
DIMENSION
  5
CD0A
102
{ACAD_REACTORS
330
CD0C
102
}
102
{ACAD_XDICTIONARY
360
CD0B
102
}
330
1F
100
AcDbEntity
  8
0
100
AcDbDimension
  2
*D269
 10
4873.3803
 20
512.9251
 30
0.0
 11
4873.3803
 21
494.6751
 31
0.0
 70
     0
  1

 71
     5
 42
36.5
 73
     0
 74
     0
 75
     0
 53
0.0
  3
ISO-25
100
AcDbAlignedDimension
 13
4859.2011
 23
476.4251
 33
0.0
 14
4859.2011
 24
512.9251
 34
0.0
 50
90.0
100
AcDbRotatedDimension
  0
DIMENSION
  5
CD0D
102
{ACAD_REACTORS
330
CD0F
102
}
102
{ACAD_XDICTIONARY
360
CD0E
102
}
330
1F
100
AcDbEntity
  8
0
100
AcDbDimension
  2
*D270
 10
4874.3775
 20
675.9251
 30
0.0
 11
4874.3775
 21
596.6751
 31
0.0
 70
     0
  1

 71
     5
 42
158.5
 73
     0
 74
     0
 75
     0
 53
0.0
  3
ISO-25
100
AcDbAlignedDimension
 13
4850.2011
 23
517.4251
 33
0.0
 14
4850.2011
 24
675.9251
 34
0.0
 50
90.0
100
AcDbRotatedDimension
  0
DIMENSION
  5
CD10
102
{ACAD_REACTORS
330
CD12
102
}
102
{ACAD_XDICTIONARY
360
CD11
102
}
330
1F
100
AcDbEntity
  8
0
100
AcDbDimension
  2
*D271
 10
4874.4086
 20
776.4251
 30
0.0
 11
4874.4086
 21
728.4251
 31
0.0
 70
     0
  1

 71
     5
 42
96.0
 73
     0
 74
     0
 75
     0
 53
0.0
  3
ISO-25
100
AcDbAlignedDimension
 13
4850.2011
 23
680.4251
 33
0.0
 14
4850.2011
 24
776.4251
 34
0.0
 50
90.0
100
AcDbRotatedDimension
  0
MTEXT
  5
CD13
330
1F
100
AcDbEntity
  8
TXT
100
AcDbMText
 10
4665.7829
 20
255.1026
 30
0.0
 40
6.0
 41
52873.6116
 50
0.0
 46
0.0
 71
     8
 72
     5
  1
{\fArial Narrow|b0|i0|c0|p34;UP}
 73
     1
 44
1.0
 90
        0
 75
     0
 78
     0
 79
     0
 48
0.0
 49
0.0
  0
MTEXT
  5
CD14
330
1F
100
AcDbEntity
  8
TXT
100
AcDbMText
 10
4665.7829
 20
274.6949
 30
0.0
 40
6.0
 41
52873.6116
 50
0.0
 46
0.0
 71
     8
 72
     5
  1
{\fArial Narrow|b0|i0|c0|p34;MAIN ENTRANCE}
 73
     1
 44
1.0
 90
        0
 75
     0
 78
     0
 79
     0
 48
0.0
 49
0.0
  0
MULTILEADER
  5
CD15
330
1F
100
AcDbEntity
  8
0
160
                 332
310
4C010000090000000C00000013000000993A00000C00000013000000122700000C00000013000000010000000C0000001400000001000000540000000700000003000000444C7D23E261B24045043B486397754000000000000000007899137E3761B24004A8383A63577540000000000000000015F827CE8C60B2405BDD35
310
2C6397754000000000000000000C00000013000000891300005400000020000000020000002CA2D2783761B240D070383A63977540000000000000000087D4D0F93661B240AC49284B8DA27B40000000000000000000000000000000000000000000000000000000000000F03F0C0000001300000012270000540000002000
310
00000200000087D4D0F93661B240AC49284B8DA27B40000000000000000087D4D0F93659B240AC49284B8DA27B40000000000000000000000000000000000000000000000000000000000000F03F
100
AcDbMLeader
270
     2
300
CONTEXT_DATA{
 40
1.0
 10
4693.2147
 20
442.1595
 30
0.0
 41
4.0
140
4.0
145
2.0
174
     1
175
     1
176
     2
177
     0
290
     1
304

 11
0.0
 21
0.0
 31
1.0
340
11
 12
4695.2147
 22
444.1595
 32
0.0
 13
1.0
 23
0.0
 33
0.0
 42
0.0
 43
0.0
 44
0.0
 45
1.0
170
     1
 90
-1073741824
171
     3
172
     5
 91
-1073741824
141
0.0
 92
    59609
291
     0
292
     0
173
     0
293
     0
142
0.0
143
0.0
294
     0
144
0.0
295
     0
296
     0
 46
0.0
 93
        0
110
4705.2168
120
341.4617
130
0.0
111
1.0
121
0.0
131
0.0
112
0.0
122
1.0
132
0.0
297
     0
302
LEADER{
290
     1
291
     1
 10
4705.2147
 20
442.1595
 30
0.0
 11
-1.0
 21
0.0
 31
0.0
 90
        0
 40
8.0
304
LEADER_LINE{
 10
4705.2168
 20
341.4617
 30
0.0
 90
        0
170
     1
 92
-1056964608
340
0
171
    -2
 40
0.0
341
0
 93
        0
305
}
271
     0
303
}
272
     9
273
     9
301
}
340
12E
 90
   279552
170
     1
 91
-1056964608
341
14
171
    -2
290
     1
291
     1
 41
8.0
 42
4.0
172
     2
343
11
173
     1
 95
        1
174
     1
175
     0
 92
-1056964608
292
     0
 93
-1056964608
 10
1.0
 20
1.0
 30
1.0
 43
0.0
176
     0
293
     0
 94
        0
294
     0
178
     0
179
     1
 45
1.0
271
     0
272
     9
273
     9
1001
ACAD_MLEADERVER
1070
     2
  0
HATCH
  5
CD16
330
1F
100
AcDbEntity
  8
0
100
AcDbHatch
 10
0.0
 20
0.0
 30
0.0
210
0.0
220
0.0
230
1.0
  2
SOLID
 70
     1
 71
     1
 91
        1
 92
        1
 93
        4
 72
     1
 10
4475.2011
 20
785.4251
 11
4484.2011
 21
785.4251
 72
     1
 10
4484.2011
 20
785.4251
 11
4484.2011
 21
776.4251
 72
     1
 10
4484.2011
 20
776.4251
 11
4475.2011
 21
776.4251
 72
     1
 10
4475.2011
 20
776.4251
 11
4475.2011
 21
785.4251
 97
        1
330
CD17
 75
     0
 76
     1
 98
        1
 10
-219.8955
 20
-620.3482
450
        0
451
                   0
460
0.0
461
0.0
452
        1
462
1.0
453
        2
463
0.0
463
1.0
470
LINEAR
1001
ACAD
1010
0.0
1020
0.0
1030
0.0
  0
LWPOLYLINE
  5
CD17
102
{ACAD_REACTORS
330
CD16
102
}
330
1F
100
AcDbEntity
  8
0
100
AcDbPolyline
 90
        4
 70
     1
 43
0.0
 10
4475.2011
 20
785.4251
 42
0.0
 10
4484.2011
 20
785.4251
 42
0.0
 10
4484.2011
 20
776.4251
 42
0.0
 10
4475.2011
 20
776.4251
 42
0.0
  0
HATCH
  5
CD18
330
1F
100
AcDbEntity
  8
0
100
AcDbHatch
 10
0.0
 20
0.0
 30
0.0
210
0.0
220
0.0
230
1.0
  2
SOLID
 70
     1
 71
     1
 91
        1
 92
        1
 93
        4
 72
     1
 10
4475.2011
 20
632.4251
 11
4484.2011
 21
632.4251
 72
     1
 10
4484.2011
 20
632.4251
 11
4484.2011
 21
623.4251
 72
     1
 10
4484.2011
 20
623.4251
 11
4475.2011
 21
623.4251
 72
     1
 10
4475.2011
 20
623.4251
 11
4475.2011
 21
632.4251
 97
        1
330
CD19
 75
     0
 76
     1
 98
        1
 10
-219.8955
 20
-620.3482
450
        0
451
                   0
460
0.0
461
0.0
452
        1
462
1.0
453
        2
463
0.0
463
1.0
470
LINEAR
1001
ACAD
1010
0.0
1020
0.0
1030
0.0
  0
LWPOLYLINE
  5
CD19
102
{ACAD_REACTORS
330
CD18
102
}
330
1F
100
AcDbEntity
  8
0
100
AcDbPolyline
 90
        4
 70
     1
 43
0.0
 10
4475.2011
 20
632.4251
 42
0.0
 10
4484.2011
 20
632.4251
 42
0.0
 10
4484.2011
 20
623.4251
 42
0.0
 10
4475.2011
 20
623.4251
 42
0.0
  0
HATCH
  5
CD1A
330
1F
100
AcDbEntity
  8
0
100
AcDbHatch
 10
0.0
 20
0.0
 30
0.0
210
0.0
220
0.0
230
1.0
  2
SOLID
 70
     1
 71
     1
 91
        1
 92
        1
 93
        4
 72
     1
 10
4475.2011
 20
419.4251
 11
4484.2011
 21
419.4251
 72
     1
 10
4484.2011
 20
419.4251
 11
4484.2011
 21
410.4251
 72
     1
 10
4484.2011
 20
410.4251
 11
4475.2011
 21
410.4251
 72
     1
 10
4475.2011
 20
410.4251
 11
4475.2011
 21
419.4251
 97
        1
330
CD1B
 75
     0
 76
     1
 98
        1
 10
-219.8955
 20
-620.3482
450
        0
451
                   0
460
0.0
461
0.0
452
        1
462
1.0
453
        2
463
0.0
463
1.0
470
LINEAR
1001
ACAD
1010
0.0
1020
0.0
1030
0.0
  0
LWPOLYLINE
  5
CD1B
102
{ACAD_REACTORS
330
CD1A
102
}
330
1F
100
AcDbEntity
  8
0
100
AcDbPolyline
 90
        4
 70
     1
 43
0.0
 10
4475.2011
 20
419.4251
 42
0.0
 10
4484.2011
 20
419.4251
 42
0.0
 10
4484.2011
 20
410.4251
 42
0.0
 10
4475.2011
 20
410.4251
 42
0.0
  0
HATCH
  5
CD1C
330
1F
100
AcDbEntity
  8
0
100
AcDbHatch
 10
0.0
 20
0.0
 30
0.0
210
0.0
220
0.0
230
1.0
  2
SOLID
 70
     1
 71
     1
 91
        1
 92
        1
 93
        4
 72
     1
 10
4850.2011
 20
419.4251
 11
4859.2011
 21
419.4251
 72
     1
 10
4859.2011
 20
419.4251
 11
4859.2011
 21
410.4251
 72
     1
 10
4859.2011
 20
410.4251
 11
4850.2011
 21
410.4251
 72
     1
 10
4850.2011
 20
410.4251
 11
4850.2011
 21
419.4251
 97
        1
330
CD1D
 75
     0
 76
     1
 98
        1
 10
-219.8955
 20
-620.3482
450
        0
451
                   0
460
0.0
461
0.0
452
        1
462
1.0
453
        2
463
0.0
463
1.0
470
LINEAR
1001
ACAD
1010
0.0
1020
0.0
1030
0.0
  0
LWPOLYLINE
  5
CD1D
102
{ACAD_REACTORS
330
CD1C
102
}
330
1F
100
AcDbEntity
  8
0
100
AcDbPolyline
 90
        4
 70
     1
 43
0.0
 10
4850.2011
 20
419.4251
 42
0.0
 10
4859.2011
 20
419.4251
 42
0.0
 10
4859.2011
 20
410.4251
 42
0.0
 10
4850.2011
 20
410.4251
 42
0.0
  0
HATCH
  5
CD1E
330
1F
100
AcDbEntity
  8
0
100
AcDbHatch
 10
0.0
 20
0.0
 30
0.0
210
0.0
220
0.0
230
1.0
  2
SOLID
 70
     1
 71
     1
 91
        1
 92
        1
 93
        4
 72
     1
 10
4623.2011
 20
470.4251
 11
4632.2011
 21
470.4251
 72
     1
 10
4632.2011
 20
470.4251
 11
4632.2011
 21
461.4251
 72
     1
 10
4632.2011
 20
461.4251
 11
4623.2011
 21
461.4251
 72
     1
 10
4623.2011
 20
461.4251
 11
4623.2011
 21
470.4251
 97
        1
330
CD1F
 75
     0
 76
     1
 98
        1
 10
-219.8955
 20
-620.3482
450
        0
451
                   0
460
0.0
461
0.0
452
        1
462
1.0
453
        2
463
0.0
463
1.0
470
LINEAR
1001
ACAD
1010
0.0
1020
0.0
1030
0.0
  0
LWPOLYLINE
  5
CD1F
102
{ACAD_REACTORS
330
CD1E
102
}
330
1F
100
AcDbEntity
  8
0
100
AcDbPolyline
 90
        4
 70
     1
 43
0.0
 10
4623.2011
 20
470.4251
 42
0.0
 10
4632.2011
 20
470.4251
 42
0.0
 10
4632.2011
 20
461.4251
 42
0.0
 10
4623.2011
 20
461.4251
 42
0.0
  0
HATCH
  5
CD20
330
1F
100
AcDbEntity
  8
0
100
AcDbHatch
 10
0.0
 20
0.0
 30
0.0
210
0.0
220
0.0
230
1.0
  2
SOLID
 70
     1
 71
     1
 91
        1
 92
        1
 93
        4
 72
     1
 10
4623.2011
 20
785.4251
 11
4632.2011
 21
785.4251
 72
     1
 10
4632.2011
 20
785.4251
 11
4632.2011
 21
776.4251
 72
     1
 10
4632.2011
 20
776.4251
 11
4623.2011
 21
776.4251
 72
     1
 10
4623.2011
 20
776.4251
 11
4623.2011
 21
785.4251
 97
        1
330
CD21
 75
     0
 76
     1
 98
        1
 10
-219.8955
 20
-620.3482
450
        0
451
                   0
460
0.0
461
0.0
452
        1
462
1.0
453
        2
463
0.0
463
1.0
470
LINEAR
1001
ACAD
1010
0.0
1020
0.0
1030
0.0
  0
LWPOLYLINE
  5
CD21
102
{ACAD_REACTORS
330
CD20
102
}
330
1F
100
AcDbEntity
  8
0
100
AcDbPolyline
 90
        4
 70
     1
 43
0.0
 10
4623.2011
 20
785.4251
 42
0.0
 10
4632.2011
 20
785.4251
 42
0.0
 10
4632.2011
 20
776.4251
 42
0.0
 10
4623.2011
 20
776.4251
 42
0.0
  0
HATCH
  5
CD22
330
1F
100
AcDbEntity
  8
0
100
AcDbHatch
 10
0.0
 20
0.0
 30
0.0
210
0.0
220
0.0
230
1.0
  2
SOLID
 70
     1
 71
     1
 91
        1
 92
        1
 93
        4
 72
     1
 10
4850.2011
 20
632.4251
 11
4859.2011
 21
632.4251
 72
     1
 10
4859.2011
 20
632.4251
 11
4859.2011
 21
623.4251
 72
     1
 10
4859.2011
 20
623.4251
 11
4850.2011
 21
623.4251
 72
     1
 10
4850.2011
 20
623.4251
 11
4850.2011
 21
632.4251
 97
        1
330
CD23
 75
     0
 76
     1
 98
        1
 10
-219.8955
 20
-620.3482
450
        0
451
                   0
460
0.0
461
0.0
452
        1
462
1.0
453
        2
463
0.0
463
1.0
470
LINEAR
1001
ACAD
1010
0.0
1020
0.0
1030
0.0
  0
LWPOLYLINE
  5
CD23
102
{ACAD_REACTORS
330
CD22
102
}
330
1F
100
AcDbEntity
  8
0
100
AcDbPolyline
 90
        4
 70
     1
 43
0.0
 10
4850.2011
 20
632.4251
 42
0.0
 10
4859.2011
 20
632.4251
 42
0.0
 10
4859.2011
 20
623.4251
 42
0.0
 10
4850.2011
 20
623.4251
 42
0.0
  0
HATCH
  5
CD24
330
1F
100
AcDbEntity
  8
0
100
AcDbHatch
 10
0.0
 20
0.0
 30
0.0
210
0.0
220
0.0
230
1.0
  2
SOLID
 70
     1
 71
     1
 91
        1
 92
        1
 93
        4
 72
     1
 10
4850.2011
 20
785.4251
 11
4859.2011
 21
785.4251
 72
     1
 10
4859.2011
 20
785.4251
 11
4859.2011
 21
776.4251
 72
     1
 10
4859.2011
 20
776.4251
 11
4850.2011
 21
776.4251
 72
     1
 10
4850.2011
 20
776.4251
 11
4850.2011
 21
785.4251
 97
        1
330
CD25
 75
     0
 76
     1
 98
        1
 10
-219.8955
 20
-620.3482
450
        0
451
                   0
460
0.0
461
0.0
452
        1
462
1.0
453
        2
463
0.0
463
1.0
470
LINEAR
1001
ACAD
1010
0.0
1020
0.0
1030
0.0
  0
LWPOLYLINE
  5
CD25
102
{ACAD_REACTORS
330
CD24
102
}
330
1F
100
AcDbEntity
  8
0
100
AcDbPolyline
 90
        4
 70
     1
 43
0.0
 10
4850.2011
 20
785.4251
 42
0.0
 10
4859.2011
 20
785.4251
 42
0.0
 10
4859.2011
 20
776.4251
 42
0.0
 10
4850.2011
 20
776.4251
 42
0.0
  0
DIMENSION
  5
CD26
102
{ACAD_REACTORS
330
CD28
102
}
102
{ACAD_XDICTIONARY
360
CD27
102
}
330
1F
100
AcDbEntity
  8
FIXTURE
  6
Continuous
100
AcDbDimension
  2
*D272
 10
4805.4487
 20
659.8389
 30
0.0
 11
4805.4487
 21
649.3389
 31
0.0
 70
     0
  1

 71
     5
 42
21.0
 73
     0
 74
     0
 75
     0
 53
0.0
  3
ISO-25
100
AcDbAlignedDimension
 13
4809.3201
 23
638.8389
 33
0.0
 14
4809.3201
 24
659.8389
 34
0.0
 50
90.0
100
AcDbRotatedDimension
  0
LINE
  5
CE75
330
1F
100
AcDbEntity
  8
wall
100
AcDbLine
 39
0.0
 10
5002.4759
 20
785.4251
 30
0.0
 11
5386.4759
 21
785.4251
 31
0.0
  0
LINE
  5
CE76
330
1F
100
AcDbEntity
  8
wall
100
AcDbLine
 39
0.0
 10
5011.4759
 20
776.4251
 30
0.0
 11
5377.4759
 21
776.4251
 31
0.0
  0
LINE
  5
D9B5
330
1F
100
AcDbEntity
  8
wall
100
AcDbLine
 39
0.0
 10
5131.4759
 20
746.4251
 30
0.0
 11
5135.9759
 21
746.4251
 31
0.0
  0
LINE
  5
CE7B
330
1F
100
AcDbEntity
  8
wind
100
AcDbLine
 39
0.0
 10
5377.4759
 20
698.3785
 30
0.0
 11
5386.4759
 21
698.3785
 31
0.0
  0
LINE
  5
CE7C
330
1F
100
AcDbEntity
  8
wind
100
AcDbLine
 39
0.0
 10
5377.4759
 20
662.3785
 30
0.0
 11
5386.4759
 21
662.3785
 31
0.0
  0
LINE
  5
CE7D
330
1F
100
AcDbEntity
  8
wall
100
AcDbLine
 39
0.0
 10
5386.4759
 20
785.4251
 30
0.0
 11
5386.4759
 21
457.0311
 31
0.0
  0
LINE
  5
CE7E
330
1F
100
AcDbEntity
  8
wall
100
AcDbLine
 39
0.0
 10
5386.4759
 20
457.0311
 30
0.0
 11
5386.4759
 21
281.4251
 31
0.0
  0
LINE
  5
D912
330
1F
100
AcDbEntity
  8
stone
100
AcDbLine
 39
0.0
 10
5353.4759
 20
722.3785
 30
0.0
 11
5353.4759
 21
638.3785
 31
0.0
  0
LINE
  5
CE80
102
{ACAD_REACTORS
330
E24A
330
E278
102
}
330
1F
100
AcDbEntity
  8
wall
100
AcDbLine
 39
0.0
 10
5377.4759
 20
776.4251
 30
0.0
 11
5377.4759
 21
548.4251
 31
0.0
  0
LINE
  5
CE87
102
{ACAD_REACTORS
330
CFB2
102
}
330
1F
100
AcDbEntity
  8
wall
100
AcDbLine
 39
0.0
 10
5377.4759
 20
386.4251
 30
0.0
 11
5377.4759
 21
287.4251
 31
0.0
  0
LINE
  5
CE8A
330
1F
100
AcDbEntity
  8
wall
100
AcDbLine
 39
0.0
 10
5257.4759
 20
386.4251
 30
0.0
 11
5257.4759
 21
287.4251
 31
0.0
  0
LINE
  5
CE8B
330
1F
100
AcDbEntity
  8
wall
100
AcDbLine
 39
0.0
 10
5248.4759
 20
446.4251
 30
0.0
 11
5248.4759
 21
287.4251
 31
0.0
  0
LINE
  5
CE8C
330
1F
100
AcDbEntity
  8
wall
100
AcDbLine
 39
0.0
 10
5377.4759
 20
386.4251
 30
0.0
 11
5257.4759
 21
386.4251
 31
0.0
  0
LINE
  5
CE8D
330
1F
100
AcDbEntity
  8
wall
100
AcDbLine
 39
0.0
 10
5131.4759
 20
386.4251
 30
0.0
 11
5011.4759
 21
386.4251
 31
0.0
  0
LINE
  5
CE8E
330
1F
100
AcDbEntity
  8
wall
100
AcDbLine
 39
0.0
 10
5377.4759
 20
395.4251
 30
0.0
 11
5257.4759
 21
395.4251
 31
0.0
  0
LINE
  5
D35C
330
1F
100
AcDbEntity
  8
wall
100
AcDbLine
 39
0.0
 10
5377.4759
 20
503.4251
 30
0.0
 11
5252.9759
 21
503.4251
 31
0.0
  0
LINE
  5
D9BA
330
1F
100
AcDbEntity
  8
wall
100
AcDbLine
 39
0.0
 10
5257.4759
 20
467.4251
 30
0.0
 11
5252.9759
 21
467.4251
 31
0.0
  0
LINE
  5
D35D
330
1F
100
AcDbEntity
  8
wall
100
AcDbLine
 39
0.0
 10
5386.4759
 20
507.9251
 30
0.0
 11
5252.9759
 21
507.9251
 31
0.0
  0
LINE
  5
CE92
330
1F
100
AcDbEntity
  8
wall
100
AcDbLine
 39
0.0
 10
5131.4759
 20
395.4251
 30
0.0
 11
5011.4759
 21
395.4251
 31
0.0
  0
LINE
  5
CE93
330
1F
100
AcDbEntity
  8
wall
100
AcDbLine
 39
0.0
 10
5002.4759
 20
281.4251
 30
0.0
 11
5002.4759
 21
785.4251
 31
0.0
  0
LINE
  5
CE94
102
{ACAD_REACTORS
330
CFA4
102
}
330
1F
100
AcDbEntity
  8
wall
100
AcDbLine
 39
0.0
 10
5011.4759
 20
287.4251
 30
0.0
 11
5011.4759
 21
386.4251
 31
0.0
  0
LINE
  5
CE95
102
{ACAD_REACTORS
330
CFA1
330
E120
102
}
330
1F
100
AcDbEntity
  8
wall
100
AcDbLine
 39
0.0
 10
5011.4759
 20
395.4251
 30
0.0
 11
5011.4759
 21
567.9251
 31
0.0
  0
LINE
  5
DA1A
102
{ACAD_REACTORS
330
CFA1
330
E120
102
}
330
1F
100
AcDbEntity
  8
0
100
AcDbLine
 39
0.0
 10
5041.4759
 20
503.4251
 30
0.0
 11
5041.4759
 21
507.9251
 31
0.0
  0
LINE
  5
CE99
102
{ACAD_REACTORS
330
E0F2
102
}
330
1F
100
AcDbEntity
  8
wall
100
AcDbLine
 39
0.0
 10
5011.4759
 20
572.4251
 30
0.0
 11
5011.4759
 21
711.9251
 31
0.0
  0
LINE
  5
DA9C
330
1F
100
AcDbEntity
  8
wall
100
AcDbLine
 39
0.0
 10
5011.4759
 20
716.4251
 30
0.0
 11
5011.4759
 21
776.4251
 31
0.0
  0
LINE
  5
DE72
330
1F
100
AcDbEntity
  8
Bathroom fixtures
100
AcDbLine
 39
0.0
 10
5047.4759
 20
716.4251
 30
0.0
 11
5047.4759
 21
776.4251
 31
0.0
  0
LINE
  5
DE73
330
1F
100
AcDbEntity
  8
Bathroom fixtures
100
AcDbLine
 39
0.0
 10
5051.4759
 20
716.4251
 30
0.0
 11
5051.4759
 21
776.4251
 31
0.0
  0
LINE
  5
CE9E
330
1F
100
AcDbEntity
  8
wall
100
AcDbLine
 39
0.0
 10
5131.4759
 20
287.4251
 30
0.0
 11
5131.4759
 21
386.4251
 31
0.0
  0
LINE
  5
CE9F
330
1F
100
AcDbEntity
  8
wall
100
AcDbLine
 39
0.0
 10
5131.4759
 20
395.4251
 30
0.0
 11
5131.4759
 21
467.4251
 31
0.0
  0
LINE
  5
D991
330
1F
100
AcDbEntity
  8
wall
100
AcDbLine
 39
0.0
 10
5131.4759
 20
507.9251
 30
0.0
 11
5131.4759
 21
537.9251
 31
0.0
  0
LINE
  5
D91D
330
1F
100
AcDbEntity
  8
wall
100
AcDbLine
 39
0.0
 10
5131.4759
 20
572.4251
 30
0.0
 11
5131.4759
 21
576.9251
 31
0.0
  0
LINE
  5
D91A
330
1F
100
AcDbEntity
  8
wall
100
AcDbLine
 39
0.0
 10
5131.4759
 20
612.9251
 30
0.0
 11
5131.4759
 21
746.4251
 31
0.0
  0
LINE
  5
D99F
330
1F
100
AcDbEntity
  8
0
100
AcDbLine
 39
0.0
 10
5101.4759
 20
711.9251
 30
0.0
 11
5101.4759
 21
716.4251
 31
0.0
  0
LINE
  5
D6C3
330
1F
100
AcDbEntity
  8
wall
100
AcDbLine
 39
0.0
 10
5135.9759
 20
446.4251
 30
0.0
 11
5135.9759
 21
467.4251
 31
0.0
  0
LINE
  5
D992
330
1F
100
AcDbEntity
  8
wall
100
AcDbLine
 39
0.0
 10
5135.9759
 20
503.4251
 30
0.0
 11
5135.9759
 21
537.9251
 31
0.0
  0
LINE
  5
D91C
330
1F
100
AcDbEntity
  8
wall
100
AcDbLine
 39
0.0
 10
5135.9759
 20
567.9251
 30
0.0
 11
5135.9759
 21
576.9251
 31
0.0
  0
LINE
  5
D919
330
1F
100
AcDbEntity
  8
wall
100
AcDbLine
 39
0.0
 10
5135.9759
 20
612.9251
 30
0.0
 11
5135.9759
 21
746.4251
 31
0.0
  0
LINE
  5
D913
330
1F
100
AcDbEntity
  8
0
100
AcDbLine
 39
0.0
 10
5140.4759
 20
633.8785
 30
0.0
 11
5140.4759
 21
638.3785
 31
0.0
  0
LINE
  5
D914
330
1F
100
AcDbEntity
  8
0
100
AcDbLine
 39
0.0
 10
5176.4759
 20
633.8785
 30
0.0
 11
5176.4759
 21
638.3785
 31
0.0
  0
LINE
  5
CEA0
330
1F
100
AcDbEntity
  8
wall
100
AcDbLine
 39
0.0
 10
5140.4759
 20
287.4251
 30
0.0
 11
5140.4759
 21
446.4251
 31
0.0
  0
LINE
  5
CEA1
330
1F
100
AcDbEntity
  8
0
100
AcDbLine
 39
0.0
 10
5182.4759
 20
437.4251
 30
0.0
 11
5182.4759
 21
446.4251
 31
0.0
  0
LINE
  5
CEA2
330
1F
100
AcDbEntity
  8
0
100
AcDbLine
 39
0.0
 10
5176.4759
 20
286.4251
 30
0.0
 11
5176.4759
 21
362.4251
 31
0.0
  0
DIMENSION
  5
CEA3
330
1F
100
AcDbEntity
  8
wall
100
AcDbDimension
  2
*D273
 10
4977.2107
 20
281.4251
 30
0.0
 11
4977.2107
 21
521.4251
 31
0.0
 70
     0
  1

 71
     5
 42
504.0
 73
     0
 74
     0
 75
     0
 53
0.0
  3
ISO-25
100
AcDbAlignedDimension
 13
5002.4759
 23
785.4251
 33
0.0
 14
5002.4759
 24
281.4251
 34
0.0
 50
90.0
100
AcDbRotatedDimension
  0
LINE
  5
CEA4
330
1F
100
AcDbEntity
  8
wall
100
AcDbLine
 39
0.0
 10
5242.4759
 20
287.4251
 30
0.0
 11
5242.4759
 21
281.4251
 31
0.0
  0
LINE
  5
CEA5
330
1F
100
AcDbEntity
  8
wall
100
AcDbLine
 39
0.0
 10
5146.4759
 20
287.4251
 30
0.0
 11
5146.4759
 21
281.4251
 31
0.0
  0
LINE
  5
CEA6
330
1F
100
AcDbEntity
  8
Dims
100
AcDbLine
 39
0.0
 10
5146.4759
 20
282.9227
 30
0.0
 11
5242.4759
 21
282.9227
 31
0.0
  0
LWPOLYLINE
  5
CEA7
330
1F
100
AcDbEntity
  8
wall
100
AcDbPolyline
 90
        4
 70
     1
 43
0.0
 10
5116.4759
 20
287.4251
 42
0.0
 10
5146.4759
 20
287.4251
 42
0.0
 10
5146.4759
 20
278.4251
 42
0.0
 10
5116.4759
 20
278.4251
 42
0.0
  0
LWPOLYLINE
  5
CEA8
102
{ACAD_REACTORS
330
CFA4
102
}
330
1F
100
AcDbEntity
  8
wall
100
AcDbPolyline
 90
        4
 70
     1
 43
0.0
 10
5002.4759
 20
287.4251
 42
0.0
 10
5032.4759
 20
287.4251
 42
0.0
 10
5032.4759
 20
278.4251
 42
0.0
 10
5002.4759
 20
278.4251
 42
0.0
  0
LINE
  5
CEA9
330
1F
100
AcDbEntity
  8
wall
100
AcDbLine
 39
0.0
 10
5242.4759
 20
287.4251
 30
0.0
 11
5242.4759
 21
281.4251
 31
0.0
  0
LWPOLYLINE
  5
CEAA
330
1F
100
AcDbEntity
  8
wall
100
AcDbPolyline
 90
        4
 70
     1
 43
0.0
 10
5272.4759
 20
287.4251
 42
0.0
 10
5242.4759
 20
287.4251
 42
0.0
 10
5242.4759
 20
278.4251
 42
0.0
 10
5272.4759
 20
278.4251
 42
0.0
  0
LWPOLYLINE
  5
CEAB
330
1F
100
AcDbEntity
  8
wall
100
AcDbPolyline
 90
        4
 70
     1
 43
0.0
 10
5386.4759
 20
287.4251
 42
0.0
 10
5356.4759
 20
287.4251
 42
0.0
 10
5356.4759
 20
278.4251
 42
0.0
 10
5386.4759
 20
278.4251
 42
0.0
  0
LINE
  5
CEAC
330
1F
100
AcDbEntity
  8
Dims
100
AcDbLine
 39
0.0
 10
5146.4759
 20
281.7389
 30
0.0
 11
5242.4759
 21
281.7389
 31
0.0
  0
LINE
  5
CEAD
330
1F
100
AcDbEntity
  8
wall
100
AcDbLine
 39
0.0
 10
5131.4759
 20
446.4251
 30
0.0
 11
5140.4759
 21
446.4251
 31
0.0
  0
LINE
  5
CEAE
330
1F
100
AcDbEntity
  8
0
100
AcDbLine
 39
0.0
 10
5182.4759
 20
446.4251
 30
0.0
 11
5248.4759
 21
446.4251
 31
0.0
  0
LINE
  5
CEAF
330
1F
100
AcDbEntity
  8
wall
100
AcDbLine
 39
0.0
 10
5248.4759
 20
446.4251
 30
0.0
 11
5257.4759
 21
446.4251
 31
0.0
  0
LINE
  5
CEB0
330
1F
100
AcDbEntity
  8
0
100
AcDbLine
 39
0.0
 10
5182.4759
 20
437.4251
 30
0.0
 11
5182.4759
 21
437.4251
 31
0.0
  0
LINE
  5
CEB2
330
1F
100
AcDbEntity
  8
wall
100
AcDbLine
 39
0.0
 10
5182.4759
 20
437.4251
 30
0.0
 11
5248.4759
 21
437.4251
 31
0.0
  0
LINE
  5
CEB3
102
{ACAD_REACTORS
330
CFAA
102
}
330
1F
100
AcDbEntity
  8
0
100
AcDbLine
 39
0.0
 10
5002.4759
 20
278.4251
 30
0.0
 11
5002.4759
 21
254.4251
 31
0.0
  0
LINE
  5
CEB4
102
{ACAD_REACTORS
330
CFAA
330
CFAD
102
}
330
1F
100
AcDbEntity
  8
0
100
AcDbLine
 39
0.0
 10
5002.4759
 20
266.4251
 30
0.0
 11
5386.4759
 21
266.4251
 31
0.0
  0
LINE
  5
CEB5
330
1F
100
AcDbEntity
  8
0
100
AcDbLine
 39
0.0
 10
5386.4759
 20
281.4251
 30
0.0
 11
5386.4759
 21
254.4251
 31
0.0
  0
LINE
  5
CEB6
102
{ACAD_REACTORS
330
CFAD
102
}
330
1F
100
AcDbEntity
  8
0
100
AcDbLine
 39
0.0
 10
5002.4759
 20
254.4251
 30
0.0
 11
5386.4759
 21
254.4251
 31
0.0
  0
LINE
  5
CEB8
330
1F
100
AcDbEntity
  8
door
100
AcDbLine
 39
0.0
 10
5326.4759
 20
508.9251
 30
0.0
 11
5361.9759
 21
508.9251
 31
0.0
  0
LINE
  5
CEBB
330
1F
100
AcDbEntity
  8
0
100
AcDbLine
 39
0.0
 10
5386.4759
 20
543.9251
 30
0.0
 11
5386.4759
 21
507.9251
 31
0.0
  0
LINE
  5
CEBC
102
{ACAD_REACTORS
330
E2C6
102
}
330
1F
100
AcDbEntity
  8
0
100
AcDbLine
 39
0.0
 10
5376.4759
 20
543.9251
 30
0.0
 11
5376.4759
 21
507.9251
 31
0.0
  0
LINE
  5
CEBD
330
1F
100
AcDbEntity
  8
0
100
AcDbLine
 39
0.0
 10
5366.4759
 20
543.9251
 30
0.0
 11
5366.4759
 21
507.9251
 31
0.0
  0
LINE
  5
CEBE
330
1F
100
AcDbEntity
  8
0
100
AcDbLine
 39
0.0
 10
5212.4759
 20
286.4251
 30
0.0
 11
5212.4759
 21
437.4251
 31
0.0
  0
LINE
  5
E063
330
1F
100
AcDbEntity
  8
0
100
AcDbLine
 39
0.0
 10
5202.4759
 20
402.4251
 30
0.0
 11
5202.4759
 21
437.4251
 31
0.0
  0
LINE
  5
E064
102
{ACAD_REACTORS
330
E3ED
102
}
330
1F
100
AcDbEntity
  8
0
100
AcDbLine
 39
0.0
 10
5192.4759
 20
402.4251
 30
0.0
 11
5192.4759
 21
437.4251
 31
0.0
  0
LINE
  5
CEBF
330
1F
100
AcDbEntity
  8
0
100
AcDbLine
 39
0.0
 10
5200.4759
 20
286.4251
 30
0.0
 11
5200.4759
 21
322.4251
 31
0.0
  0
LINE
  5
CEC0
330
1F
100
AcDbEntity
  8
0
100
AcDbLine
 39
0.0
 10
5188.4759
 20
286.4251
 30
0.0
 11
5188.4759
 21
322.4251
 31
0.0
  0
LINE
  5
CEC1
102
{ACAD_REACTORS
330
E3ED
102
}
330
1F
100
AcDbEntity
  8
0
100
AcDbLine
 39
0.0
 10
5248.4759
 20
402.4251
 30
0.0
 11
5140.4759
 21
402.4251
 31
0.0
  0
LINE
  5
CEC9
330
1F
100
AcDbEntity
  8
0
100
AcDbLine
 39
0.0
 10
5248.4759
 20
342.4251
 30
0.0
 11
5212.4759
 21
342.4251
 31
0.0
  0
LINE
  5
E065
330
1F
100
AcDbEntity
  8
0
100
AcDbLine
 39
0.0
 10
5248.4759
 20
352.4251
 30
0.0
 11
5212.4759
 21
352.4251
 31
0.0
  0
LINE
  5
E066
330
1F
100
AcDbEntity
  8
0
100
AcDbLine
 39
0.0
 10
5248.4759
 20
362.4251
 30
0.0
 11
5212.4759
 21
362.4251
 31
0.0
  0
LINE
  5
E067
330
1F
100
AcDbEntity
  8
0
100
AcDbLine
 39
0.0
 10
5248.4759
 20
372.4251
 30
0.0
 11
5212.4759
 21
372.4251
 31
0.0
  0
LINE
  5
E068
330
1F
100
AcDbEntity
  8
0
100
AcDbLine
 39
0.0
 10
5248.4759
 20
382.4251
 30
0.0
 11
5212.4759
 21
382.4251
 31
0.0
  0
LINE
  5
E069
330
1F
100
AcDbEntity
  8
0
100
AcDbLine
 39
0.0
 10
5248.4759
 20
392.4251
 30
0.0
 11
5212.4759
 21
392.4251
 31
0.0
  0
LINE
  5
CECA
330
1F
100
AcDbEntity
  8
0
100
AcDbLine
 39
0.0
 10
5248.4759
 20
332.4251
 30
0.0
 11
5212.4759
 21
332.4251
 31
0.0
  0
LINE
  5
CECB
330
1F
100
AcDbEntity
  8
0
100
AcDbLine
 39
0.0
 10
5248.4759
 20
322.4251
 30
0.0
 11
5212.4759
 21
322.4251
 31
0.0
  0
LINE
  5
CECC
330
1F
100
AcDbEntity
  8
0
100
AcDbLine
 39
0.0
 10
5176.4759
 20
322.4251
 30
0.0
 11
5140.4759
 21
322.4251
 31
0.0
  0
LINE
  5
CECD
330
1F
100
AcDbEntity
  8
0
100
AcDbLine
 39
0.0
 10
5176.4759
 20
332.4251
 30
0.0
 11
5140.4759
 21
332.4251
 31
0.0
  0
LINE
  5
CECE
330
1F
100
AcDbEntity
  8
0
100
AcDbLine
 39
0.0
 10
5176.4759
 20
342.4251
 30
0.0
 11
5140.4759
 21
342.4251
 31
0.0
  0
LINE
  5
CECF
330
1F
100
AcDbEntity
  8
0
100
AcDbLine
 39
0.0
 10
5176.4759
 20
352.4251
 30
0.0
 11
5140.4759
 21
352.4251
 31
0.0
  0
LINE
  5
CED0
330
1F
100
AcDbEntity
  8
0
100
AcDbLine
 39
0.0
 10
5176.4759
 20
362.4251
 30
0.0
 11
5140.4759
 21
362.4251
 31
0.0
  0
LINE
  5
CED1
330
1F
100
AcDbEntity
  8
0
100
AcDbLine
 39
0.0
 10
5176.4759
 20
322.4251
 30
0.0
 11
5212.4759
 21
322.4251
 31
0.0
  0
LINE
  5
CED2
330
1F
100
AcDbEntity
  8
0
100
AcDbLine
 39
0.0
 10
5210.4759
 20
402.4251
 30
0.0
 11
5210.4759
 21
324.4251
 31
0.0
  0
LINE
  5
CED3
330
1F
100
AcDbEntity
  8
0
100
AcDbLine
 39
0.0
 10
5210.4759
 20
324.4251
 30
0.0
 11
5178.4759
 21
324.4251
 31
0.0
  0
LINE
  5
CED4
330
1F
100
AcDbEntity
  8
0
100
AcDbLine
 39
0.0
 10
5178.4759
 20
324.4251
 30
0.0
 11
5178.4759
 21
362.4251
 31
0.0
  0
LINE
  5
CED5
330
1F
100
AcDbEntity
  8
0
100
AcDbLine
 39
0.0
 10
5178.4759
 20
362.4251
 30
0.0
 11
5176.4759
 21
362.4251
 31
0.0
  0
LINE
  5
CED6
330
1F
100
AcDbEntity
  8
0
100
AcDbLine
 39
0.0
 10
5140.4759
 20
437.4251
 30
0.0
 11
5140.4759
 21
437.4251
 31
0.0
  0
LINE
  5
CEE8
330
1F
100
AcDbEntity
  8
0
100
AcDbLine
 39
0.0
 10
5242.4759
 20
286.4251
 30
0.0
 11
5146.4759
 21
286.4251
 31
0.0
  0
LINE
  5
CEFA
330
1F
100
AcDbEntity
  8
wind
100
AcDbLine
 39
0.0
 10
5377.4759
 20
732.9943
 30
0.0
 11
5386.4759
 21
732.9943
 31
0.0
  0
LINE
  5
CEFB
330
1F
100
AcDbEntity
  8
wind
100
AcDbLine
 39
0.0
 10
5377.4759
 20
768.9943
 30
0.0
 11
5386.4759
 21
768.9943
 31
0.0
  0
LINE
  5
CEFC
330
1F
100
AcDbEntity
  8
wind
100
AcDbLine
 39
0.0
 10
5381.9759
 20
768.9943
 30
0.0
 11
5381.9759
 21
732.9943
 31
0.0
  0
LINE
  5
CF03
330
1F
100
AcDbEntity
  8
wind
100
AcDbLine
 39
0.0
 10
5011.4759
 20
482.2795
 30
0.0
 11
5002.4759
 21
482.2795
 31
0.0
  0
LINE
  5
CF04
330
1F
100
AcDbEntity
  8
wind
100
AcDbLine
 39
0.0
 10
5011.4759
 20
416.5706
 30
0.0
 11
5002.4759
 21
416.5706
 31
0.0
  0
LINE
  5
CF05
330
1F
100
AcDbEntity
  8
wind
100
AcDbLine
 39
0.0
 10
5006.9759
 20
416.5706
 30
0.0
 11
5006.9759
 21
482.2795
 31
0.0
  0
LINE
  5
CF06
330
1F
100
AcDbEntity
  8
0
  6
ZIGZAG
 48
0.5
100
AcDbLine
 39
0.0
 10
5032.4759
 20
284.4251
 30
0.0
 11
5116.4759
 21
284.4251
 31
0.0
  0
LINE
  5
CF07
330
1F
100
AcDbEntity
  8
0
  6
ZIGZAG
 48
0.5
100
AcDbLine
 39
0.0
 10
5272.4759
 20
284.4251
 30
0.0
 11
5356.4759
 21
284.4251
 31
0.0
  0
LINE
  5
CF08
102
{ACAD_REACTORS
330
E2C6
102
}
330
1F
100
AcDbEntity
  8
wall
100
AcDbLine
 39
0.0
 10
5386.4759
 20
543.9251
 30
0.0
 11
5357.4759
 21
543.9251
 31
0.0
  0
LINE
  5
CF09
102
{ACAD_REACTORS
330
E2AC
102
}
330
1F
100
AcDbEntity
  8
wall
100
AcDbLine
 39
0.0
 10
5386.4759
 20
548.4251
 30
0.0
 11
5357.4759
 21
548.4251
 31
0.0
  0
LINE
  5
CF0C
330
1F
100
AcDbEntity
  8
wall
100
AcDbLine
 39
0.0
 10
5357.4759
 20
543.9251
 30
0.0
 11
5357.4759
 21
548.4251
 31
0.0
  0
ARC
  5
CF0D
330
1F
100
AcDbEntity
  8
door
100
AcDbCircle
 10
5361.5521
 20
508.8514
 30
0.0
 40
35.0762
100
AcDbArc
 50
89.3076
 51
179.8797
  0
LINE
  5
CF0E
330
1F
100
AcDbEntity
  8
door
100
AcDbLine
 39
0.0
 10
5361.9759
 20
508.9251
 30
0.0
 11
5361.9759
 21
507.9251
 31
0.0
  0
LINE
  5
CF0F
330
1F
100
AcDbEntity
  8
wind
100
AcDbLine
 39
0.0
 10
5377.4759
 20
416.4251
 30
0.0
 11
5386.4759
 21
416.4251
 31
0.0
  0
LINE
  5
CF10
330
1F
100
AcDbEntity
  8
wind
100
AcDbLine
 39
0.0
 10
5377.4759
 20
482.4251
 30
0.0
 11
5386.4759
 21
482.4251
 31
0.0
  0
LINE
  5
CF11
330
1F
100
AcDbEntity
  8
wind
100
AcDbLine
 39
0.0
 10
5381.9759
 20
482.4251
 30
0.0
 11
5381.9759
 21
416.4251
 31
0.0
  0
LINE
  5
CF16
330
1F
100
AcDbEntity
  8
wind
100
AcDbLine
 39
0.0
 10
5381.9759
 20
698.3785
 30
0.0
 11
5381.9759
 21
662.3785
 31
0.0
  0
LINE
  5
CF20
330
1F
100
AcDbEntity
  8
0
100
AcDbLine
 39
0.0
 10
5140.4759
 20
437.4251
 30
0.0
 11
5141.4759
 21
437.4251
 31
0.0
  0
LINE
  5
CF21
330
1F
100
AcDbEntity
  8
door
100
AcDbLine
 39
0.0
 10
5141.4759
 20
437.4251
 30
0.0
 11
5141.4759
 21
478.4251
 31
0.0
  0
ARC
  5
CF22
330
1F
100
AcDbEntity
  8
door
100
AcDbCircle
 10
5141.4759
 20
437.4251
 30
0.0
 40
41.0
100
AcDbArc
 50
0.0
 51
90.0
  0
MTEXT
  5
CF3F
330
1F
100
AcDbEntity
  8
TXT
100
AcDbMText
 10
5218.7749
 20
409.8388
 30
0.0
 40
6.0
 41
52873.6116
 50
0.0
 46
0.0
 71
     8
 72
     5
  1
{\fArial Narrow|b0|i0|c0|p34;UP}
 73
     1
 44
1.0
 90
        0
 75
     0
 78
     0
 79
     0
 48
0.0
 49
0.0
  0
MTEXT
  5
CF40
330
1F
100
AcDbEntity
  8
TXT
100
AcDbMText
 10
5172.115
 20
402.4171
 30
0.0
 40
6.0
 41
52873.6116
 50
0.0
 46
0.0
 71
     8
 72
     5
  1
{\fArial Narrow|b0|i0|c0|p34;UP}
 73
     1
 44
1.0
 90
        0
 75
     0
 78
     0
 79
     0
 48
0.0
 49
0.0
  0
MTEXT
  5
CF41
330
1F
100
AcDbEntity
  8
TXT
100
AcDbMText
 10
5361.3792
 20
522.5116
 30
0.0
 40
6.0
 41
52873.6116
 50
0.0
 46
0.0
 71
     8
 72
     5
  1
{\fArial Narrow|b0|i0|c0|p34;UP}
 73
     1
 44
1.0
 90
        0
 75
     0
 78
     0
 79
     0
 48
0.0
 49
0.0
  0
DIMENSION
  5
CF9F
102
{ACAD_REACTORS
330
CFA1
102
}
102
{ACAD_XDICTIONARY
360
CFA0
102
}
330
1F
100
AcDbEntity
  8
wall
100
AcDbDimension
  2
*D279
 10
4991.9361
 20
395.4251
 30
0.0
 11
4991.9361
 21
449.4251
 31
0.0
 70
     0
  1

 71
     5
 42
108.0
 73
     0
 74
     0
 75
     0
 53
0.0
  3
ISO-25
100
AcDbAlignedDimension
 13
5011.4759
 23
503.4251
 33
0.0
 14
5011.4759
 24
395.4251
 34
0.0
 50
90.0
100
AcDbRotatedDimension
  0
DIMENSION
  5
CFA2
102
{ACAD_REACTORS
330
CFA4
102
}
102
{ACAD_XDICTIONARY
360
CFA3
102
}
330
1F
100
AcDbEntity
  8
wall
100
AcDbDimension
  2
*D280
 10
4992.2564
 20
287.4251
 30
0.0
 11
4992.2564
 21
336.9251
 31
0.0
 70
     0
  1

 71
     5
 42
99.0
 73
     0
 74
     0
 75
     0
 53
0.0
  3
ISO-25
100
AcDbAlignedDimension
 13
5011.4759
 23
386.4251
 33
0.0
 14
5011.4759
 24
287.4251
 34
0.0
 50
90.0
100
AcDbRotatedDimension
  0
MTEXT
  5
CFA5
330
1F
100
AcDbEntity
  8
TXT
100
AcDbMText
 10
5064.777
 20
351.4987
 30
0.0
 40
6.0
 41
52873.6116
 50
0.0
 46
0.0
 71
     8
 72
     5
  1
{\fArial Narrow|b0|i0|c0|p34;SHOP 1}
 73
     1
 44
1.0
 90
        0
 75
     0
 78
     0
 79
     0
 48
0.0
 49
0.0
  0
MTEXT
  5
CFA6
330
1F
100
AcDbEntity
  8
TXT
100
AcDbMText
 10
5317.8181
 20
351.4987
 30
0.0
 40
6.0
 41
52873.6116
 50
0.0
 46
0.0
 71
     8
 72
     5
  1
{\fArial Narrow|b0|i0|c0|p34;SHOP 2}
 73
     1
 44
1.0
 90
        0
 75
     0
 78
     0
 79
     0
 48
0.0
 49
0.0
  0
DIMENSION
  5
CFA7
330
1F
100
AcDbEntity
  8
wall
100
AcDbDimension
  2
*D274
 10
5131.4759
 20
239.2605
 30
0.0
 11
5071.4759
 21
239.2605
 31
0.0
 70
     0
  1

 71
     5
 42
120.0
 73
     0
 74
     0
 75
     0
 53
0.0
  3
ISO-25
100
AcDbAlignedDimension
 13
5011.4759
 23
254.4251
 33
0.0
 14
5131.4759
 24
254.4251
 34
0.0
 50
0.0
100
AcDbRotatedDimension
  0
DIMENSION
  5
CFA8
102
{ACAD_REACTORS
330
CFAA
102
}
102
{ACAD_XDICTIONARY
360
CFA9
102
}
330
1F
100
AcDbEntity
  8
wall
100
AcDbDimension
  2
*D281
 10
4992.7952
 20
266.4251
 30
0.0
 11
4992.7952
 21
272.4251
 31
0.0
 70
     0
  1

 71
     5
 42
12.0
 73
     0
 74
     0
 75
     0
 53
0.0
  3
ISO-25
100
AcDbAlignedDimension
 13
5002.4759
 23
278.4251
 33
0.0
 14
5002.4759
 24
266.4251
 34
0.0
 50
90.0
100
AcDbRotatedDimension
  0
DIMENSION
  5
CFAB
102
{ACAD_REACTORS
330
CFAD
102
}
102
{ACAD_XDICTIONARY
360
CFAC
102
}
330
1F
100
AcDbEntity
  8
wall
100
AcDbDimension
  2
*D282
 10
4993.1522
 20
254.4251
 30
0.0
 11
4993.1522
 21
260.4251
 31
0.0
 70
     0
  1

 71
     5
 42
12.0
 73
     0
 74
     0
 75
     0
 53
0.0
  3
ISO-25
100
AcDbAlignedDimension
 13
5002.4759
 23
266.4251
 33
0.0
 14
5002.4759
 24
254.4251
 34
0.0
 50
90.0
100
AcDbRotatedDimension
  0
DIMENSION
  5
CFAE
330
1F
100
AcDbEntity
  8
wall
100
AcDbDimension
  2
*D275
 10
5248.4759
 20
239.0836
 30
0.0
 11
5194.4759
 21
239.0836
 31
0.0
 70
     0
  1

 71
     5
 42
108.0
 73
     0
 74
     0
 75
     0
 53
0.0
  3
ISO-25
100
AcDbAlignedDimension
 13
5140.4759
 23
254.4251
 33
0.0
 14
5248.4759
 24
254.4251
 34
0.0
 50
0.0
100
AcDbRotatedDimension
  0
DIMENSION
  5
CFAF
330
1F
100
AcDbEntity
  8
wall
100
AcDbDimension
  2
*D276
 10
5377.4759
 20
238.8005
 30
0.0
 11
5317.4759
 21
238.8005
 31
0.0
 70
     0
  1

 71
     5
 42
120.0
 73
     0
 74
     0
 75
     0
 53
0.0
  3
ISO-25
100
AcDbAlignedDimension
 13
5257.4759
 23
254.4251
 33
0.0
 14
5377.4759
 24
254.4251
 34
0.0
 50
0.0
100
AcDbRotatedDimension
  0
DIMENSION
  5
CFB0
102
{ACAD_REACTORS
330
CFB2
102
}
102
{ACAD_XDICTIONARY
360
CFB1
102
}
330
1F
100
AcDbEntity
  8
wall
100
AcDbDimension
  2
*D283
 10
5400.5127
 20
386.4251
 30
0.0
 11
5400.5127
 21
336.9251
 31
0.0
 70
     0
  1

 71
     5
 42
99.0
 73
     0
 74
     0
 75
     0
 53
0.0
  3
ISO-25
100
AcDbAlignedDimension
 13
5377.4759
 23
287.4251
 33
0.0
 14
5377.4759
 24
386.4251
 34
0.0
 50
90.0
100
AcDbRotatedDimension
  0
MTEXT
  5
CFBF
330
1F
100
AcDbEntity
  8
TXT
100
AcDbMText
 10
5193.0577
 20
255.1026
 30
0.0
 40
6.0
 41
52873.6116
 50
0.0
 46
0.0
 71
     8
 72
     5
  1
{\fArial Narrow|b0|i0|c0|p34;UP}
 73
     1
 44
1.0
 90
        0
 75
     0
 78
     0
 79
     0
 48
0.0
 49
0.0
  0
MTEXT
  5
CFC0
330
1F
100
AcDbEntity
  8
TXT
100
AcDbMText
 10
5193.0577
 20
269.0274
 30
0.0
 40
6.0
 41
52873.6116
 50
0.0
 46
0.0
 71
     8
 72
     5
  1
{\fArial Narrow|b0|i0|c0|p34;MAIN ENTRANCE}
 73
     1
 44
1.0
 90
        0
 75
     0
 78
     0
 79
     0
 48
0.0
 49
0.0
  0
MULTILEADER
  5
CFC1
330
1F
100
AcDbEntity
  8
0
160
                 332
310
4C010000090000000C00000013000000993A00000C00000013000000122700000C00000013000000010000000C00000014000000010000005400000007000000030000002B61F27D2871B440D6289D4C6397754000000000000000007C8B2DDA7D70B44004A8383A635775400000000000000000D10D9D28D36FB440E168D3
310
276397754000000000000000000C00000013000000891300005400000020000000020000007EB747D37D70B440DB48383A6397754000000000000000008BC6EA557D70B440AC49284B8D227A40000000000000000000000000000000000000000000000000000000000000F03F0C0000001300000012270000540000002000
310
0000020000008BC6EA557D70B440AC49284B8D227A400000000000000000E0CC0BEBE04BB440AC49284B8D227A40000000000000000000000000000000000000000000000000000000000000F03F
100
AcDbMLeader
270
     2
300
CONTEXT_DATA{
 40
1.0
 10
5191.8786
 20
418.1595
 30
0.0
 41
4.0
140
4.0
145
2.0
174
     1
175
     1
176
     2
177
     0
290
     1
304

 11
0.0
 21
0.0
 31
1.0
340
11
 12
5193.8786
 22
420.1595
 32
0.0
 13
1.0
 23
0.0
 33
0.0
 42
0.0
 43
0.0
 44
0.0
 45
1.0
170
     1
 90
-1073741824
171
     3
172
     5
 91
-1073741824
141
0.0
 92
    59609
291
     0
292
     0
173
     0
293
     0
142
0.0
143
0.0
294
     0
144
0.0
295
     0
296
     0
 46
0.0
 93
        0
110
5232.4916
120
341.4617
130
0.0
111
1.0
121
0.0
131
0.0
112
0.0
122
1.0
132
0.0
297
     0
302
LEADER{
290
     1
291
     1
 10
5232.4896
 20
418.1595
 30
0.0
 11
-1.0
 21
0.0
 31
0.0
 90
        0
 40
36.611
304
LEADER_LINE{
 10
5232.4916
 20
341.4617
 30
0.0
 90
        0
170
     1
 92
-1056964608
340
0
171
    -2
 40
0.0
341
0
 93
        0
305
}
271
     0
303
}
272
     9
273
     9
301
}
340
12E
 90
   279680
170
     1
 91
-1056964608
341
14
171
    -2
290
     1
291
     1
 41
8.0
 42
4.0
172
     2
343
11
173
     1
 95
        1
174
     1
175
     0
 92
-1056964608
292
     0
 93
-1056964608
 10
1.0
 20
1.0
 30
1.0
 43
0.0
176
     0
293
     0
 94
        0
294
     0
178
     0
179
     1
 45
1.0
271
     0
272
     9
273
     9
1001
ACAD_MLEADERVER
1070
     2
  0
HATCH
  5
CFC2
330
1F
100
AcDbEntity
  8
col
100
AcDbHatch
 10
0.0
 20
0.0
 30
0.0
210
0.0
220
0.0
230
1.0
  2
SOLID
 70
     1
 71
     1
 91
        1
 92
        1
 93
        4
 72
     1
 10
5002.4759
 20
785.4251
 11
5011.4759
 21
785.4251
 72
     1
 10
5011.4759
 20
785.4251
 11
5011.4759
 21
776.4251
 72
     1
 10
5011.4759
 20
776.4251
 11
5002.4759
 21
776.4251
 72
     1
 10
5002.4759
 20
776.4251
 11
5002.4759
 21
785.4251
 97
        1
330
CFC3
 75
     0
 76
     1
 98
        1
 10
307.3793
 20
-620.3482
450
        0
451
                   0
460
0.0
461
0.0
452
        1
462
1.0
453
        2
463
0.0
463
1.0
470
LINEAR
1001
ACAD
1010
0.0
1020
0.0
1030
0.0
  0
LWPOLYLINE
  5
CFC3
102
{ACAD_REACTORS
330
CFC2
330
E0D8
330
E216
102
}
330
1F
100
AcDbEntity
  8
col
100
AcDbPolyline
 90
        4
 70
     1
 43
0.0
 10
5002.4759
 20
785.4251
 42
0.0
 10
5011.4759
 20
785.4251
 42
0.0
 10
5011.4759
 20
776.4251
 42
0.0
 10
5002.4759
 20
776.4251
 42
0.0
  0
HATCH
  5
CFC4
330
1F
100
AcDbEntity
  8
col
100
AcDbHatch
 10
0.0
 20
0.0
 30
0.0
210
0.0
220
0.0
230
1.0
  2
SOLID
 70
     1
 71
     1
 91
        1
 92
        1
 93
        4
 72
     1
 10
5002.4759
 20
642.8785
 11
5011.4759
 21
642.8785
 72
     1
 10
5011.4759
 20
642.8785
 11
5011.4759
 21
633.8785
 72
     1
 10
5011.4759
 20
633.8785
 11
5002.4759
 21
633.8785
 72
     1
 10
5002.4759
 20
633.8785
 11
5002.4759
 21
642.8785
 97
        1
330
CFC5
 75
     0
 76
     1
 98
        1
 10
307.3793
 20
-609.8948
450
        0
451
                   0
460
0.0
461
0.0
452
        1
462
1.0
453
        2
463
0.0
463
1.0
470
LINEAR
1001
ACAD
1010
0.0
1020
0.0
1030
0.0
  0
LWPOLYLINE
  5
CFC5
102
{ACAD_REACTORS
330
CFC4
102
}
330
1F
100
AcDbEntity
  8
col
100
AcDbPolyline
 90
        4
 70
     1
 43
0.0
 10
5002.4759
 20
642.8785
 42
0.0
 10
5011.4759
 20
642.8785
 42
0.0
 10
5011.4759
 20
633.8785
 42
0.0
 10
5002.4759
 20
633.8785
 42
0.0
  0
HATCH
  5
CFC6
330
1F
100
AcDbEntity
  8
col
100
AcDbHatch
 10
0.0
 20
0.0
 30
0.0
210
0.0
220
0.0
230
1.0
  2
SOLID
 70
     1
 71
     1
 91
        1
 92
        1
 93
        4
 72
     1
 10
5002.4759
 20
395.4251
 11
5011.4759
 21
395.4251
 72
     1
 10
5011.4759
 20
395.4251
 11
5011.4759
 21
386.4251
 72
     1
 10
5011.4759
 20
386.4251
 11
5002.4759
 21
386.4251
 72
     1
 10
5002.4759
 20
386.4251
 11
5002.4759
 21
395.4251
 97
        1
330
CFC7
 75
     0
 76
     1
 98
        1
 10
307.3793
 20
-644.3482
450
        0
451
                   0
460
0.0
461
0.0
452
        1
462
1.0
453
        2
463
0.0
463
1.0
470
LINEAR
1001
ACAD
1010
0.0
1020
0.0
1030
0.0
  0
LWPOLYLINE
  5
CFC7
102
{ACAD_REACTORS
330
CFC6
102
}
330
1F
100
AcDbEntity
  8
col
100
AcDbPolyline
 90
        4
 70
     1
 43
0.0
 10
5002.4759
 20
395.4251
 42
0.0
 10
5011.4759
 20
395.4251
 42
0.0
 10
5011.4759
 20
386.4251
 42
0.0
 10
5002.4759
 20
386.4251
 42
0.0
  0
HATCH
  5
CFC8
330
1F
100
AcDbEntity
  8
col
100
AcDbHatch
 10
0.0
 20
0.0
 30
0.0
210
0.0
220
0.0
230
1.0
  2
SOLID
 70
     1
 71
     1
 91
        1
 92
        1
 93
        4
 72
     1
 10
5377.4759
 20
395.4251
 11
5386.4759
 21
395.4251
 72
     1
 10
5386.4759
 20
395.4251
 11
5386.4759
 21
386.4251
 72
     1
 10
5386.4759
 20
386.4251
 11
5377.4759
 21
386.4251
 72
     1
 10
5377.4759
 20
386.4251
 11
5377.4759
 21
395.4251
 97
        1
330
CFC9
 75
     0
 76
     1
 98
        1
 10
307.3793
 20
-644.3482
450
        0
451
                   0
460
0.0
461
0.0
452
        1
462
1.0
453
        2
463
0.0
463
1.0
470
LINEAR
1001
ACAD
1010
0.0
1020
0.0
1030
0.0
  0
LWPOLYLINE
  5
CFC9
102
{ACAD_REACTORS
330
CFC8
102
}
330
1F
100
AcDbEntity
  8
col
100
AcDbPolyline
 90
        4
 70
     1
 43
0.0
 10
5377.4759
 20
395.4251
 42
0.0
 10
5386.4759
 20
395.4251
 42
0.0
 10
5386.4759
 20
386.4251
 42
0.0
 10
5377.4759
 20
386.4251
 42
0.0
  0
HATCH
  5
CFCC
330
1F
100
AcDbEntity
  8
col
100
AcDbHatch
 10
0.0
 20
0.0
 30
0.0
210
0.0
220
0.0
230
1.0
  2
SOLID
 70
     1
 71
     1
 91
        1
 92
        1
 93
        4
 72
     1
 10
5131.4759
 20
785.4251
 11
5140.4759
 21
785.4251
 72
     1
 10
5140.4759
 20
785.4251
 11
5140.4759
 21
776.4251
 72
     1
 10
5140.4759
 20
776.4251
 11
5131.4759
 21
776.4251
 72
     1
 10
5131.4759
 20
776.4251
 11
5131.4759
 21
785.4251
 97
        1
330
CFCD
 75
     0
 76
     1
 98
        1
 10
288.3793
 20
-620.3482
450
        0
451
                   0
460
0.0
461
0.0
452
        1
462
1.0
453
        2
463
0.0
463
1.0
470
LINEAR
1001
ACAD
1010
0.0
1020
0.0
1030
0.0
  0
LWPOLYLINE
  5
CFCD
102
{ACAD_REACTORS
330
CFCC
102
}
330
1F
100
AcDbEntity
  8
col
100
AcDbPolyline
 90
        4
 70
     1
 43
0.0
 10
5131.4759
 20
785.4251
 42
0.0
 10
5140.4759
 20
785.4251
 42
0.0
 10
5140.4759
 20
776.4251
 42
0.0
 10
5131.4759
 20
776.4251
 42
0.0
  0
HATCH
  5
CFCE
330
1F
100
AcDbEntity
  8
col
100
AcDbHatch
 10
0.0
 20
0.0
 30
0.0
210
0.0
220
0.0
230
1.0
  2
SOLID
 70
     1
 71
     1
 91
        1
 92
        1
 93
        4
 72
     1
 10
5377.4759
 20
638.3785
 11
5386.4759
 21
638.3785
 72
     1
 10
5386.4759
 20
638.3785
 11
5386.4759
 21
629.3785
 72
     1
 10
5386.4759
 20
629.3785
 11
5377.4759
 21
629.3785
 72
     1
 10
5377.4759
 20
629.3785
 11
5377.4759
 21
638.3785
 97
        1
330
CFCF
 75
     0
 76
     1
 98
        1
 10
307.3793
 20
-614.3948
450
        0
451
                   0
460
0.0
461
0.0
452
        1
462
1.0
453
        2
463
0.0
463
1.0
470
LINEAR
1001
ACAD
1010
0.0
1020
0.0
1030
0.0
  0
LWPOLYLINE
  5
CFCF
102
{ACAD_REACTORS
330
CFCE
102
}
330
1F
100
AcDbEntity
  8
col
100
AcDbPolyline
 90
        4
 70
     1
 43
0.0
 10
5377.4759
 20
638.3785
 42
0.0
 10
5386.4759
 20
638.3785
 42
0.0
 10
5386.4759
 20
629.3785
 42
0.0
 10
5377.4759
 20
629.3785
 42
0.0
  0
HATCH
  5
CFD0
330
1F
100
AcDbEntity
  8
col
100
AcDbHatch
 10
0.0
 20
0.0
 30
0.0
210
0.0
220
0.0
230
1.0
  2
SOLID
 70
     1
 71
     1
 91
        1
 92
        1
 93
        4
 72
     1
 10
5377.4759
 20
785.4251
 11
5386.4759
 21
785.4251
 72
     1
 10
5386.4759
 20
785.4251
 11
5386.4759
 21
776.4251
 72
     1
 10
5386.4759
 20
776.4251
 11
5377.4759
 21
776.4251
 72
     1
 10
5377.4759
 20
776.4251
 11
5377.4759
 21
785.4251
 97
        1
330
CFD1
 75
     0
 76
     1
 98
        1
 10
307.3793
 20
-620.3482
450
        0
451
                   0
460
0.0
461
0.0
452
        1
462
1.0
453
        2
463
0.0
463
1.0
470
LINEAR
1001
ACAD
1010
0.0
1020
0.0
1030
0.0
  0
LWPOLYLINE
  5
CFD1
102
{ACAD_REACTORS
330
CFD0
102
}
330
1F
100
AcDbEntity
  8
col
100
AcDbPolyline
 90
        4
 70
     1
 43
0.0
 10
5377.4759
 20
785.4251
 42
0.0
 10
5386.4759
 20
785.4251
 42
0.0
 10
5386.4759
 20
776.4251
 42
0.0
 10
5377.4759
 20
776.4251
 42
0.0
  0
DIMENSION
  5
D12F
330
1F
100
AcDbEntity
  8
wall
100
AcDbDimension
  2
*D285
 10
5386.4759
 20
803.5031
 30
0.0
 11
5194.4759
 21
803.5031
 31
0.0
 70
     0
  1

 71
     5
 42
384.0
 73
     0
 74
     0
 75
     0
 53
0.0
  3
ISO-25
100
AcDbAlignedDimension
 13
5002.4759
 23
785.4251
 33
0.0
 14
5386.4759
 24
785.4251
 34
0.0
 50
0.0
100
AcDbRotatedDimension
  0
LINE
  5
D374
330
1F
100
AcDbEntity
  8
wall
100
AcDbLine
 39
0.0
 10
5252.9759
 20
446.4251
 30
0.0
 11
5252.9759
 21
467.4251
 31
0.0
  0
LINE
  5
D9BB
330
1F
100
AcDbEntity
  8
wall
100
AcDbLine
 39
0.0
 10
5252.9759
 20
503.4251
 30
0.0
 11
5252.9759
 21
507.9251
 31
0.0
  0
LINE
  5
D376
330
1F
100
AcDbEntity
  8
wall
100
AcDbLine
 39
0.0
 10
5257.4759
 20
446.4251
 30
0.0
 11
5257.4759
 21
467.4251
 31
0.0
  0
LINE
  5
D375
330
1F
100
AcDbEntity
  8
wall
100
AcDbLine
 39
0.0
 10
5257.4759
 20
395.4251
 30
0.0
 11
5257.4759
 21
446.4251
 31
0.0
  0
LINE
  5
DA1C
102
{ACAD_REACTORS
330
DD2F
102
}
330
1F
100
AcDbEntity
  8
wall
100
AcDbLine
 39
0.0
 10
5041.4759
 20
503.4251
 30
0.0
 11
5135.9759
 21
503.4251
 31
0.0
  0
LINE
  5
D990
330
1F
100
AcDbEntity
  8
wall
100
AcDbLine
 39
0.0
 10
5131.4759
 20
467.4251
 30
0.0
 11
5135.9759
 21
467.4251
 31
0.0
  0
LINE
  5
DA1B
330
1F
100
AcDbEntity
  8
wall
100
AcDbLine
 39
0.0
 10
5041.4759
 20
507.9251
 30
0.0
 11
5131.4759
 21
507.9251
 31
0.0
  0
LINE
  5
D738
330
1F
100
AcDbEntity
  8
wall
100
AcDbLine
 39
0.0
 10
5011.4759
 20
567.9251
 30
0.0
 11
5135.9759
 21
567.9251
 31
0.0
  0
LINE
  5
D91B
330
1F
100
AcDbEntity
  8
wall
100
AcDbLine
 39
0.0
 10
5131.4759
 20
537.9251
 30
0.0
 11
5135.9759
 21
537.9251
 31
0.0
  0
LINE
  5
D739
330
1F
100
AcDbEntity
  8
wall
100
AcDbLine
 39
0.0
 10
5011.4759
 20
572.4251
 30
0.0
 11
5131.4759
 21
572.4251
 31
0.0
  0
LINE
  5
D917
330
1F
100
AcDbEntity
  8
wall
100
AcDbLine
 39
0.0
 10
5131.4759
 20
576.9251
 30
0.0
 11
5135.9759
 21
576.9251
 31
0.0
  0
LINE
  5
D918
330
1F
100
AcDbEntity
  8
wall
100
AcDbLine
 39
0.0
 10
5131.4759
 20
612.9251
 30
0.0
 11
5135.9759
 21
612.9251
 31
0.0
  0
LINE
  5
D73A
102
{ACAD_REACTORS
330
E0D8
102
}
330
1F
100
AcDbEntity
  8
wall
100
AcDbLine
 39
0.0
 10
5011.4759
 20
716.4251
 30
0.0
 11
5101.4759
 21
716.4251
 31
0.0
  0
LINE
  5
D755
330
1F
100
AcDbEntity
  8
wall
100
AcDbLine
 39
0.0
 10
5011.4759
 20
711.9251
 30
0.0
 11
5101.4759
 21
711.9251
 31
0.0
  0
LINE
  5
D78B
330
1F
100
AcDbEntity
  8
wall
100
AcDbLine
 39
0.0
 10
5135.9759
 20
633.8785
 30
0.0
 11
5140.4759
 21
633.8785
 31
0.0
  0
LINE
  5
D916
330
1F
100
AcDbEntity
  8
wall
100
AcDbLine
 39
0.0
 10
5176.4759
 20
633.8785
 30
0.0
 11
5308.4759
 21
633.8785
 31
0.0
  0
LINE
  5
DA31
330
1F
100
AcDbEntity
  8
wall
100
AcDbLine
 39
0.0
 10
5350.4759
 20
633.8785
 30
0.0
 11
5377.4759
 21
633.8785
 31
0.0
  0
LINE
  5
D78F
330
1F
100
AcDbEntity
  8
wall
100
AcDbLine
 39
0.0
 10
5135.9759
 20
638.3785
 30
0.0
 11
5140.4759
 21
638.3785
 31
0.0
  0
LINE
  5
D915
330
1F
100
AcDbEntity
  8
wall
100
AcDbLine
 39
0.0
 10
5176.4759
 20
638.3785
 30
0.0
 11
5308.4759
 21
638.3785
 31
0.0
  0
LINE
  5
DA30
102
{ACAD_REACTORS
330
E292
102
}
330
1F
100
AcDbEntity
  8
wall
100
AcDbLine
 39
0.0
 10
5350.4759
 20
638.3785
 30
0.0
 11
5377.4759
 21
638.3785
 31
0.0
  0
LINE
  5
D8A0
330
1F
100
AcDbEntity
  8
wall
100
AcDbLine
 39
0.0
 10
5281.4759
 20
722.3785
 30
0.0
 11
5305.4759
 21
722.3785
 31
0.0
  0
LINE
  5
DA28
102
{ACAD_REACTORS
330
E292
102
}
330
1F
100
AcDbEntity
  8
wall
100
AcDbLine
 39
0.0
 10
5341.4759
 20
722.3785
 30
0.0
 11
5377.4759
 21
722.3785
 31
0.0
  0
LINE
  5
D8A1
330
1F
100
AcDbEntity
  8
wall
100
AcDbLine
 39
0.0
 10
5276.9759
 20
726.8785
 30
0.0
 11
5305.4759
 21
726.8785
 31
0.0
  0
LINE
  5
DA27
102
{ACAD_REACTORS
330
E278
102
}
330
1F
100
AcDbEntity
  8
wall
100
AcDbLine
 39
0.0
 10
5341.4759
 20
726.8785
 30
0.0
 11
5377.4759
 21
726.8785
 31
0.0
  0
LINE
  5
D78E
330
1F
100
AcDbEntity
  8
wall
100
AcDbLine
 39
0.0
 10
5281.4759
 20
638.3785
 30
0.0
 11
5281.4759
 21
722.3785
 31
0.0
  0
LINE
  5
D8DB
330
1F
100
AcDbEntity
  8
stone
100
AcDbLine
 39
0.0
 10
5305.4759
 20
638.3785
 30
0.0
 11
5305.4759
 21
722.3785
 31
0.0
  0
LINE
  5
D78D
330
1F
100
AcDbEntity
  8
wall
100
AcDbLine
 39
0.0
 10
5276.9759
 20
638.3785
 30
0.0
 11
5276.9759
 21
726.8785
 31
0.0
  0
LINE
  5
D8BC
330
1F
100
AcDbEntity
  8
wall
100
AcDbLine
 39
0.0
 10
5305.4759
 20
722.3785
 30
0.0
 11
5305.4759
 21
776.4251
 31
0.0
  0
LINE
  5
D8BD
330
1F
100
AcDbEntity
  8
wall
100
AcDbLine
 39
0.0
 10
5300.9759
 20
726.8785
 30
0.0
 11
5300.9759
 21
776.4251
 31
0.0
  0
LINE
  5
D8BE
330
1F
100
AcDbEntity
  8
wall
  6
DASHED2
100
AcDbLine
 39
0.0
 10
5305.4759
 20
738.8785
 30
0.0
 11
5377.4759
 21
776.4251
 31
0.0
  0
LINE
  5
D8BF
330
1F
100
AcDbEntity
  8
wall
  6
DASHED2
100
AcDbLine
 39
0.0
 10
5305.4759
 20
776.4251
 30
0.0
 11
5377.4759
 21
738.8785
 31
0.0
  0
LINE
  5
D993
330
1F
100
AcDbEntity
  8
door
100
AcDbLine
 39
0.0
 10
5135.9759
 20
503.4251
 30
0.0
 11
5135.9759
 21
502.4251
 31
0.0
  0
LINE
  5
D994
330
1F
100
AcDbEntity
  8
door
100
AcDbLine
 39
0.0
 10
5135.9759
 20
502.4251
 30
0.0
 11
5100.9759
 21
502.4251
 31
0.0
  0
ARC
  5
D995
330
1F
100
AcDbEntity
  8
door
100
AcDbCircle
 10
5135.9759
 20
502.4251
 30
0.0
 40
35.0
100
AcDbArc
 50
180.0
 51
270.0
  0
LINE
  5
D996
330
1F
100
AcDbEntity
  8
door
100
AcDbLine
 39
0.0
 10
5135.9759
 20
567.9251
 30
0.0
 11
5135.9759
 21
566.9251
 31
0.0
  0
LINE
  5
D997
330
1F
100
AcDbEntity
  8
door
100
AcDbLine
 39
0.0
 10
5135.9759
 20
566.9251
 30
0.0
 11
5106.9759
 21
566.9251
 31
0.0
  0
ARC
  5
D998
330
1F
100
AcDbEntity
  8
door
100
AcDbCircle
 10
5135.9759
 20
566.9251
 30
0.0
 40
29.0
100
AcDbArc
 50
180.0
 51
270.0
  0
LINE
  5
D999
330
1F
100
AcDbEntity
  8
door
100
AcDbLine
 39
0.0
 10
5135.9759
 20
576.9251
 30
0.0
 11
5135.9759
 21
577.9251
 31
0.0
  0
LINE
  5
D99A
330
1F
100
AcDbEntity
  8
door
100
AcDbLine
 39
0.0
 10
5135.9759
 20
577.9251
 30
0.0
 11
5100.9759
 21
577.9251
 31
0.0
  0
ARC
  5
D99B
330
1F
100
AcDbEntity
  8
door
100
AcDbCircle
 10
5135.9759
 20
577.9251
 30
0.0
 40
35.0
100
AcDbArc
 50
90.0
 51
180.0
  0
LINE
  5
D99C
330
1F
100
AcDbEntity
  8
door
100
AcDbLine
 39
0.0
 10
5140.4759
 20
633.8785
 30
0.0
 11
5141.4759
 21
633.8785
 31
0.0
  0
LINE
  5
D99D
330
1F
100
AcDbEntity
  8
door
100
AcDbLine
 39
0.0
 10
5141.4759
 20
633.8785
 30
0.0
 11
5141.4759
 21
668.8785
 31
0.0
  0
ARC
  5
D99E
330
1F
100
AcDbEntity
  8
door
100
AcDbCircle
 10
5141.4759
 20
633.8785
 30
0.0
 40
35.0
100
AcDbArc
 50
0.0
 51
90.0
  0
LINE
  5
D9A5
330
1F
100
AcDbEntity
  8
door
100
AcDbLine
 39
0.0
 10
5101.4759
 20
711.9251
 30
0.0
 11
5131.4759
 21
711.9251
 31
0.0
  0
LINE
  5
D9A6
330
1F
100
AcDbEntity
  8
door
100
AcDbLine
 39
0.0
 10
5131.4759
 20
711.9251
 30
0.0
 11
5130.4759
 21
711.9251
 31
0.0
  0
LINE
  5
D9A7
330
1F
100
AcDbEntity
  8
door
100
AcDbLine
 39
0.0
 10
5130.4759
 20
711.9251
 30
0.0
 11
5130.4759
 21
740.9251
 31
0.0
  0
ARC
  5
D9A8
330
1F
100
AcDbEntity
  8
door
100
AcDbCircle
 10
5130.4759
 20
711.9251
 30
0.0
 40
29.0
100
AcDbArc
 50
90.0
 51
180.0
  0
LINE
  5
D9B6
330
1F
100
AcDbEntity
  8
wall
100
AcDbLine
 39
0.0
 10
5135.9759
 20
746.4251
 30
0.0
 11
5135.9759
 21
776.4251
 31
0.0
  0
LINE
  5
D9B7
102
{ACAD_REACTORS
330
E230
102
}
330
1F
100
AcDbEntity
  8
door
100
AcDbLine
 39
0.0
 10
5135.9759
 20
776.4251
 30
0.0
 11
5135.9759
 21
775.4251
 31
0.0
  0
LINE
  5
D9B8
330
1F
100
AcDbEntity
  8
door
100
AcDbLine
 39
0.0
 10
5135.9759
 20
775.4251
 30
0.0
 11
5106.9759
 21
775.4251
 31
0.0
  0
ARC
  5
D9B9
330
1F
100
AcDbEntity
  8
door
100
AcDbCircle
 10
5135.9759
 20
775.4251
 30
0.0
 40
29.0
100
AcDbArc
 50
180.0
 51
270.0
  0
LINE
  5
D9BC
330
1F
100
AcDbEntity
  8
door
100
AcDbLine
 39
0.0
 10
5252.9759
 20
503.4251
 30
0.0
 11
5252.9759
 21
502.4251
 31
0.0
  0
LINE
  5
D9BD
330
1F
100
AcDbEntity
  8
door
100
AcDbLine
 39
0.0
 10
5252.9759
 20
502.4251
 30
0.0
 11
5287.9759
 21
502.4251
 31
0.0
  0
ARC
  5
D9BE
330
1F
100
AcDbEntity
  8
door
100
AcDbCircle
 10
5252.9759
 20
502.4251
 30
0.0
 40
35.0
100
AcDbArc
 50
270.0
 51
0.0
  0
LWPOLYLINE
  5
D9C0
330
1F
100
AcDbEntity
  8
fur
  6
Continuous
100
AcDbPolyline
 90
        4
 70
     1
 43
0.0
 10
5182.4759
 20
446.4251
 42
0.0
 10
5252.9759
 20
446.4251
 42
0.0
 10
5252.9759
 20
467.4251
 42
0.0
 10
5182.4759
 20
467.4251
 42
0.0
  0
LINE
  5
D9DD
330
1F
100
AcDbEntity
  8
fur
  6
Continuous
100
AcDbLine
 39
0.0
 10
5257.4759
 20
467.4251
 30
0.0
 11
5281.4759
 21
467.4251
 31
0.0
  0
LINE
  5
D9DE
330
1F
100
AcDbEntity
  8
fur
  6
Continuous
100
AcDbLine
 39
0.0
 10
5281.4759
 20
467.4251
 30
0.0
 11
5281.4759
 21
395.4251
 31
0.0
  0
LINE
  5
D9DF
330
1F
100
AcDbEntity
  8
wall
100
AcDbLine
 39
0.0
 10
5281.4759
 20
395.4251
 30
0.0
 11
5257.4759
 21
395.4251
 31
0.0
  0
LINE
  5
D9FA
330
1F
100
AcDbEntity
  8
fur
  6
Continuous
100
AcDbLine
 39
0.0
 10
5176.4759
 20
638.3785
 30
0.0
 11
5176.4759
 21
662.3785
 31
0.0
  0
LINE
  5
D9FB
330
1F
100
AcDbEntity
  8
fur
  6
Continuous
100
AcDbLine
 39
0.0
 10
5176.4759
 20
662.3785
 30
0.0
 11
5276.9759
 21
662.3785
 31
0.0
  0
LINE
  5
DA1D
330
1F
100
AcDbEntity
  8
door
100
AcDbLine
 39
0.0
 10
5041.4759
 20
503.4251
 30
0.0
 11
5011.4759
 21
503.4251
 31
0.0
  0
LINE
  5
DA1E
330
1F
100
AcDbEntity
  8
door
100
AcDbLine
 39
0.0
 10
5011.4759
 20
503.4251
 30
0.0
 11
5012.4759
 21
503.4251
 31
0.0
  0
LINE
  5
DA1F
330
1F
100
AcDbEntity
  8
door
100
AcDbLine
 39
0.0
 10
5012.4759
 20
503.4251
 30
0.0
 11
5012.4759
 21
532.4251
 31
0.0
  0
ARC
  5
DA20
330
1F
100
AcDbEntity
  8
door
100
AcDbCircle
 10
5012.4759
 20
503.4251
 30
0.0
 40
29.0
100
AcDbArc
 50
360.0
 51
90.0
  0
LINE
  5
DA24
330
1F
100
AcDbEntity
  8
wall
100
AcDbLine
 39
0.0
 10
5350.4759
 20
638.3785
 30
0.0
 11
5350.4759
 21
633.8785
 31
0.0
  0
LINE
  5
DA23
330
1F
100
AcDbEntity
  8
wall
100
AcDbLine
 39
0.0
 10
5308.4759
 20
638.3785
 30
0.0
 11
5308.4759
 21
633.8785
 31
0.0
  0
LINE
  5
DA29
330
1F
100
AcDbEntity
  8
wall
100
AcDbLine
 39
0.0
 10
5341.4759
 20
726.8785
 30
0.0
 11
5341.4759
 21
722.3785
 31
0.0
  0
LINE
  5
DA2A
330
1F
100
AcDbEntity
  8
door
100
AcDbLine
 39
0.0
 10
5305.4759
 20
722.3785
 30
0.0
 11
5341.4759
 21
722.3785
 31
0.0
  0
LINE
  5
DA2B
330
1F
100
AcDbEntity
  8
door
100
AcDbLine
 39
0.0
 10
5305.4759
 20
722.3785
 30
0.0
 11
5306.4759
 21
722.3785
 31
0.0
  0
LINE
  5
DA2C
330
1F
100
AcDbEntity
  8
door
100
AcDbLine
 39
0.0
 10
5306.4759
 20
722.3785
 30
0.0
 11
5306.4759
 21
757.3785
 31
0.0
  0
ARC
  5
DA2D
330
1F
100
AcDbEntity
  8
door
100
AcDbCircle
 10
5306.4759
 20
722.3785
 30
0.0
 40
35.0
100
AcDbArc
 50
0.0
 51
90.0
  0
LINE
  5
DA2F
330
1F
100
AcDbEntity
  8
wall
  6
DASHED2
100
AcDbLine
 39
0.0
 10
5377.4759
 20
738.8785
 30
0.0
 11
5305.4759
 21
738.8785
 31
0.0
  0
LINE
  5
DA32
330
1F
100
AcDbEntity
  8
door
  6
DASHED2
100
AcDbLine
 39
0.0
 10
5308.4759
 20
633.8785
 30
0.0
 11
5350.4759
 21
638.3785
 31
0.0
  0
LINE
  5
DA33
330
1F
100
AcDbEntity
  8
door
  6
DASHED2
100
AcDbLine
 39
0.0
 10
5350.4759
 20
633.8785
 30
0.0
 11
5308.4759
 21
638.3785
 31
0.0
  0
LINE
  5
DA34
330
1F
100
AcDbEntity
  8
wall
100
AcDbLine
 39
0.0
 10
5131.4759
 20
395.4251
 30
0.0
 11
5107.4759
 21
395.4251
 31
0.0
  0
LINE
  5
DA35
330
1F
100
AcDbEntity
  8
fur
  6
Continuous
100
AcDbLine
 39
0.0
 10
5107.4759
 20
395.4251
 30
0.0
 11
5107.4759
 21
467.4251
 31
0.0
  0
LINE
  5
DA36
330
1F
100
AcDbEntity
  8
fur
  6
Continuous
100
AcDbLine
 39
0.0
 10
5131.4759
 20
467.4251
 30
0.0
 11
5107.4759
 21
467.4251
 31
0.0
  0
MTEXT
  5
DA37
330
1F
100
AcDbEntity
  8
TXT
100
AcDbMText
 10
5117.0003
 20
427.8456
 30
0.0
 40
6.0
 41
52873.6116
 50
0.0
 46
0.0
 71
     8
 72
     5
  1
\pxt4409;{\fArial Narrow|b0|i0|c0|p34;WARDROBE}
 11
-0.0
 21
-1.0
 31
0.0
 73
     1
 44
1.0
 90
        0
 75
     0
 78
     0
 79
     0
 48
0.0
 49
0.0
  0
MTEXT
  5
DA39
330
1F
100
AcDbEntity
  8
TXT
100
AcDbMText
 10
5266.9777
 20
425.349
 30
0.0
 40
6.0
 41
52873.6116
 50
0.0
 46
0.0
 71
     8
 72
     5
  1
\pxt4409;{\fArial Narrow|b0|i0|c0|p34;WARDROBE}
 11
-0.0
 21
-1.0
 31
0.0
 73
     1
 44
1.0
 90
        0
 75
     0
 78
     0
 79
     0
 48
0.0
 49
0.0
  0
MTEXT
  5
DA3A
330
1F
100
AcDbEntity
  8
TXT
100
AcDbMText
 10
5224.9112
 20
646.4418
 30
0.0
 40
6.0
 41
52873.6116
 50
0.0
 46
0.0
 71
     8
 72
     5
  1
\pxt4409;{\fArial Narrow|b0|i0|c0|p34;WARDROBE}
 11
0.9998
 21
0.022
 31
0.0
 73
     1
 44
1.0
 90
        0
 75
     0
 78
     0
 79
     0
 48
0.0
 49
0.0
  0
MTEXT
  5
DA3C
330
1F
100
AcDbEntity
  8
TXT
100
AcDbMText
 10
5095.891
 20
533.9152
 30
0.0
 40
6.0
 41
52873.6116
 50
0.0
 46
0.0
 71
     8
 72
     5
  1
{\fArial Narrow|b0|i0|c0|p34;TOILET\P10'x5'}
 73
     1
 44
1.0
 90
        0
 75
     0
 78
     0
 79
     0
 48
0.0
 49
0.0
  0
MTEXT
  5
DA3D
330
1F
100
AcDbEntity
  8
TXT
100
AcDbMText
 10
5328.3011
 20
673.3312
 30
0.0
 40
6.0
 41
52873.6116
 50
0.0
 46
0.0
 71
     8
 72
     5
  1
\pxt4409;{\fArial Narrow|b0|i0|c0|p34;KITCHEN\P7'X8'}
 73
     1
 44
1.0
 90
        0
 75
     0
 78
     0
 79
     0
 48
0.0
 49
0.0
  0
LINE
  5
DA9A
102
{ACAD_REACTORS
330
E230
330
E24A
102
}
330
1F
100
AcDbEntity
  8
wall
100
AcDbLine
 39
0.0
 10
5300.9759
 20
776.4251
 30
0.0
 11
5305.4759
 21
776.4251
 31
0.0
  0
LINE
  5
DA9B
330
1F
100
AcDbEntity
  8
wind
100
AcDbLine
 39
0.0
 10
5303.2259
 20
776.4251
 30
0.0
 11
5303.2259
 21
726.8785
 31
0.0
  0
HATCH
  5
DAB8
330
1F
100
AcDbEntity
  8
col
100
AcDbHatch
 10
0.0
 20
0.0
 30
0.0
210
0.0
220
0.0
230
1.0
  2
SOLID
 70
     1
 71
     1
 91
        1
 92
        1
 93
        4
 72
     1
 10
5131.4759
 20
395.4251
 11
5140.4759
 21
395.4251
 72
     1
 10
5140.4759
 20
395.4251
 11
5140.4759
 21
386.4251
 72
     1
 10
5140.4759
 20
386.4251
 11
5131.4759
 21
386.4251
 72
     1
 10
5131.4759
 20
386.4251
 11
5131.4759
 21
395.4251
 97
        1
330
DAB9
 75
     0
 76
     1
 98
        1
 10
436.3793
 20
-644.3482
450
        0
451
                   0
460
0.0
461
0.0
452
        1
462
1.0
453
        2
463
0.0
463
1.0
470
LINEAR
1001
ACAD
1010
0.0
1020
0.0
1030
0.0
  0
LWPOLYLINE
  5
DAB9
102
{ACAD_REACTORS
330
DAB8
102
}
330
1F
100
AcDbEntity
  8
col
100
AcDbPolyline
 90
        4
 70
     1
 43
0.0
 10
5131.4759
 20
395.4251
 42
0.0
 10
5140.4759
 20
395.4251
 42
0.0
 10
5140.4759
 20
386.4251
 42
0.0
 10
5131.4759
 20
386.4251
 42
0.0
  0
HATCH
  5
DABA
330
1F
100
AcDbEntity
  8
col
100
AcDbHatch
 10
0.0
 20
0.0
 30
0.0
210
0.0
220
0.0
230
1.0
  2
SOLID
 70
     1
 71
     1
 91
        1
 92
        1
 93
        4
 72
     1
 10
5272.4759
 20
395.4251
 11
5281.4759
 21
395.4251
 72
     1
 10
5281.4759
 20
395.4251
 11
5281.4759
 21
386.4251
 72
     1
 10
5281.4759
 20
386.4251
 11
5272.4759
 21
386.4251
 72
     1
 10
5272.4759
 20
386.4251
 11
5272.4759
 21
395.4251
 97
        1
330
DABB
 75
     0
 76
     1
 98
        1
 10
577.3793
 20
-644.3482
450
        0
451
                   0
460
0.0
461
0.0
452
        1
462
1.0
453
        2
463
0.0
463
1.0
470
LINEAR
1001
ACAD
1010
0.0
1020
0.0
1030
0.0
  0
LWPOLYLINE
  5
DABB
102
{ACAD_REACTORS
330
DABA
102
}
330
1F
100
AcDbEntity
  8
col
100
AcDbPolyline
 90
        4
 70
     1
 43
0.0
 10
5272.4759
 20
395.4251
 42
0.0
 10
5281.4759
 20
395.4251
 42
0.0
 10
5281.4759
 20
386.4251
 42
0.0
 10
5272.4759
 20
386.4251
 42
0.0
  0
HATCH
  5
DABC
330
1F
100
AcDbEntity
  8
col
100
AcDbHatch
 10
0.0
 20
0.0
 30
0.0
210
0.0
220
0.0
230
1.0
  2
SOLID
 70
     1
 71
     1
 91
        1
 92
        1
 93
        4
 72
     1
 10
5131.4759
 20
642.8785
 11
5140.4759
 21
642.8785
 72
     1
 10
5140.4759
 20
642.8785
 11
5140.4759
 21
633.8785
 72
     1
 10
5140.4759
 20
633.8785
 11
5131.4759
 21
633.8785
 72
     1
 10
5131.4759
 20
633.8785
 11
5131.4759
 21
642.8785
 97
        1
330
DABD
 75
     0
 76
     1
 98
        1
 10
436.3793
 20
-609.8948
450
        0
451
                   0
460
0.0
461
0.0
452
        1
462
1.0
453
        2
463
0.0
463
1.0
470
LINEAR
1001
ACAD
1010
0.0
1020
0.0
1030
0.0
  0
LWPOLYLINE
  5
DABD
102
{ACAD_REACTORS
330
DABC
102
}
330
1F
100
AcDbEntity
  8
col
100
AcDbPolyline
 90
        4
 70
     1
 43
0.0
 10
5131.4759
 20
642.8785
 42
0.0
 10
5140.4759
 20
642.8785
 42
0.0
 10
5140.4759
 20
633.8785
 42
0.0
 10
5131.4759
 20
633.8785
 42
0.0
  0
HATCH
  5
DABF
330
1F
100
AcDbEntity
  8
col
100
AcDbHatch
 10
0.0
 20
0.0
 30
0.0
210
0.0
220
0.0
230
1.0
  2
SOLID
 70
     1
 71
     1
 91
        1
 92
        1
 93
        4
 72
     1
 10
5272.4759
 20
642.8785
 11
5281.4759
 21
642.8785
 72
     1
 10
5281.4759
 20
642.8785
 11
5281.4759
 21
633.8785
 72
     1
 10
5281.4759
 20
633.8785
 11
5272.4759
 21
633.8785
 72
     1
 10
5272.4759
 20
633.8785
 11
5272.4759
 21
642.8785
 97
        1
330
DAC0
 75
     0
 76
     1
 98
        1
 10
577.3793
 20
-609.8948
450
        0
451
                   0
460
0.0
461
0.0
452
        1
462
1.0
453
        2
463
0.0
463
1.0
470
LINEAR
1001
ACAD
1010
0.0
1020
0.0
1030
0.0
  0
LWPOLYLINE
  5
DAC0
102
{ACAD_REACTORS
330
DABF
102
}
330
1F
100
AcDbEntity
  8
col
100
AcDbPolyline
 90
        4
 70
     1
 43
0.0
 10
5272.4759
 20
642.8785
 42
0.0
 10
5281.4759
 20
642.8785
 42
0.0
 10
5281.4759
 20
633.8785
 42
0.0
 10
5272.4759
 20
633.8785
 42
0.0
  0
HATCH
  5
DAC1
330
1F
100
AcDbEntity
  8
col
100
AcDbHatch
 10
0.0
 20
0.0
 30
0.0
210
0.0
220
0.0
230
1.0
  2
SOLID
 70
     1
 71
     1
 91
        1
 92
        1
 93
        4
 72
     1
 10
5272.4759
 20
785.4251
 11
5281.4759
 21
785.4251
 72
     1
 10
5281.4759
 20
785.4251
 11
5281.4759
 21
776.4251
 72
     1
 10
5281.4759
 20
776.4251
 11
5272.4759
 21
776.4251
 72
     1
 10
5272.4759
 20
776.4251
 11
5272.4759
 21
785.4251
 97
        1
330
DAC2
 75
     0
 76
     1
 98
        1
 10
577.3793
 20
-467.3482
450
        0
451
                   0
460
0.0
461
0.0
452
        1
462
1.0
453
        2
463
0.0
463
1.0
470
LINEAR
1001
ACAD
1010
0.0
1020
0.0
1030
0.0
  0
LWPOLYLINE
  5
DAC2
102
{ACAD_REACTORS
330
DAC1
102
}
330
1F
100
AcDbEntity
  8
col
100
AcDbPolyline
 90
        4
 70
     1
 43
0.0
 10
5272.4759
 20
785.4251
 42
0.0
 10
5281.4759
 20
785.4251
 42
0.0
 10
5281.4759
 20
776.4251
 42
0.0
 10
5272.4759
 20
776.4251
 42
0.0
  0
MTEXT
  5
DAC3
330
1F
100
AcDbEntity
  8
TXT
100
AcDbMText
 10
5067.1243
 20
606.0832
 30
0.0
 40
6.0
 41
52873.6116
 50
0.0
 46
0.0
 71
     8
 72
     5
  1
{\fArial Narrow|b0|i0|c0|p34;BEDROOM 1\P10'x11'-6"}
 73
     1
 44
1.0
 90
        0
 75
     0
 78
     0
 79
     0
 48
0.0
 49
0.0
  0
MTEXT
  5
DAC4
330
1F
100
AcDbEntity
  8
TXT
100
AcDbMText
 10
5211.6326
 20
671.7493
 30
0.0
 40
6.0
 41
52873.6116
 50
0.0
 46
0.0
 71
     8
 72
     5
  1
{\fArial Narrow|b0|i0|c0|p34;BEDROOM 2\P11'-9"x11'-6"}
 73
     1
 44
1.0
 90
        0
 75
     0
 78
     0
 79
     0
 48
0.0
 49
0.0
  0
MTEXT
  5
DAC5
330
1F
100
AcDbEntity
  8
TXT
100
AcDbMText
 10
5060.4367
 20
479.214
 30
0.0
 40
6.0
 41
52873.6116
 50
0.0
 46
0.0
 71
     8
 72
     5
  1
{\fArial Narrow|b0|i0|c0|p34;BEDROOM 3\P10'x9'}
 73
     1
 44
1.0
 90
        0
 75
     0
 78
     0
 79
     0
 48
0.0
 49
0.0
  0
MTEXT
  5
DAC7
330
1F
100
AcDbEntity
  8
TXT
100
AcDbMText
 10
5252.899
 20
531.4722
 30
0.0
 40
6.0
 41
52873.6116
 50
0.0
 46
0.0
 71
     8
 72
     5
  1
{\fArial Narrow|b0|i0|c0|p34;DIN / LIVING AREA\P20'x11'^I}
 73
     1
 44
1.0
 90
        0
 75
     0
 78
     0
 79
     0
 48
0.0
 49
0.0
  0
LINE
  5
DAC8
330
1F
100
AcDbEntity
  8
wind
100
AcDbLine
 39
0.0
 10
5381.9759
 20
629.3785
 30
0.0
 11
5381.9759
 21
548.4251
 31
0.0
  0
LINE
  5
DAC9
102
{ACAD_REACTORS
330
E2E0
102
}
330
1F
100
AcDbEntity
  8
wall
100
AcDbLine
 39
0.0
 10
5377.4759
 20
503.4251
 30
0.0
 11
5377.4759
 21
395.4251
 31
0.0
  0
HATCH
  5
DADE
330
1F
100
AcDbEntity
  8
col
100
AcDbHatch
 10
0.0
 20
0.0
 30
0.0
210
0.0
220
0.0
230
1.0
  2
SOLID
 70
     1
 71
     1
 91
        1
 92
        1
 93
        4
 72
     1
 10
5002.4759
 20
287.4251
 11
5011.4759
 21
287.4251
 72
     1
 10
5011.4759
 20
287.4251
 11
5011.4759
 21
278.4251
 72
     1
 10
5011.4759
 20
278.4251
 11
5002.4759
 21
278.4251
 72
     1
 10
5002.4759
 20
278.4251
 11
5002.4759
 21
287.4251
 97
        1
330
DADF
 75
     0
 76
     1
 98
        1
 10
307.3793
 20
-752.3482
450
        0
451
                   0
460
0.0
461
0.0
452
        1
462
1.0
453
        2
463
0.0
463
1.0
470
LINEAR
1001
ACAD
1010
0.0
1020
0.0
1030
0.0
  0
LWPOLYLINE
  5
DADF
102
{ACAD_REACTORS
330
DADE
102
}
330
1F
100
AcDbEntity
  8
col
100
AcDbPolyline
 90
        4
 70
     1
 43
0.0
 10
5002.4759
 20
287.4251
 42
0.0
 10
5011.4759
 20
287.4251
 42
0.0
 10
5011.4759
 20
278.4251
 42
0.0
 10
5002.4759
 20
278.4251
 42
0.0
  0
HATCH
  5
DAE0
330
1F
100
AcDbEntity
  8
col
100
AcDbHatch
 10
0.0
 20
0.0
 30
0.0
210
0.0
220
0.0
230
1.0
  2
SOLID
 70
     1
 71
     1
 91
        1
 92
        1
 93
        4
 72
     1
 10
5377.4759
 20
287.4251
 11
5386.4759
 21
287.4251
 72
     1
 10
5386.4759
 20
287.4251
 11
5386.4759
 21
278.4251
 72
     1
 10
5386.4759
 20
278.4251
 11
5377.4759
 21
278.4251
 72
     1
 10
5377.4759
 20
278.4251
 11
5377.4759
 21
287.4251
 97
        1
330
DAE1
 75
     0
 76
     1
 98
        1
 10
307.3793
 20
-752.3482
450
        0
451
                   0
460
0.0
461
0.0
452
        1
462
1.0
453
        2
463
0.0
463
1.0
470
LINEAR
1001
ACAD
1010
0.0
1020
0.0
1030
0.0
  0
LWPOLYLINE
  5
DAE1
102
{ACAD_REACTORS
330
DAE0
102
}
330
1F
100
AcDbEntity
  8
col
100
AcDbPolyline
 90
        4
 70
     1
 43
0.0
 10
5377.4759
 20
287.4251
 42
0.0
 10
5386.4759
 20
287.4251
 42
0.0
 10
5386.4759
 20
278.4251
 42
0.0
 10
5377.4759
 20
278.4251
 42
0.0
  0
HATCH
  5
DAE2
330
1F
100
AcDbEntity
  8
col
100
AcDbHatch
 10
0.0
 20
0.0
 30
0.0
210
0.0
220
0.0
230
1.0
  2
SOLID
 70
     1
 71
     1
 91
        1
 92
        1
 93
        4
 72
     1
 10
5131.4759
 20
287.4251
 11
5140.4759
 21
287.4251
 72
     1
 10
5140.4759
 20
287.4251
 11
5140.4759
 21
278.4251
 72
     1
 10
5140.4759
 20
278.4251
 11
5131.4759
 21
278.4251
 72
     1
 10
5131.4759
 20
278.4251
 11
5131.4759
 21
287.4251
 97
        1
330
DAE3
 75
     0
 76
     1
 98
        1
 10
436.3793
 20
-752.3482
450
        0
451
                   0
460
0.0
461
0.0
452
        1
462
1.0
453
        2
463
0.0
463
1.0
470
LINEAR
1001
ACAD
1010
0.0
1020
0.0
1030
0.0
  0
LWPOLYLINE
  5
DAE3
102
{ACAD_REACTORS
330
DAE2
102
}
330
1F
100
AcDbEntity
  8
col
100
AcDbPolyline
 90
        4
 70
     1
 43
0.0
 10
5131.4759
 20
287.4251
 42
0.0
 10
5140.4759
 20
287.4251
 42
0.0
 10
5140.4759
 20
278.4251
 42
0.0
 10
5131.4759
 20
278.4251
 42
0.0
  0
LINE
  5
DB32
330
1F
100
AcDbEntity
  8
fur
  6
Continuous
100
AcDbLine
 39
0.0
 10
5095.423
 20
572.4251
 30
0.0
 11
5095.423
 21
596.4251
 31
0.0
  0
LINE
  5
DB33
330
1F
100
AcDbEntity
  8
fur
  6
Continuous
100
AcDbLine
 39
0.0
 10
5095.423
 20
596.4251
 30
0.0
 11
5011.4759
 21
596.4251
 31
0.0
  0
MTEXT
  5
DB4E
330
1F
100
AcDbEntity
  8
TXT
100
AcDbMText
 10
5053.9184
 20
581.9803
 30
0.0
 40
6.0
 41
52873.6116
 50
0.0
 46
0.0
 71
     8
 72
     5
  1
\pxt4409;{\fArial Narrow|b0|i0|c0|p34;WARDROBE}
 11
0.9998
 21
0.022
 31
0.0
 73
     1
 44
1.0
 90
        0
 75
     0
 78
     0
 79
     0
 48
0.0
 49
0.0
  0
LINE
  5
DBAC
330
1F
100
AcDbEntity
  8
fur
  6
Continuous
100
AcDbLine
 39
0.0
 10
5237.384
 20
762.6688
 30
0.0
 11
5231.1433
 21
762.6688
 31
0.0
  0
LINE
  5
DBAD
330
1F
100
AcDbEntity
  8
fur
  6
Continuous
100
AcDbLine
 39
0.0
 10
5237.384
 20
774.1289
 30
0.0
 11
5237.384
 21
762.6688
 31
0.0
  0
LINE
  5
DBAE
330
1F
100
AcDbEntity
  8
fur
  6
Continuous
100
AcDbLine
 39
0.0
 10
5212.424
 20
774.1289
 30
0.0
 11
5237.384
 21
774.1289
 31
0.0
  0
LINE
  5
DBAF
330
1F
100
AcDbEntity
  8
fur
  6
Continuous
100
AcDbLine
 39
0.0
 10
5212.424
 20
765.0688
 30
0.0
 11
5212.424
 21
774.1289
 31
0.0
  0
LINE
  5
DBB0
330
1F
100
AcDbEntity
  8
fur
  6
Continuous
100
AcDbLine
 39
0.0
 10
5209.544
 20
774.1289
 30
0.0
 11
5209.544
 21
765.0688
 31
0.0
  0
LINE
  5
DBB1
330
1F
100
AcDbEntity
  8
fur
  6
Continuous
100
AcDbLine
 39
0.0
 10
5184.584
 20
774.1289
 30
0.0
 11
5209.544
 21
774.1289
 31
0.0
  0
LINE
  5
DBB2
330
1F
100
AcDbEntity
  8
fur
  6
Continuous
100
AcDbLine
 39
0.0
 10
5184.584
 20
765.0688
 30
0.0
 11
5184.584
 21
774.1289
 31
0.0
  0
LINE
  5
DBB3
330
1F
100
AcDbEntity
  8
fur
  6
Continuous
100
AcDbLine
 39
0.0
 10
5246.984
 20
697.5689
 30
0.0
 11
5174.984
 21
697.5689
 31
0.0
  0
LINE
  5
DBB4
102
{ACAD_REACTORS
330
DD04
102
}
330
1F
100
AcDbEntity
  8
fur
  6
Continuous
100
AcDbLine
 39
0.0
 10
5174.984
 20
697.5689
 30
0.0
 11
5174.984
 21
775.5689
 31
0.0
  0
LINE
  5
DBB5
330
1F
100
AcDbEntity
  8
fur
  6
Continuous
100
AcDbLine
 39
0.0
 10
5228.7441
 20
762.1888
 30
0.0
 11
5174.984
 21
762.1888
 31
0.0
  0
LINE
  5
DBB6
330
1F
100
AcDbEntity
  8
fur
  6
Continuous
100
AcDbLine
 39
0.0
 10
5174.984
 20
765.0688
 30
0.0
 11
5228.7441
 21
765.0688
 31
0.0
  0
LINE
  5
DBB7
330
1F
100
AcDbEntity
  8
fur
  6
Continuous
100
AcDbLine
 39
0.0
 10
5174.984
 20
775.5689
 30
0.0
 11
5246.984
 21
775.5689
 31
0.0
  0
LINE
  5
DBB8
102
{ACAD_REACTORS
330
DD04
102
}
330
1F
100
AcDbEntity
  8
fur
  6
Continuous
100
AcDbLine
 39
0.0
 10
5246.984
 20
775.5689
 30
0.0
 11
5246.984
 21
697.5689
 31
0.0
  0
LINE
  5
DBB9
330
1F
100
AcDbEntity
  8
fur
  6
Continuous
100
AcDbLine
 39
0.0
 10
5246.984
 20
748.8494
 30
0.0
 11
5228.7441
 21
765.0688
 31
0.0
  0
LINE
  5
DBBA
330
1F
100
AcDbEntity
  8
fur
  6
Continuous
100
AcDbLine
 39
0.0
 10
5228.7441
 20
748.8494
 30
0.0
 11
5246.984
 21
748.8494
 31
0.0
  0
LINE
  5
DBBB
330
1F
100
AcDbEntity
  8
fur
  6
Continuous
100
AcDbLine
 39
0.0
 10
5228.7441
 20
765.0688
 30
0.0
 11
5228.7441
 21
748.8494
 31
0.0
  0
LWPOLYLINE
  5
DBBC
330
1F
100
AcDbEntity
  8
fur
  6
Continuous
100
AcDbPolyline
 90
        4
 70
     1
 43
0.0
 10
5264.984
 20
763.5689
 42
0.0
 10
5246.984
 20
763.5689
 42
0.0
 10
5246.984
 20
775.5689
 42
0.0
 10
5264.984
 20
775.5689
 42
0.0
  0
LWPOLYLINE
  5
DBBD
330
1F
100
AcDbEntity
  8
fur
  6
Continuous
100
AcDbPolyline
 90
        4
 70
     1
 43
0.0
 10
5159.9078
 20
763.5689
 42
0.0
 10
5174.984
 20
763.5689
 42
0.0
 10
5174.984
 20
775.5689
 42
0.0
 10
5159.9078
 20
775.5689
 42
0.0
  0
LINE
  5
DC3F
330
1F
100
AcDbEntity
  8
fur
  6
Continuous
100
AcDbLine
 39
0.0
 10
5091.8017
 20
697.2892
 30
0.0
 11
5085.561
 21
697.2892
 31
0.0
  0
LINE
  5
DC40
330
1F
100
AcDbEntity
  8
fur
  6
Continuous
100
AcDbLine
 39
0.0
 10
5091.8017
 20
708.7493
 30
0.0
 11
5091.8017
 21
697.2892
 31
0.0
  0
LINE
  5
DC41
330
1F
100
AcDbEntity
  8
fur
  6
Continuous
100
AcDbLine
 39
0.0
 10
5066.8417
 20
708.7493
 30
0.0
 11
5091.8017
 21
708.7493
 31
0.0
  0
LINE
  5
DC42
330
1F
100
AcDbEntity
  8
fur
  6
Continuous
100
AcDbLine
 39
0.0
 10
5066.8417
 20
699.6892
 30
0.0
 11
5066.8417
 21
708.7493
 31
0.0
  0
LINE
  5
DC43
330
1F
100
AcDbEntity
  8
fur
  6
Continuous
100
AcDbLine
 39
0.0
 10
5063.9617
 20
708.7493
 30
0.0
 11
5063.9617
 21
699.6892
 31
0.0
  0
LINE
  5
DC44
330
1F
100
AcDbEntity
  8
fur
  6
Continuous
100
AcDbLine
 39
0.0
 10
5039.0017
 20
708.7493
 30
0.0
 11
5063.9617
 21
708.7493
 31
0.0
  0
LINE
  5
DC45
330
1F
100
AcDbEntity
  8
fur
  6
Continuous
100
AcDbLine
 39
0.0
 10
5039.0017
 20
699.6892
 30
0.0
 11
5039.0017
 21
708.7493
 31
0.0
  0
LINE
  5
DC46
330
1F
100
AcDbEntity
  8
fur
  6
Continuous
100
AcDbLine
 39
0.0
 10
5101.4017
 20
632.1892
 30
0.0
 11
5035.4017
 21
632.1892
 31
0.0
  0
LINE
  5
DC47
102
{ACAD_REACTORS
330
DC84
102
}
330
1F
100
AcDbEntity
  8
fur
  6
Continuous
100
AcDbLine
 39
0.0
 10
5035.4017
 20
632.1892
 30
0.0
 11
5035.4017
 21
710.1893
 31
0.0
  0
LINE
  5
DC48
330
1F
100
AcDbEntity
  8
fur
  6
Continuous
100
AcDbLine
 39
0.0
 10
5083.1617
 20
696.8092
 30
0.0
 11
5035.4017
 21
696.8092
 31
0.0
  0
LINE
  5
DC49
330
1F
100
AcDbEntity
  8
fur
  6
Continuous
100
AcDbLine
 39
0.0
 10
5035.4017
 20
699.6892
 30
0.0
 11
5083.1617
 21
699.6892
 31
0.0
  0
LINE
  5
DC4A
330
1F
100
AcDbEntity
  8
fur
  6
Continuous
100
AcDbLine
 39
0.0
 10
5035.4017
 20
710.1893
 30
0.0
 11
5101.4017
 21
710.1893
 31
0.0
  0
LINE
  5
DC4B
330
1F
100
AcDbEntity
  8
fur
  6
Continuous
100
AcDbLine
 39
0.0
 10
5101.4017
 20
710.1893
 30
0.0
 11
5101.4017
 21
632.1892
 31
0.0
  0
LINE
  5
DC4C
330
1F
100
AcDbEntity
  8
fur
  6
Continuous
100
AcDbLine
 39
0.0
 10
5101.4017
 20
683.4698
 30
0.0
 11
5083.1617
 21
699.6892
 31
0.0
  0
LINE
  5
DC4D
330
1F
100
AcDbEntity
  8
fur
  6
Continuous
100
AcDbLine
 39
0.0
 10
5083.1617
 20
683.4698
 30
0.0
 11
5101.4017
 21
683.4698
 31
0.0
  0
LINE
  5
DC4E
330
1F
100
AcDbEntity
  8
fur
  6
Continuous
100
AcDbLine
 39
0.0
 10
5083.1617
 20
699.6892
 30
0.0
 11
5083.1617
 21
683.4698
 31
0.0
  0
LWPOLYLINE
  5
DC50
330
1F
100
AcDbEntity
  8
fur
  6
Continuous
100
AcDbPolyline
 90
        4
 70
     1
 43
0.0
 10
5014.3255
 20
698.1893
 42
0.0
 10
5035.4017
 20
698.1893
 42
0.0
 10
5035.4017
 20
710.1893
 42
0.0
 10
5014.3255
 20
710.1893
 42
0.0
  0
DIMENSION
  5
DC6B
102
{ACAD_REACTORS
330
DC84
102
}
102
{ACAD_XDICTIONARY
360
DC79
102
}
330
1F
100
AcDbEntity
  8
wall
100
AcDbDimension
  2
*D342
 10
5101.4017
 20
660.1302
 30
0.0
 11
5068.4017
 21
660.1302
 31
0.0
 70
     0
  1

 71
     5
 42
66.0
 73
     0
 74
     0
 75
     0
 53
0.0
  3
ISO-25
100
AcDbAlignedDimension
 13
5035.4017
 23
671.1893
 33
0.0
 14
5101.4017
 24
668.9499
 34
0.0
 50
0.0
100
AcDbRotatedDimension
  0
DIMENSION
  5
DCEB
102
{ACAD_REACTORS
330
DD04
102
}
102
{ACAD_XDICTIONARY
360
DCF9
102
}
330
1F
100
AcDbEntity
  8
wall
100
AcDbDimension
  2
*D345
 10
5246.984
 20
704.2854
 30
0.0
 11
5210.984
 21
704.2854
 31
0.0
 70
     0
  1

 71
     5
 42
72.0
 73
     0
 74
     0
 75
     0
 53
0.0
  3
ISO-25
100
AcDbAlignedDimension
 13
5174.984
 23
697.5689
 33
0.0
 14
5246.984
 24
697.5689
 34
0.0
 50
0.0
100
AcDbRotatedDimension
  0
LINE
  5
DD06
330
1F
100
AcDbEntity
  8
fur
  6
Continuous
100
AcDbLine
 39
0.0
 10
5046.617
 20
396.8651
 30
0.0
 11
5046.617
 21
407.3398
 31
0.0
  0
LINE
  5
DD07
330
1F
100
AcDbEntity
  8
fur
  6
Continuous
100
AcDbLine
 39
0.0
 10
5071.577
 20
396.8651
 30
0.0
 11
5046.617
 21
396.8651
 31
0.0
  0
LINE
  5
DD08
330
1F
100
AcDbEntity
  8
fur
  6
Continuous
100
AcDbLine
 39
0.0
 10
5071.577
 20
405.9252
 30
0.0
 11
5071.577
 21
396.8651
 31
0.0
  0
LINE
  5
DD0C
330
1F
100
AcDbEntity
  8
fur
  6
Continuous
100
AcDbLine
 39
0.0
 10
5035.4446
 20
473.4251
 30
0.0
 11
5083.4446
 21
473.4251
 31
0.0
  0
LINE
  5
DD0D
102
{ACAD_REACTORS
330
DD2F
330
DDA5
102
}
330
1F
100
AcDbEntity
  8
fur
  6
Continuous
100
AcDbLine
 39
0.0
 10
5083.4446
 20
473.4251
 30
0.0
 11
5083.4446
 21
395.4251
 31
0.0
  0
LINE
  5
DD0E
330
1F
100
AcDbEntity
  8
fur
  6
Continuous
100
AcDbLine
 39
0.0
 10
5047.6846
 20
408.8052
 30
0.0
 11
5083.4446
 21
408.8052
 31
0.0
  0
LINE
  5
DD0F
330
1F
100
AcDbEntity
  8
fur
  6
Continuous
100
AcDbLine
 39
0.0
 10
5083.4446
 20
405.9252
 30
0.0
 11
5047.6846
 21
405.9252
 31
0.0
  0
LINE
  5
DD10
330
1F
100
AcDbEntity
  8
fur
  6
Continuous
100
AcDbLine
 39
0.0
 10
5083.4446
 20
395.4251
 30
0.0
 11
5035.4446
 21
395.4251
 31
0.0
  0
LINE
  5
DD11
330
1F
100
AcDbEntity
  8
fur
  6
Continuous
100
AcDbLine
 39
0.0
 10
5035.4446
 20
395.4251
 30
0.0
 11
5035.4446
 21
473.4251
 31
0.0
  0
LINE
  5
DD12
330
1F
100
AcDbEntity
  8
fur
  6
Continuous
100
AcDbLine
 39
0.0
 10
5035.4446
 20
422.1446
 30
0.0
 11
5047.6846
 21
405.9252
 31
0.0
  0
LINE
  5
DD13
102
{ACAD_REACTORS
330
DDA5
102
}
330
1F
100
AcDbEntity
  8
fur
  6
Continuous
100
AcDbLine
 39
0.0
 10
5047.6846
 20
422.1446
 30
0.0
 11
5035.4446
 21
422.1446
 31
0.0
  0
LINE
  5
DD14
330
1F
100
AcDbEntity
  8
fur
  6
Continuous
100
AcDbLine
 39
0.0
 10
5047.6846
 20
405.9252
 30
0.0
 11
5047.6846
 21
422.1446
 31
0.0
  0
DIMENSION
  5
DD16
102
{ACAD_REACTORS
330
DD2F
102
}
102
{ACAD_XDICTIONARY
360
DD24
102
}
330
1F
100
AcDbEntity
  8
wall
100
AcDbDimension
  2
*D346
 10
5097.1521
 20
503.4251
 30
0.0
 11
5097.1521
 21
488.4251
 31
0.0
 70
     0
  1

 71
     5
 42
29.9999
 73
     0
 74
     0
 75
     0
 53
0.0
  3
ISO-25
100
AcDbAlignedDimension
 13
5083.4446
 23
473.4251
 33
0.0
 14
5083.4446
 24
503.4251
 34
0.0
 50
90.0
100
AcDbRotatedDimension
  0
DIMENSION
  5
DD8C
102
{ACAD_REACTORS
330
DDA5
102
}
102
{ACAD_XDICTIONARY
360
DD9A
102
}
330
1F
100
AcDbEntity
  8
wall
100
AcDbDimension
  2
*D349
 10
5083.4446
 20
432.7935
 30
0.0
 11
5059.4446
 21
432.7935
 31
0.0
 70
     0
  1

 71
     5
 42
48.0
 73
     0
 74
     0
 75
     0
 53
0.0
  3
ISO-25
100
AcDbAlignedDimension
 13
5035.4446
 23
422.1446
 33
0.0
 14
5083.4446
 24
422.1446
 34
0.0
 50
0.0
100
AcDbRotatedDimension
  0
LWPOLYLINE
  5
DDA8
330
1F
100
AcDbEntity
  8
fur
  6
Continuous
100
AcDbPolyline
 90
        4
 70
     1
 43
0.0
 10
5020.4446
 20
395.4251
 42
0.0
 10
5035.4446
 20
395.4251
 42
0.0
 10
5035.4446
 20
410.4251
 42
0.0
 10
5020.4446
 20
410.4251
 42
0.0
  0
LWPOLYLINE
  5
DDA9
330
1F
100
AcDbEntity
  8
fur
  6
Continuous
100
AcDbPolyline
 90
        4
 70
     1
 43
0.0
 10
5098.4446
 20
395.4251
 42
0.0
 10
5083.4446
 20
395.4251
 42
0.0
 10
5083.4446
 20
410.4251
 42
0.0
 10
5098.4446
 20
410.4251
 42
0.0
  0
LINE
  5
DDC8
330
1F
100
AcDbEntity
  8
fur
  6
Continuous
100
AcDbLine
 39
0.0
 10
5316.6483
 20
396.8651
 30
0.0
 11
5316.6483
 21
407.3398
 31
0.0
  0
LINE
  5
DDC9
330
1F
100
AcDbEntity
  8
fur
  6
Continuous
100
AcDbLine
 39
0.0
 10
5341.6083
 20
396.8651
 30
0.0
 11
5316.6483
 21
396.8651
 31
0.0
  0
LINE
  5
DDCA
330
1F
100
AcDbEntity
  8
fur
  6
Continuous
100
AcDbLine
 39
0.0
 10
5341.6083
 20
405.9252
 30
0.0
 11
5341.6083
 21
396.8651
 31
0.0
  0
LINE
  5
DDCB
330
1F
100
AcDbEntity
  8
fur
  6
Continuous
100
AcDbLine
 39
0.0
 10
5305.4759
 20
473.4251
 30
0.0
 11
5353.4759
 21
473.4251
 31
0.0
  0
LINE
  5
DDCC
102
{ACAD_REACTORS
330
DDD6
102
}
330
1F
100
AcDbEntity
  8
fur
  6
Continuous
100
AcDbLine
 39
0.0
 10
5353.4759
 20
473.4251
 30
0.0
 11
5353.4759
 21
395.4251
 31
0.0
  0
LINE
  5
DDCD
330
1F
100
AcDbEntity
  8
fur
  6
Continuous
100
AcDbLine
 39
0.0
 10
5317.7159
 20
408.8052
 30
0.0
 11
5353.4759
 21
408.8052
 31
0.0
  0
LINE
  5
DDCE
330
1F
100
AcDbEntity
  8
fur
  6
Continuous
100
AcDbLine
 39
0.0
 10
5353.4759
 20
405.9252
 30
0.0
 11
5317.7159
 21
405.9252
 31
0.0
  0
LINE
  5
DDCF
330
1F
100
AcDbEntity
  8
fur
  6
Continuous
100
AcDbLine
 39
0.0
 10
5353.4759
 20
395.4251
 30
0.0
 11
5305.4759
 21
395.4251
 31
0.0
  0
LINE
  5
DDD0
330
1F
100
AcDbEntity
  8
fur
  6
Continuous
100
AcDbLine
 39
0.0
 10
5305.4759
 20
395.4251
 30
0.0
 11
5305.4759
 21
473.4251
 31
0.0
  0
LINE
  5
DDD1
330
1F
100
AcDbEntity
  8
fur
  6
Continuous
100
AcDbLine
 39
0.0
 10
5305.4759
 20
422.1446
 30
0.0
 11
5317.7159
 21
405.9252
 31
0.0
  0
LINE
  5
DDD2
102
{ACAD_REACTORS
330
DDD6
102
}
330
1F
100
AcDbEntity
  8
fur
  6
Continuous
100
AcDbLine
 39
0.0
 10
5317.7159
 20
422.1446
 30
0.0
 11
5305.4759
 21
422.1446
 31
0.0
  0
LINE
  5
DDD3
330
1F
100
AcDbEntity
  8
fur
  6
Continuous
100
AcDbLine
 39
0.0
 10
5317.7159
 20
405.9252
 30
0.0
 11
5317.7159
 21
422.1446
 31
0.0
  0
DIMENSION
  5
DDD4
102
{ACAD_REACTORS
330
DDD6
102
}
102
{ACAD_XDICTIONARY
360
DDD5
102
}
330
1F
100
AcDbEntity
  8
wall
100
AcDbDimension
  2
*D350
 10
5353.4759
 20
432.7935
 30
0.0
 11
5329.4759
 21
432.7935
 31
0.0
 70
     0
  1

 71
     5
 42
48.0
 73
     0
 74
     0
 75
     0
 53
0.0
  3
ISO-25
100
AcDbAlignedDimension
 13
5305.4759
 23
422.1446
 33
0.0
 14
5353.4759
 24
422.1446
 34
0.0
 50
0.0
100
AcDbRotatedDimension
  0
LWPOLYLINE
  5
DDD7
330
1F
100
AcDbEntity
  8
fur
  6
Continuous
100
AcDbPolyline
 90
        4
 70
     1
 43
0.0
 10
5290.4759
 20
395.4251
 42
0.0
 10
5305.4759
 20
395.4251
 42
0.0
 10
5305.4759
 20
410.4251
 42
0.0
 10
5290.4759
 20
410.4251
 42
0.0
  0
LWPOLYLINE
  5
DDD8
330
1F
100
AcDbEntity
  8
fur
  6
Continuous
100
AcDbPolyline
 90
        4
 70
     1
 43
0.0
 10
5368.4759
 20
395.4251
 42
0.0
 10
5353.4759
 20
395.4251
 42
0.0
 10
5353.4759
 20
410.4251
 42
0.0
 10
5368.4759
 20
410.4251
 42
0.0
  0
MTEXT
  5
DDFA
330
1F
100
AcDbEntity
  8
TXT
100
AcDbMText
 10
5323.3292
 20
479.214
 30
0.0
 40
6.0
 41
52873.6116
 50
0.0
 46
0.0
 71
     8
 72
     5
  1
{\fArial Narrow|b0|i0|c0|p34;BEDROOM 4\P10'x9'}
 73
     1
 44
1.0
 90
        0
 75
     0
 78
     0
 79
     0
 48
0.0
 49
0.0
  0
MTEXT
  5
DE19
330
1F
100
AcDbEntity
  8
TXT
100
AcDbMText
 10
5217.7038
 20
454.5637
 30
0.0
 40
6.0
 41
52873.6116
 50
0.0
 46
0.0
 71
     8
 72
     5
  1
\pxt4408;{\fArial Narrow|b0|i0|c0|p34;STORAGE CB}
 73
     1
 44
1.0
 90
        0
 75
     0
 78
     0
 79
     0
 48
0.0
 49
0.0
  0
MTEXT
  5
DE71
330
1F
100
AcDbEntity
  8
TXT
100
AcDbMText
 10
5041.6616
 20
547.4668
 30
0.0
 40
4.0
 41
52873.6116
 50
0.0
 46
0.0
 71
     8
 72
     5
  1
{\fArial Narrow|b0|i0|c0|p34;SHOWER AREA}
 73
     1
 44
1.0
 90
        0
 75
     0
 78
     0
 79
     0
 48
0.0
 49
0.0
  0
MTEXT
  5
DE82
330
1F
100
AcDbEntity
  8
TXT
100
AcDbMText
 10
5064.5235
 20
729.7296
 30
0.0
 40
6.0
 41
52873.6116
 50
0.0
 46
0.0
 71
     8
 72
     5
  1
{\fArial Narrow|b0|i0|c0|p34;TOILET\P10'x5'}
 73
     1
 44
1.0
 90
        0
 75
     0
 78
     0
 79
     0
 48
0.0
 49
0.0
  0
MTEXT
  5
DE9D
330
1F
100
AcDbEntity
  8
TXT
100
AcDbMText
 10
5029.5703
 20
750.4653
 30
0.0
 40
4.0
 41
52873.6116
 50
0.0
 46
0.0
 71
     8
 72
     5
  1
{\fArial Narrow|b0|i0|c0|p34;SHOWER AREA}
 73
     1
 44
1.0
 90
        0
 75
     0
 78
     0
 79
     0
 48
0.0
 49
0.0
  0
MTEXT
  5
DE9E
330
1F
100
AcDbEntity
  8
TXT
100
AcDbMText
 10
5342.8286
 20
761.9113
 30
0.0
 40
4.0
 41
52873.6116
 50
0.0
 46
0.0
 71
     8
 72
     5
  1
{\fArial Narrow|b0|i0|c0|p34;OPEN SHAFT\P6'x3'}
 73
     1
 44
1.0
 90
        0
 75
     0
 78
     0
 79
     0
 48
0.0
 49
0.0
  0
CIRCLE
  5
DEC0
330
1F
100
AcDbEntity
  8
FIXTURE
  6
Continuous
100
AcDbCircle
 10
5333.2981
 20
583.6306
 30
0.0
 40
18.0
  0
CIRCLE
  5
DEC9
330
1F
100
AcDbEntity
  8
FIXTURE
  6
Continuous
100
AcDbCircle
 10
5348.0397
 20
566.3556
 30
0.0
 40
7.5
  0
ARC
  5
DECA
330
1F
100
AcDbEntity
  8
FIXTURE
  6
Continuous
100
AcDbCircle
 10
5346.4636
 20
567.9317
 30
0.0
 40
7.5
100
AcDbArc
 50
233.5455
 51
36.4545
  0
CIRCLE
  5
DECB
330
1F
100
AcDbEntity
  8
FIXTURE
  6
Continuous
100
AcDbCircle
 10
5318.5565
 20
566.3556
 30
0.0
 40
7.5
  0
ARC
  5
DECC
330
1F
100
AcDbEntity
  8
FIXTURE
  6
Continuous
100
AcDbCircle
 10
5320.1325
 20
567.9317
 30
0.0
 40
7.5
100
AcDbArc
 50
143.5455
 51
306.4545
  0
CIRCLE
  5
DECD
330
1F
100
AcDbEntity
  8
FIXTURE
  6
Continuous
100
AcDbCircle
 10
5348.0397
 20
600.9056
 30
0.0
 40
7.5
  0
ARC
  5
DECE
330
1F
100
AcDbEntity
  8
FIXTURE
  6
Continuous
100
AcDbCircle
 10
5346.4636
 20
599.3295
 30
0.0
 40
7.5
100
AcDbArc
 50
323.5455
 51
126.4545
  0
CIRCLE
  5
DECF
330
1F
100
AcDbEntity
  8
FIXTURE
  6
Continuous
100
AcDbCircle
 10
5318.5565
 20
600.9056
 30
0.0
 40
7.5
  0
ARC
  5
DED0
330
1F
100
AcDbEntity
  8
FIXTURE
  6
Continuous
100
AcDbCircle
 10
5320.1325
 20
599.3295
 30
0.0
 40
7.5
100
AcDbArc
 50
53.5455
 51
216.4545
  0
LINE
  5
DED1
330
1F
100
AcDbEntity
  8
wall
100
AcDbLine
 39
0.0
 10
5377.4759
 20
633.8785
 30
0.0
 11
5350.4759
 21
633.8785
 31
0.0
  0
LINE
  5
DED2
330
1F
100
AcDbEntity
  8
fur
  6
Continuous
100
AcDbLine
 39
0.0
 10
5350.4759
 20
633.8785
 30
0.0
 11
5350.4759
 21
615.8785
 31
0.0
  0
LINE
  5
DED3
330
1F
100
AcDbEntity
  8
fur
  6
Continuous
100
AcDbLine
 39
0.0
 10
5350.4759
 20
615.8785
 30
0.0
 11
5377.4759
 21
615.8785
 31
0.0
  0
LINE
  5
DED4
102
{ACAD_REACTORS
330
E2AC
102
}
330
1F
100
AcDbEntity
  8
wall
100
AcDbLine
 39
0.0
 10
5377.4759
 20
615.8785
 30
0.0
 11
5377.4759
 21
633.8785
 31
0.0
  0
MTEXT
  5
DED5
330
1F
100
AcDbEntity
  8
TXT
100
AcDbMText
 10
5361.3792
 20
621.7949
 30
0.0
 40
6.0
 41
52873.6116
 50
0.0
 46
0.0
 71
     8
 72
     5
  1
{\fArial Narrow|b0|i0|c0|p34;cb}
 73
     1
 44
1.0
 90
        0
 75
     0
 78
     0
 79
     0
 48
0.0
 49
0.0
  0
LINE
  5
DEEB
330
1F
100
AcDbEntity
  8
FIXTURE
  6
Continuous
100
AcDbLine
 39
0.0
 10
5268.5199
 20
599.2934
 30
0.0
 11
5187.5199
 21
599.2934
 31
0.0
  0
LINE
  5
DEEC
330
1F
100
AcDbEntity
  8
FIXTURE
  6
Continuous
100
AcDbLine
 39
0.0
 10
5274.5732
 20
602.2939
 30
0.0
 11
5268.5732
 21
602.2939
 31
0.0
  0
LINE
  5
DEED
330
1F
100
AcDbEntity
  8
FIXTURE
  6
Continuous
100
AcDbLine
 39
0.0
 10
5187.5732
 20
602.2939
 30
0.0
 11
5181.5732
 21
602.2939
 31
0.0
  0
LINE
  5
DEEE
330
1F
100
AcDbEntity
  8
FIXTURE
  6
Continuous
100
AcDbLine
 39
0.0
 10
5187.5199
 20
599.2934
 30
0.0
 11
5187.5732
 21
626.2939
 31
0.0
  0
LINE
  5
DEEF
330
1F
100
AcDbEntity
  8
FIXTURE
  6
Continuous
100
AcDbLine
 39
0.0
 10
5214.5199
 20
599.2934
 30
0.0
 11
5214.5732
 21
626.2939
 31
0.0
  0
LINE
  5
DEF0
330
1F
100
AcDbEntity
  8
FIXTURE
  6
Continuous
100
AcDbLine
 39
0.0
 10
5241.5199
 20
599.2934
 30
0.0
 11
5241.5732
 21
626.2939
 31
0.0
  0
LINE
  5
DEF1
330
1F
100
AcDbEntity
  8
FIXTURE
  6
Continuous
100
AcDbLine
 39
0.0
 10
5268.5199
 20
599.2934
 30
0.0
 11
5268.5732
 21
626.2939
 31
0.0
  0
LINE
  5
DEF2
330
1F
100
AcDbEntity
  8
FIXTURE
  6
Continuous
100
AcDbLine
 39
0.0
 10
5181.5732
 20
602.2939
 30
0.0
 11
5181.5732
 21
632.2939
 31
0.0
  0
LINE
  5
DEF3
330
1F
100
AcDbEntity
  8
FIXTURE
  6
Continuous
100
AcDbLine
 39
0.0
 10
5187.5732
 20
626.2939
 30
0.0
 11
5268.5732
 21
626.2939
 31
0.0
  0
LINE
  5
DEF4
330
1F
100
AcDbEntity
  8
FIXTURE
  6
Continuous
100
AcDbLine
 39
0.0
 10
5181.5732
 20
632.2939
 30
0.0
 11
5274.5732
 21
632.2939
 31
0.0
  0
LINE
  5
DEF5
330
1F
100
AcDbEntity
  8
FIXTURE
  6
Continuous
100
AcDbLine
 39
0.0
 10
5274.5732
 20
632.2939
 30
0.0
 11
5274.5732
 21
602.2939
 31
0.0
  0
LWPOLYLINE
  5
DF4A
330
1F
100
AcDbEntity
  8
fur
  6
Continuous
100
AcDbPolyline
 90
        4
 70
     1
 43
0.0
 10
5241.5732
 20
551.6601
 42
0.0
 10
5214.5732
 20
551.6601
 42
0.0
 10
5214.5732
 20
578.6601
 42
0.0
 10
5241.5732
 20
578.6601
 42
0.0
  0
LWPOLYLINE
  5
DF4B
330
1F
100
AcDbEntity
  8
fur
  6
Continuous
100
AcDbPolyline
 90
        4
 70
     1
 43
0.0
 10
5239.5732
 20
553.6601
 42
0.0
 10
5216.5732
 20
553.6601
 42
0.0
 10
5216.5732
 20
576.6601
 42
0.0
 10
5239.5732
 20
576.6601
 42
0.0
  0
LWPOLYLINE
  5
E016
330
1F
100
AcDbEntity
  8
FIXTURE
  6
Continuous
100
AcDbPolyline
 90
        4
 70
     1
 43
0.0
 10
5167.8494
 20
563.5246
 42
0.0
 10
5188.8494
 20
563.5246
 42
0.0
 10
5188.8494
 20
584.5246
 42
0.0
 10
5167.8494
 20
584.5246
 42
0.0
  0
LWPOLYLINE
  5
E017
330
1F
100
AcDbEntity
  8
FIXTURE
  6
Continuous
100
AcDbPolyline
 90
        4
 70
     1
 43
0.0
 10
5167.8494
 20
534.9049
 42
0.0
 10
5188.8494
 20
534.9049
 42
0.0
 10
5188.8494
 20
555.9049
 42
0.0
 10
5167.8494
 20
555.9049
 42
0.0
  0
LINE
  5
E089
330
1F
100
AcDbEntity
  8
wind
100
AcDbLine
 39
0.0
 10
5011.4759
 20
519.9251
 30
0.0
 11
5002.4759
 21
519.9251
 31
0.0
  0
LINE
  5
E088
330
1F
100
AcDbEntity
  8
wind
100
AcDbLine
 39
0.0
 10
5011.4759
 20
555.9251
 30
0.0
 11
5002.4759
 21
555.9251
 31
0.0
  0
LINE
  5
E08A
330
1F
100
AcDbEntity
  8
wind
100
AcDbLine
 39
0.0
 10
5006.9759
 20
555.9251
 30
0.0
 11
5006.9759
 21
519.9251
 31
0.0
  0
LINE
  5
E08B
330
1F
100
AcDbEntity
  8
wind
100
AcDbLine
 39
0.0
 10
5011.4759
 20
696.7893
 30
0.0
 11
5002.4759
 21
696.7893
 31
0.0
  0
LINE
  5
E08C
330
1F
100
AcDbEntity
  8
wind
100
AcDbLine
 39
0.0
 10
5011.4759
 20
648.8785
 30
0.0
 11
5002.4759
 21
648.8785
 31
0.0
  0
LINE
  5
E0BB
330
1F
100
AcDbEntity
  8
wind
100
AcDbLine
 39
0.0
 10
5006.9759
 20
696.7893
 30
0.0
 11
5006.9759
 21
648.8785
 31
0.0
  0
LINE
  5
E0BC
330
1F
100
AcDbEntity
  8
wind
100
AcDbLine
 39
0.0
 10
5011.4759
 20
728.4251
 30
0.0
 11
5002.4759
 21
728.4251
 31
0.0
  0
LINE
  5
E0BD
330
1F
100
AcDbEntity
  8
wind
100
AcDbLine
 39
0.0
 10
5011.4759
 20
764.4251
 30
0.0
 11
5002.4759
 21
764.4251
 31
0.0
  0
LINE
  5
E0BE
330
1F
100
AcDbEntity
  8
wind
100
AcDbLine
 39
0.0
 10
5006.9759
 20
764.4251
 30
0.0
 11
5006.9759
 21
728.4251
 31
0.0
  0
DIMENSION
  5
E0BF
102
{ACAD_REACTORS
330
E0D8
102
}
102
{ACAD_XDICTIONARY
360
E0CD
102
}
330
1F
100
AcDbEntity
  8
wall
100
AcDbDimension
  2
*D365
 10
4990.8479
 20
716.4251
 30
0.0
 11
4990.8479
 21
746.4251
 31
0.0
 70
     0
  1

 71
     5
 42
60.0
 73
     0
 74
     0
 75
     0
 53
0.0
  3
ISO-25
100
AcDbAlignedDimension
 13
5011.4759
 23
776.4251
 33
0.0
 14
5011.4759
 24
716.4251
 34
0.0
 50
90.0
100
AcDbRotatedDimension
  0
DIMENSION
  5
E0D9
102
{ACAD_REACTORS
330
E0F2
102
}
102
{ACAD_XDICTIONARY
360
E0E7
102
}
330
1F
100
AcDbEntity
  8
wall
100
AcDbDimension
  2
*D366
 10
4991.3444
 20
572.4251
 30
0.0
 11
4991.3444
 21
642.1751
 31
0.0
 70
     0
  1

 71
     5
 42
139.5
 73
     0
 74
     0
 75
     0
 53
0.0
  3
ISO-25
100
AcDbAlignedDimension
 13
5011.4759
 23
711.9251
 33
0.0
 14
5011.4759
 24
572.4251
 34
0.0
 50
90.0
100
AcDbRotatedDimension
  0
DIMENSION
  5
E107
102
{ACAD_REACTORS
330
E120
102
}
102
{ACAD_XDICTIONARY
360
E115
102
}
330
1F
100
AcDbEntity
  8
wall
100
AcDbDimension
  2
*D367
 10
4991.4454
 20
507.9251
 30
0.0
 11
4991.4454
 21
537.9251
 31
0.0
 70
     0
  1

 71
     5
 42
60.0
 73
     0
 74
     0
 75
     0
 53
0.0
  3
ISO-25
100
AcDbAlignedDimension
 13
5011.4759
 23
567.9251
 33
0.0
 14
5041.4759
 24
507.9251
 34
0.0
 50
90.0
100
AcDbRotatedDimension
  0
DIMENSION
  5
E1FD
102
{ACAD_REACTORS
330
E216
102
}
102
{ACAD_XDICTIONARY
360
E20B
102
}
330
1F
100
AcDbEntity
  8
wall
100
AcDbDimension
  2
*D368
 10
5131.4759
 20
795.2728
 30
0.0
 11
5071.4759
 21
795.2728
 31
0.0
 70
     0
  1

 71
     5
 42
120.0
 73
     0
 74
     0
 75
     0
 53
0.0
  3
ISO-25
100
AcDbAlignedDimension
 13
5011.4759
 23
776.4251
 33
0.0
 14
5131.4759
 24
776.4251
 34
0.0
 50
0.0
100
AcDbRotatedDimension
  0
DIMENSION
  5
E217
102
{ACAD_REACTORS
330
E230
102
}
102
{ACAD_XDICTIONARY
360
E225
102
}
330
1F
100
AcDbEntity
  8
wall
100
AcDbDimension
  2
*D369
 10
5300.9759
 20
795.1362
 30
0.0
 11
5218.4759
 21
795.1362
 31
0.0
 70
     0
  1

 71
     5
 42
165.0
 73
     0
 74
     0
 75
     0
 53
0.0
  3
ISO-25
100
AcDbAlignedDimension
 13
5135.9759
 23
776.4251
 33
0.0
 14
5300.9759
 24
776.4251
 34
0.0
 50
0.0
100
AcDbRotatedDimension
  0
DIMENSION
  5
E231
102
{ACAD_REACTORS
330
E24A
102
}
102
{ACAD_XDICTIONARY
360
E23F
102
}
330
1F
100
AcDbEntity
  8
wall
100
AcDbDimension
  2
*D370
 10
5377.4759
 20
795.1612
 30
0.0
 11
5341.4759
 21
795.1612
 31
0.0
 70
     0
  1

 71
     5
 42
72.0
 73
     0
 74
     0
 75
     0
 53
0.0
  3
ISO-25
100
AcDbAlignedDimension
 13
5305.4759
 23
776.4251
 33
0.0
 14
5377.4759
 24
776.4251
 34
0.0
 50
0.0
100
AcDbRotatedDimension
  0
DIMENSION
  5
E25F
102
{ACAD_REACTORS
330
E278
102
}
102
{ACAD_XDICTIONARY
360
E26D
102
}
330
1F
100
AcDbEntity
  8
wall
100
AcDbDimension
  2
*D371
 10
5395.7913
 20
726.8785
 30
0.0
 11
5395.7913
 21
751.6518
 31
0.0
 70
     0
  1

 71
     5
 42
49.5466
 73
     0
 74
     0
 75
     0
 53
0.0
  3
ISO-25
100
AcDbAlignedDimension
 13
5377.4759
 23
776.4251
 33
0.0
 14
5377.4759
 24
726.8785
 34
0.0
 50
90.0
100
AcDbRotatedDimension
  0
DIMENSION
  5
E279
102
{ACAD_REACTORS
330
E292
102
}
102
{ACAD_XDICTIONARY
360
E287
102
}
330
1F
100
AcDbEntity
  8
wall
100
AcDbDimension
  2
*D372
 10
5397.0905
 20
638.3785
 30
0.0
 11
5397.0905
 21
680.3785
 31
0.0
 70
     0
  1

 71
     5
 42
84.0
 73
     0
 74
     0
 75
     0
 53
0.0
  3
ISO-25
100
AcDbAlignedDimension
 13
5377.4759
 23
722.3785
 33
0.0
 14
5377.4759
 24
638.3785
 34
0.0
 50
90.0
100
AcDbRotatedDimension
  0
DIMENSION
  5
E293
102
{ACAD_REACTORS
330
E2AC
102
}
102
{ACAD_XDICTIONARY
360
E2A1
102
}
330
1F
100
AcDbEntity
  8
wall
100
AcDbDimension
  2
*D373
 10
5398.5423
 20
548.4251
 30
0.0
 11
5398.5423
 21
591.1518
 31
0.0
 70
     0
  1

 71
     5
 42
85.4534
 73
     0
 74
     0
 75
     0
 53
0.0
  3
ISO-25
100
AcDbAlignedDimension
 13
5377.4759
 23
633.8785
 33
0.0
 14
5377.4759
 24
548.4251
 34
0.0
 50
90.0
100
AcDbRotatedDimension
  0
DIMENSION
  5
E2AD
102
{ACAD_REACTORS
330
E2C6
102
}
102
{ACAD_XDICTIONARY
360
E2BB
102
}
330
1F
100
AcDbEntity
  8
wall
100
AcDbDimension
  2
*D374
 10
5396.3724
 20
507.9251
 30
0.0
 11
5396.3724
 21
525.9251
 31
0.0
 70
     0
  1

 71
     5
 42
36.0
 73
     0
 74
     0
 75
     0
 53
0.0
  3
ISO-25
100
AcDbAlignedDimension
 13
5376.4759
 23
543.9251
 33
0.0
 14
5376.4759
 24
507.9251
 34
0.0
 50
90.0
100
AcDbRotatedDimension
  0
DIMENSION
  5
E2C7
102
{ACAD_REACTORS
330
E2E0
102
}
102
{ACAD_XDICTIONARY
360
E2D5
102
}
330
1F
100
AcDbEntity
  8
wall
100
AcDbDimension
  2
*D375
 10
5397.0991
 20
395.4251
 30
0.0
 11
5397.0991
 21
449.4251
 31
0.0
 70
     0
  1

 71
     5
 42
108.0
 73
     0
 74
     0
 75
     0
 53
0.0
  3
ISO-25
100
AcDbAlignedDimension
 13
5377.4759
 23
503.4251
 33
0.0
 14
5377.4759
 24
395.4251
 34
0.0
 50
90.0
100
AcDbRotatedDimension
  0
MTEXT
  5
E2E1
330
1F
100
AcDbEntity
  8
TXT
100
AcDbMText
 10
5198.4572
 20
201.9813
 30
0.0
 40
9.0
 41
52873.6116
 50
0.0
 46
0.0
 71
     8
 72
     5
  1
{\fArial Narrow|b0|i0|c0|p34;\LGROUND FLOOR PLAN\Poption-2}
 73
     1
 44
1.0
 90
        0
 75
     0
 78
     0
 79
     0
 48
0.0
 49
0.0
  0
MTEXT
  5
E2E2
330
1F
100
AcDbEntity
  8
TXT
100
AcDbMText
 10
5198.4572
 20
811.4775
 30
0.0
 40
9.0
 41
52873.6116
 50
0.0
 46
0.0
 71
     8
 72
     5
  1
\pxt2937;{\fArial Narrow|b0|i0|c0|p34;\Lothers}
 73
     1
 44
1.0
 90
        0
 75
     0
 78
     0
 79
     0
 48
0.0
 49
0.0
  0
MTEXT
  5
E2E3
330
1F
100
AcDbEntity
  8
TXT
100
AcDbMText
 10
5419.1001
 20
485.1526
 30
0.0
 40
9.0
 41
52873.6116
 50
0.0
 46
0.0
 71
     8
 72
     5
  1
\pxt2937,2938;{\fArial Narrow|b0|i0|c0|p34;\Lservice lane}
 11
0.0
 21
1.0
 31
0.0
 73
     1
 44
1.0
 90
        0
 75
     0
 78
     0
 79
     0
 48
0.0
 49
0.0
  0
MTEXT
  5
E2F8
330
1F
100
AcDbEntity
  8
TXT
100
AcDbMText
 10
4965.5892
 20
511.3542
 30
0.0
 40
9.0
 41
52873.6116
 50
0.0
 46
0.0
 71
     8
 72
     5
  1
\pxt2937,2938;{\fArial Narrow|b0|i0|c0|p34;\Lservice lane}
 11
0.0
 21
1.0
 31
0.0
 73
     1
 44
1.0
 90
        0
 75
     0
 78
     0
 79
     0
 48
0.0
 49
0.0
  0
LINE
  5
E304
330
1F
100
AcDbEntity
  8
Bathroom fixtures
100
AcDbLine
 39
0.0
 10
5057.9759
 20
513.9251
 30
0.0
 11
5093.9759
 21
513.9251
 31
0.0
  0
LINE
  5
E305
330
1F
100
AcDbEntity
  8
Bathroom fixtures
100
AcDbLine
 39
0.0
 10
5095.9759
 20
525.9251
 30
0.0
 11
5103.7663
 21
525.9251
 31
0.0
  0
LINE
  5
E306
330
1F
100
AcDbEntity
  8
Bathroom fixtures
100
AcDbLine
 39
0.0
 10
5121.6855
 20
525.9251
 30
0.0
 11
5131.4759
 21
525.9251
 31
0.0
  0
INSERT
  5
E307
330
1F
100
AcDbEntity
  8
Bathroom fixtures
100
AcDbBlockReference
  2
zd
 10
5075.9759
 20
513.9251
 30
0.0
 41
-0.04
 42
0.04
 43
0.04
 50
270.0
 70
     0
 71
     0
 44
0.0
 45
0.0
  0
LINE
  5
E308
330
1F
100
AcDbEntity
  8
Bathroom fixtures
100
AcDbLine
 39
0.0
 10
5093.9759
 20
513.9251
 30
0.0
 11
5093.9759
 21
523.9251
 31
0.0
  0
CIRCLE
  5
E309
330
1F
100
AcDbEntity
  8
Bathroom fixtures
100
AcDbCircle
 10
5112.7259
 20
520.4501
 30
0.0
 40
10.5
  0
ARC
  5
E30A
330
1F
100
AcDbEntity
  8
Bathroom fixtures
100
AcDbCircle
 10
5095.9759
 20
523.9251
 30
0.0
 40
2.0
100
AcDbArc
 50
90.0
 51
180.0
  0
LINE
  5
E30B
330
1F
100
AcDbEntity
  8
Bathroom fixtures
100
AcDbLine
 39
0.0
 10
5057.9759
 20
513.9251
 30
0.0
 11
5057.9759
 21
507.9251
 31
0.0
  0
SPLINE
  5
E30C
330
1F
100
AcDbEntity
  8
Bathroom fixtures
100
AcDbSpline
210
0.0
220
0.0
230
1.0
 70
     8
 71
     3
 72
    11
 73
     7
 74
     5
 42
0.0
 43
0.0
 44
0.0
 40
0.0
 40
0.0
 40
0.0
 40
0.0
 40
11.692
 40
32.5478
 40
78.9765
 40
93.5514
 40
93.5514
 40
93.5514
 40
93.5514
 10
5011.4759
 20
532.9263
 30
0.0
 10
5015.3593
 20
533.7683
 30
0.0
 10
5026.1697
 20
536.1122
 30
0.0
 10
5051.0116
 20
525.1588
 30
0.0
 10
5084.6797
 20
542.3152
 30
0.0
 10
5086.2359
 20
562.9863
 30
0.0
 10
5086.6077
 20
567.9251
 30
0.0
 11
5011.4759
 21
532.9263
 31
0.0
 11
5023.0522
 21
534.5673
 31
0.0
 11
5043.5932
 21
530.957
 31
0.0
 11
5084.1489
 21
553.559
 31
0.0
 11
5086.6077
 21
567.9251
 31
0.0
  0
LINE
  5
E347
330
1F
100
AcDbEntity
  8
Bathroom fixtures
100
AcDbLine
 39
0.0
 10
5077.4759
 20
767.4251
 30
0.0
 11
5077.4759
 21
758.4251
 31
0.0
  0
LINE
  5
E348
330
1F
100
AcDbEntity
  8
Bathroom fixtures
100
AcDbLine
 39
0.0
 10
5077.4759
 20
767.4251
 30
0.0
 11
5101.4759
 21
767.4251
 31
0.0
  0
LINE
  5
E349
330
1F
100
AcDbEntity
  8
Bathroom fixtures
100
AcDbLine
 39
0.0
 10
5051.4759
 20
755.4251
 30
0.0
 11
5074.4759
 21
755.4251
 31
0.0
  0
INSERT
  5
E34A
330
1F
100
AcDbEntity
  8
Bathroom fixtures
100
AcDbBlockReference
  2
zd
 10
5089.3413
 20
717.2883
 30
0.0
 41
0.04
 42
0.04
 43
0.04
 50
90.0
 70
     0
 71
     0
 44
0.0
 45
0.0
  0
LINE
  5
E34B
330
1F
100
AcDbEntity
  8
Bathroom fixtures
100
AcDbLine
 39
0.0
 10
5103.4759
 20
769.4251
 30
0.0
 11
5103.4759
 21
776.4251
 31
0.0
  0
ARC
  5
E34C
330
1F
100
AcDbEntity
  8
Bathroom fixtures
100
AcDbCircle
 10
5074.4759
 20
758.4251
 30
0.0
 40
3.0
100
AcDbArc
 50
270.0
 51
0.0
  0
CIRCLE
  5
E34D
330
1F
100
AcDbEntity
  8
Bathroom fixtures
100
AcDbCircle
 10
5064.5698
 20
764.8914
 30
0.0
 40
7.2632
  0
ARC
  5
E34E
330
1F
100
AcDbEntity
  8
Bathroom fixtures
100
AcDbCircle
 10
5101.4759
 20
769.4251
 30
0.0
 40
2.0
100
AcDbArc
 50
270.0
 51
0.0
  0
LINE
  5
E34F
330
1F
100
AcDbEntity
  8
Bathroom fixtures
100
AcDbLine
 39
0.0
 10
5051.4759
 20
755.4251
 30
0.0
 11
5047.4759
 21
755.4251
 31
0.0
  0
LINE
  5
E350
330
1F
100
AcDbEntity
  8
Bathroom fixtures
100
AcDbLine
 39
0.0
 10
5051.4759
 20
755.4251
 30
0.0
 11
5051.4759
 21
776.4251
 31
0.0
  0
LINE
  5
E36B
330
1F
100
AcDbEntity
  8
Bathroom fixtures
100
AcDbLine
 39
0.0
 10
5049.4759
 20
755.4251
 30
0.0
 11
5049.4759
 21
776.4251
 31
0.0
  0
MTEXT
  5
E36C
330
1F
100
AcDbEntity
  8
TXT
100
AcDbMText
 10
4682.1994
 20
201.9813
 30
0.0
 40
9.0
 41
52873.6116
 50
0.0
 46
0.0
 71
     8
 72
     5
  1
{\fArial Narrow|b0|i0|c0|p34;\LGROUND FLOOR PLAN\Poption-1}
 73
     1
 44
1.0
 90
        0
 75
     0
 78
     0
 79
     0
 48
0.0
 49
0.0
  0
DIMENSION
  5
E388
330
1F
100
AcDbEntity
  8
wall
100
AcDbDimension
  2
*D377
 10
5153.2943
 20
437.4251
 30
0.0
 11
5153.2943
 21
377.4171
 31
0.0
 70
     0
  1

 71
     5
 42
150.0
 73
     0
 74
     0
 75
     0
 53
0.0
  3
ISO-25
100
AcDbAlignedDimension
 13
5146.4759
 23
287.4251
 33
0.0
 14
5140.4759
 24
437.4251
 34
0.0
 50
90.0
100
AcDbRotatedDimension
  0
DIMENSION
  5
E3D4
102
{ACAD_REACTORS
330
E3ED
102
}
102
{ACAD_XDICTIONARY
360
E3E2
102
}
330
1F
100
AcDbEntity
  8
wall
100
AcDbDimension
  2
*D378
 10
5187.4002
 20
437.4251
 30
0.0
 11
5187.4002
 21
419.9251
 31
0.0
 70
     0
  1

 71
     5
 42
35.0
 73
     0
 74
     0
 75
     0
 53
0.0
  3
ISO-25
100
AcDbAlignedDimension
 13
5192.4759
 23
402.4251
 33
0.0
 14
5192.4759
 24
437.4251
 34
0.0
 50
90.0
100
AcDbRotatedDimension
  0
ENDSEC
  0
SECTION
  2
OBJECTS
  0
DICTIONARY
  5
C
330
0
100
AcDbDictionary
280
     0
281
     1
  3
ACAD_COLOR
350
6B
  3
ACAD_GROUP
350
D
  3
ACAD_IMAGE_VARS
350
E4FF
  3
ACAD_LAYOUT
350
1A
  3
ACAD_MATERIAL
350
6A
  3
ACAD_MLEADERSTYLE
350
12D
  3
ACAD_MLINESTYLE
350
17
  3
ACAD_PLOTSETTINGS
350
19
  3
ACAD_PLOTSTYLENAME
350
E
  3
ACAD_SCALELIST
350
10C
  3
ACAD_TABLESTYLE
350
7E
  3
ACAD_VISUALSTYLE
350
EF
  3
ACDB_RECOMPOSE_DATA
350
E502
  3
AcDbVariableDictionary
350
5E
  3
APPDATA
350
E4FE
  0
DICTIONARY
  5
EEF
330
2
100
AcDbDictionary
280
     1
281
     1
  3
ACAD_LAYERFILTERS
360
1F44
  3
ACAD_LAYERSTATES
360
10F3
  3
ACLYDICTIONARY
360
1F43
  0
DICTIONARY
  5
13C
330
10
100
AcDbDictionary
280
     1
281
     1
  3
ADSK_XREC_LAYER_RECONCILED
360
2FB
  0
DICTIONARY
  5
1CC
330
1F
100
AcDbDictionary
280
     1
281
     1
  3
ACAD_SORTENTS
360
1179
  0
DICTIONARY
  5
110F
330
10F4
100
AcDbDictionary
280
     1
281
     1
  3
ACAD_SORTENTS
360
1110
  0
DICTIONARY
  5
C92D
330
C92C
100
AcDbDictionary
280
     1
281
     1
  3
ACAD_SORTENTS
360
C92E
  0
DICTIONARY
  5
CCD0
330
CCCF
100
AcDbDictionary
280
     1
281
     1
  3
ACAD_DIMASSOC
360
CCD1
  0
DICTIONARY
  5
CCD3
330
CCD2
100
AcDbDictionary
280
     1
281
     1
  3
ACAD_DIMASSOC
360
CCD4
  0
DICTIONARY
  5
CCE2
330
CCE1
100
AcDbDictionary
280
     1
281
     1
  3
ACAD_DIMASSOC
360
CCE3
  0
DICTIONARY
  5
CCE5
330
CCE4
100
AcDbDictionary
280
     1
281
     1
  3
ACAD_DIMASSOC
360
CCE6
  0
DICTIONARY
  5
CCE8
330
CCE7
100
AcDbDictionary
280
     1
281
     1
  3
ACAD_DIMASSOC
360
CCE9
  0
DICTIONARY
  5
CCEB
330
CCEA
100
AcDbDictionary
280
     1
281
     1
  3
ACAD_DIMASSOC
360
CCEC
  0
DICTIONARY
  5
CCEE
330
CCED
100
AcDbDictionary
280
     1
281
     1
  3
ACAD_DIMASSOC
360
CCEF
  0
DICTIONARY
  5
CCF1
330
CCF0
100
AcDbDictionary
280
     1
281
     1
  3
ACAD_DIMASSOC
360
CCF2
  0
DICTIONARY
  5
CCF4
330
CCF3
100
AcDbDictionary
280
     1
281
     1
  3
ACAD_DIMASSOC
360
CCF5
  0
DICTIONARY
  5
CCF7
330
CCF6
100
AcDbDictionary
280
     1
281
     1
  3
ACAD_DIMASSOC
360
CCF8
  0
DICTIONARY
  5
CCFD
330
CCFC
100
AcDbDictionary
280
     1
281
     1
  3
ACAD_DIMASSOC
360
CCFE
  0
DICTIONARY
  5
CD00
330
CCFF
100
AcDbDictionary
280
     1
281
     1
  3
ACAD_DIMASSOC
360
CD01
  0
DICTIONARY
  5
CD05
330
CD04
100
AcDbDictionary
280
     1
281
     1
  3
ACAD_DIMASSOC
360
CD06
  0
DICTIONARY
  5
CD08
330
CD07
100
AcDbDictionary
280
     1
281
     1
  3
ACAD_DIMASSOC
360
CD09
  0
DICTIONARY
  5
CD0B
330
CD0A
100
AcDbDictionary
280
     1
281
     1
  3
ACAD_DIMASSOC
360
CD0C
  0
DICTIONARY
  5
CD0E
330
CD0D
100
AcDbDictionary
280
     1
281
     1
  3
ACAD_DIMASSOC
360
CD0F
  0
DICTIONARY
  5
CD11
330
CD10
100
AcDbDictionary
280
     1
281
     1
  3
ACAD_DIMASSOC
360
CD12
  0
DICTIONARY
  5
CD27
330
CD26
100
AcDbDictionary
280
     1
281
     1
  3
ACAD_DIMASSOC
360
CD28
  0
DICTIONARY
  5
CFA0
330
CF9F
100
AcDbDictionary
280
     1
281
     1
  3
ACAD_DIMASSOC
360
CFA1
  0
DICTIONARY
  5
CFA3
330
CFA2
100
AcDbDictionary
280
     1
281
     1
  3
ACAD_DIMASSOC
360
CFA4
  0
DICTIONARY
  5
CFA9
330
CFA8
100
AcDbDictionary
280
     1
281
     1
  3
ACAD_DIMASSOC
360
CFAA
  0
DICTIONARY
  5
CFAC
330
CFAB
100
AcDbDictionary
280
     1
281
     1
  3
ACAD_DIMASSOC
360
CFAD
  0
DICTIONARY
  5
CFB1
330
CFB0
100
AcDbDictionary
280
     1
281
     1
  3
ACAD_DIMASSOC
360
CFB2
  0
DICTIONARY
  5
DC79
330
DC6B
100
AcDbDictionary
280
     1
281
     1
  3
ACAD_DIMASSOC
360
DC84
  0
DICTIONARY
  5
DCF9
330
DCEB
100
AcDbDictionary
280
     1
281
     1
  3
ACAD_DIMASSOC
360
DD04
  0
DICTIONARY
  5
DD24
330
DD16
100
AcDbDictionary
280
     1
281
     1
  3
ACAD_DIMASSOC
360
DD2F
  0
DICTIONARY
  5
DD9A
330
DD8C
100
AcDbDictionary
280
     1
281
     1
  3
ACAD_DIMASSOC
360
DDA5
  0
DICTIONARY
  5
DDD5
330
DDD4
100
AcDbDictionary
280
     1
281
     1
  3
ACAD_DIMASSOC
360
DDD6
  0
DICTIONARY
  5
E0CD
330
E0BF
100
AcDbDictionary
280
     1
281
     1
  3
ACAD_DIMASSOC
360
E0D8
  0
DICTIONARY
  5
E0E7
330
E0D9
100
AcDbDictionary
280
     1
281
     1
  3
ACAD_DIMASSOC
360
E0F2
  0
DICTIONARY
  5
E115
330
E107
100
AcDbDictionary
280
     1
281
     1
  3
ACAD_DIMASSOC
360
E120
  0
DICTIONARY
  5
E20B
330
E1FD
100
AcDbDictionary
280
     1
281
     1
  3
ACAD_DIMASSOC
360
E216
  0
DICTIONARY
  5
E225
330
E217
100
AcDbDictionary
280
     1
281
     1
  3
ACAD_DIMASSOC
360
E230
  0
DICTIONARY
  5
E23F
330
E231
100
AcDbDictionary
280
     1
281
     1
  3
ACAD_DIMASSOC
360
E24A
  0
DICTIONARY
  5
E26D
330
E25F
100
AcDbDictionary
280
     1
281
     1
  3
ACAD_DIMASSOC
360
E278
  0
DICTIONARY
  5
E287
330
E279
100
AcDbDictionary
280
     1
281
     1
  3
ACAD_DIMASSOC
360
E292
  0
DICTIONARY
  5
E2A1
330
E293
100
AcDbDictionary
280
     1
281
     1
  3
ACAD_DIMASSOC
360
E2AC
  0
DICTIONARY
  5
E2BB
330
E2AD
100
AcDbDictionary
280
     1
281
     1
  3
ACAD_DIMASSOC
360
E2C6
  0
DICTIONARY
  5
E2D5
330
E2C7
100
AcDbDictionary
280
     1
281
     1
  3
ACAD_DIMASSOC
360
E2E0
  0
DICTIONARY
  5
E3E2
330
E3D4
100
AcDbDictionary
280
     1
281
     1
  3
ACAD_DIMASSOC
360
E3ED
  0
DICTIONARY
  5
167D
330
167C
100
AcDbDictionary
280
     1
281
     1
  3
ASDK_XREC_ANNOTATION_SCALE_INFO
360
167E
  0
DICTIONARY
  5
1681
330
1680
100
AcDbDictionary
280
     1
281
     1
  3
ASDK_XREC_ANNOTATION_SCALE_INFO
360
1682
  0
DICTIONARY
  5
6B
102
{ACAD_REACTORS
330
C
102
}
330
C
100
AcDbDictionary
280
     0
281
     1
  0
DICTIONARY
  5
D
102
{ACAD_REACTORS
330
C
102
}
330
C
100
AcDbDictionary
280
     0
281
     1
  0
DICTIONARY
  5
1A
102
{ACAD_REACTORS
330
C
102
}
330
C
100
AcDbDictionary
280
     0
281
     1
  3
Layout1
350
D3
  3
Layout2
350
D7
  3
Model
350
22
  0
DICTIONARY
  5
6A
102
{ACAD_REACTORS
330
C
102
}
330
C
100
AcDbDictionary
280
     0
281
     1
  3
ByBlock
350
ED
  3
ByLayer
350
EC
  3
Global
350
EE
  0
DICTIONARY
  5
12D
102
{ACAD_REACTORS
330
C
102
}
330
C
100
AcDbDictionary
280
     0
281
     1
  3
Standard
350
12E
  0
DICTIONARY
  5
17
102
{ACAD_REACTORS
330
C
102
}
330
C
100
AcDbDictionary
280
     0
281
     1
  3
Standard
350
18
  0
DICTIONARY
  5
19
102
{ACAD_REACTORS
330
C
102
}
330
C
100
AcDbDictionary
280
     0
281
     1
  0
DICTIONARY
  5
10C
102
{ACAD_REACTORS
330
C
102
}
330
C
100
AcDbDictionary
280
     0
281
     1
  3
A0
350
10D
  3
A1
350
188
  3
A2
350
189
  3
A3
350
18A
  3
A4
350
18B
  3
A5
350
18C
  3
A6
350
18D
  3
A7
350
18E
  3
A8
350
18F
  3
A9
350
190
  3
B0
350
191
  3
B1
350
192
  3
B2
350
193
  3
B3
350
194
  3
B4
350
195
  3
B5
350
196
  3
B6
350
197
  3
B7
350
198
  3
B8
350
199
  3
B9
350
19A
  3
C0
350
19B
  3
C1
350
19C
  3
C2
350
19D
  3
C3
350
19E
  3
C4
350
19F
  3
C5
350
1A0
  3
C6
350
1A1
  3
C7
350
1A2
  3
C8
350
1A3
  3
C9
350
1A4
  3
D0
350
1A5
  3
D1
350
1A6
  3
D2
350
1A7
  0
DICTIONARY
  5
7E
102
{ACAD_REACTORS
330
C
102
}
330
C
100
AcDbDictionary
280
     0
281
     1
  3
Standard
350
7F
  0
DICTIONARY
  5
EF
102
{ACAD_REACTORS
330
C
102
}
330
C
100
AcDbDictionary
280
     0
281
     1
  3
2dWireframe
350
F5
  3
3D Hidden
350
F7
  3
3dWireframe
350
F6
  3
Basic
350
F4
  3
Brighten
350
FB
  3
ColorChange
350
FF
  3
Conceptual
350
F8
  3
Dim
350
FA
  3
Facepattern
350
FE
  3
Flat
350
F0
  3
FlatWithEdges
350
F1
  3
Gouraud
350
F2
  3
GouraudWithEdges
350
F3
  3
Linepattern
350
FD
  3
Realistic
350
F9
  3
Thicken
350
FC
  0
DICTIONARY
  5
5E
102
{ACAD_REACTORS
330
C
102
}
330
C
100
AcDbDictionary
280
     0
281
     1
  3
CANNOSCALE
350
146
  3
CMLEADERSTYLE
350
145
  3
CTABLESTYLE
350
84
  3
DIMASSOC
350
5F
  3
HIDETEXT
350
63
  3
XCLIPFRAME
350
E503
  0
DICTIONARYVAR
  5
146
102
{ACAD_REACTORS
330
5E
102
}
330
5E
100
DictionaryVariables
280
     0
  1
1:1
  0
DICTIONARYVAR
  5
145
102
{ACAD_REACTORS
330
5E
102
}
330
5E
100
DictionaryVariables
280
     0
  1
Standard
  0
DICTIONARYVAR
  5
84
102
{ACAD_REACTORS
330
5E
102
}
330
5E
100
DictionaryVariables
280
     0
  1
Standard
  0
DICTIONARYVAR
  5
5F
102
{ACAD_REACTORS
330
5E
102
}
330
5E
100
DictionaryVariables
280
     0
  1
2
  0
DICTIONARYVAR
  5
63
102
{ACAD_REACTORS
330
5E
102
}
330
5E
100
DictionaryVariables
280
     0
  1
1
  0
DICTIONARYVAR
  5
E503
102
{ACAD_REACTORS
330
5E
102
}
330
5E
100
DictionaryVariables
280
     0
  1
0
  0
DICTIONARY
  5
E4FE
102
{ACAD_REACTORS
330
C
102
}
330
C
100
AcDbDictionary
280
     0
281
     1
  0
DICTIONARY
  5
1F44
102
{ACAD_REACTORS
330
EEF
102
}
330
EEF
100
AcDbDictionary
280
     0
281
     1
  0
DICTIONARY
  5
10F3
102
{ACAD_REACTORS
330
EEF
102
}
330
EEF
100
AcDbDictionary
280
     0
281
     1
  0
DICTIONARY
  5
1F43
102
{ACAD_REACTORS
330
EEF
102
}
330
EEF
100
AcDbDictionary
280
     0
281
     1
1001
ACAD
1000
<All
  0
DICTIONARY
  5
168A
330
D3
100
AcDbDictionary
280
     1
281
     1
  3
ADSK_XREC_LAYOUTTHUMBNAIL
360
168B
  0
DICTIONARY
  5
E500
330
7F
100
AcDbDictionary
280
     1
281
     1
  3
ACAD_ROUNDTRIP_2008_TABLESTYLE_CELLSTYLEMAP
360
E501
  0
RASTERVARIABLES
  5
E4FF
102
{ACAD_REACTORS
330
C
102
}
330
C
100
AcDbRasterVariables
 90
        0
 70
     1
 71
     1
 72
     5
  0
ACDBDICTIONARYWDFLT
  5
E
102
{ACAD_REACTORS
330
C
102
}
330
C
100
AcDbDictionary
280
     0
281
     1
  3
Normal
350
F
100
AcDbDictionaryWithDefault
340
F
  0
XRECORD
  5
E502
102
{ACAD_REACTORS
330
C
102
}
330
C
100
AcDbXrecord
280
     1
 90
        1
330
7F
  0
XRECORD
  5
2FB
102
{ACAD_REACTORS
330
13C
102
}
330
13C
100
AcDbXrecord
280
     1
290
     1
  0
SORTENTSTABLE
  5
1179
102
{ACAD_REACTORS
330
1CC
102
}
330
1CC
100
AcDbSortentsTable
330
1F
331
0
  5
73E9
331
1114
  5
24D5
331
CBC9
  5
CBC9
331
CBCA
  5
CBCA
331
CBCB
  5
CBCB
331
CBCC
  5
CBCC
331
CBCD
  5
CBCD
331
CBCE
  5
CBCE
331
CBCF
  5
CBCF
331
CBD0
  5
CBD0
331
CBD1
  5
CBD1
331
CBD2
  5
CBD2
331
CBD3
  5
CBD3
331
CBD4
  5
CBD4
331
CBD5
  5
CBD5
331
CBD6
  5
CBD6
331
CBD7
  5
CBD7
331
CBD8
  5
CBD8
331
CBD9
  5
CBD9
331
CBDA
  5
CBDA
331
CBDB
  5
CBDB
331
CBDC
  5
CBDC
331
CBDD
  5
CBDD
331
CBDE
  5
CBDE
331
CBDF
  5
CBDF
331
CBE0
  5
CBE0
331
CBE1
  5
CBE1
331
CBE2
  5
CBE2
331
CBE3
  5
CBE3
331
CBE4
  5
CBE4
331
CBE5
  5
CBE5
331
CBE6
  5
CBE6
331
CBE7
  5
CBE7
331
CBE8
  5
CBE8
331
CBE9
  5
CBE9
331
CBEA
  5
CBEA
331
CBEB
  5
CBEB
331
CBEC
  5
CBEC
331
CBED
  5
CBED
331
CBEE
  5
CBEE
331
CBEF
  5
CBEF
331
CBF0
  5
CBF0
331
CBF1
  5
CBF1
331
CBF2
  5
CBF2
331
CBF3
  5
CBF3
331
CBF4
  5
CBF4
331
CBF5
  5
CBF5
331
CBF6
  5
CBF6
331
CBF7
  5
CBF7
331
CBF8
  5
CBF8
331
CBF9
  5
CBF9
331
CBFA
  5
CBFA
331
CBFB
  5
CBFB
331
CBFC
  5
CBFC
331
CBFD
  5
CBFD
331
CBFE
  5
CBFE
331
CBFF
  5
CBFF
331
CC00
  5
CC00
331
CC01
  5
CC01
331
CC02
  5
CC02
331
CC03
  5
CC03
331
CC04
  5
CC04
331
CC05
  5
CC05
331
CC06
  5
CC06
331
CC07
  5
CC07
331
CC08
  5
CC08
331
CC09
  5
CC09
331
CC0A
  5
CC0A
331
CC0B
  5
CC0B
331
CC0C
  5
CC0C
331
CC0D
  5
CC0D
331
CC0E
  5
CC0E
331
CC0F
  5
CC0F
331
CC10
  5
CC10
331
CC11
  5
CC11
331
CC12
  5
CC12
331
CC13
  5
CC13
331
CC14
  5
CC14
331
CC15
  5
CC15
331
CC16
  5
CC16
331
CC17
  5
CC17
331
CC18
  5
CC18
331
CC19
  5
CC19
331
CC1A
  5
CC1A
331
CC1B
  5
CC1B
331
CC1C
  5
CC1C
331
CC1D
  5
CC1D
331
CC1E
  5
CC1E
331
CC1F
  5
CC1F
331
CC20
  5
CC20
331
CC21
  5
CC21
331
CC22
  5
CC22
331
CC23
  5
CC23
331
CC24
  5
CC24
331
CC25
  5
CC25
331
CC26
  5
CC26
331
CC27
  5
CC27
331
CC28
  5
CC28
331
CC29
  5
CC29
331
CC2A
  5
CC2A
331
CC2B
  5
CC2B
331
CC2C
  5
CC2C
331
CC2D
  5
CC2D
331
CC2E
  5
CC2E
331
CC2F
  5
CC2F
331
CC30
  5
CC30
331
CC31
  5
CC31
331
CC32
  5
CC32
331
CC33
  5
CC33
331
CC34
  5
CC34
331
CC35
  5
CC35
331
CC36
  5
CC36
331
CC37
  5
CC37
331
CC38
  5
CC38
331
CC39
  5
CC39
331
CC3A
  5
CC3A
331
CC3B
  5
CC3B
331
CC3C
  5
CC3C
331
CC3D
  5
CC3D
331
CC3E
  5
CC3E
331
CC3F
  5
CC3F
331
CC40
  5
CC40
331
CC41
  5
CC41
331
CC42
  5
CC42
331
CC43
  5
CC43
331
CC44
  5
CC44
331
CC45
  5
CC45
331
CC46
  5
CC46
331
CC47
  5
CC47
331
CC48
  5
CC48
331
CC49
  5
CC49
331
CC4A
  5
CC4A
331
CC4B
  5
CC4B
331
CC4C
  5
CC4C
331
CC4D
  5
CC4D
331
CC4E
  5
CC4E
331
CC4F
  5
CC4F
331
CC50
  5
CC50
331
CC51
  5
CC51
331
CC52
  5
CC52
331
CC53
  5
CC53
331
CC54
  5
CC54
331
CC55
  5
CC55
331
CC56
  5
CC56
331
CC57
  5
CC57
331
CC58
  5
CC58
331
CC59
  5
CC59
331
CC5A
  5
CC5A
331
CC5B
  5
CC5B
331
CC5C
  5
CC5C
331
CC5D
  5
CC5D
331
CC5E
  5
CC5E
331
CC5F
  5
CC5F
331
CC60
  5
CC60
331
CC61
  5
CC61
331
CC62
  5
CC62
331
CC63
  5
CC63
331
CC64
  5
CC64
331
CC65
  5
CC65
331
CC66
  5
CC66
331
CC67
  5
CC67
331
CC68
  5
CC68
331
CC69
  5
CC69
331
CC6A
  5
CC6A
331
CC6B
  5
CC6B
331
CC6C
  5
CC6C
331
CC6D
  5
CC6D
331
CC6E
  5
CC6E
331
CC6F
  5
CC6F
331
CC70
  5
CC70
331
CC71
  5
CC71
331
CC72
  5
CC72
331
CC73
  5
CC73
331
CC74
  5
CC74
331
CC75
  5
CC75
331
CC76
  5
CC76
331
CC77
  5
CC77
331
CC78
  5
CC78
331
CC79
  5
CC79
331
CC7A
  5
CC7A
331
CC7B
  5
CC7B
331
CC7C
  5
CC7C
331
CC7D
  5
CC7D
331
CC7E
  5
CC7E
331
CC7F
  5
CC7F
331
CC80
  5
CC80
331
CC81
  5
CC81
331
CC82
  5
CC82
331
CC83
  5
CC83
331
CC84
  5
CC84
331
CC85
  5
CC85
331
CC86
  5
CC86
331
CC87
  5
CC87
331
CC88
  5
CC88
331
CC89
  5
CC89
331
CC8A
  5
CC8A
331
CC8B
  5
CC8B
331
CC8C
  5
CC8C
331
CC8D
  5
CC8D
331
CC8E
  5
CC8E
331
CC8F
  5
CC8F
331
CC90
  5
CC90
331
CC91
  5
CC91
331
CC92
  5
CC92
331
CC93
  5
CC93
331
CC94
  5
CC94
331
CC95
  5
CC95
331
CC96
  5
CC96
331
CC97
  5
CC97
331
CC98
  5
CC98
331
CC99
  5
CC99
331
CC9A
  5
CC9A
331
CC9B
  5
CC9B
331
CC9C
  5
CC9C
331
CC9D
  5
CC9D
331
CC9E
  5
CC9E
331
CC9F
  5
CC9F
331
CCA0
  5
CCA0
331
CCA1
  5
CCA1
331
CCA2
  5
CCA2
331
CCA3
  5
CCA3
331
CCA4
  5
CCA4
331
CCA5
  5
CCA5
331
CCA6
  5
CCA6
331
CCA7
  5
CCA7
331
CCA8
  5
CCA8
331
CCA9
  5
CCA9
331
CCAA
  5
CCAA
331
CCAB
  5
CCAB
331
CCAC
  5
CCAC
331
CCAD
  5
CCAD
331
CCAE
  5
CCAE
331
CCAF
  5
CCAF
331
CCB0
  5
CCB0
331
CCB1
  5
CCB1
331
CCB2
  5
CCB2
331
CCB3
  5
CCB3
331
CCB4
  5
CCB4
331
CCB5
  5
CCB5
331
CCB6
  5
CCB6
331
CCB7
  5
CCB7
331
CCB8
  5
CCB8
331
CCB9
  5
CCB9
331
CCBA
  5
CCBA
331
CCBB
  5
CCBB
331
CCBC
  5
CCBC
331
CCBD
  5
CCBD
331
CCBE
  5
CCBE
331
CCBF
  5
CCBF
331
CCC0
  5
CCC0
331
CCC1
  5
CCC1
331
CCC2
  5
CCC2
331
CCC3
  5
CCC3
331
CCC4
  5
CCC4
331
CCC5
  5
CCC5
331
CCC6
  5
CCC6
331
CCC7
  5
CCC7
331
CCC8
  5
CCC8
331
CCC9
  5
CCC9
331
CCCA
  5
CCCA
331
CCCB
  5
CCCB
331
CCCC
  5
CCCC
331
CCCD
  5
CCCD
331
CCCE
  5
CCCE
331
CCCF
  5
CCCF
331
CCD2
  5
CCD2
331
CCD5
  5
CCD5
331
CCD6
  5
CCD6
331
CCD7
  5
CCD7
331
CCD8
  5
CCD8
331
CCD9
  5
CCD9
331
CCDA
  5
CCDA
331
CCDB
  5
CCDB
331
CCDC
  5
CCDC
331
CCDD
  5
CCDD
331
CCDE
  5
CCDE
331
CCDF
  5
CCDF
331
CCE0
  5
CCE0
331
CCE1
  5
CCE1
331
CCE4
  5
CCE4
331
CCE7
  5
CCE7
331
CCEA
  5
CCEA
331
CCED
  5
CCED
331
CCF0
  5
CCF0
331
CCF3
  5
CCF3
331
CCF6
  5
CCF6
331
CCF9
  5
CCF9
331
CCFA
  5
CCFA
331
CCFB
  5
CCFB
331
CCFC
  5
CCFC
331
CCFF
  5
CCFF
331
CD02
  5
CD02
331
CD03
  5
CD03
331
CD04
  5
CD04
331
CD07
  5
CD07
331
CD0A
  5
CD0A
331
CD0D
  5
CD0D
331
CD10
  5
CD10
331
CD13
  5
CD13
331
CD14
  5
CD14
331
CD15
  5
CD15
331
CD16
  5
CD16
331
CD17
  5
CD17
331
CD18
  5
CD18
331
CD19
  5
CD19
331
CD1A
  5
CD1A
331
CD1B
  5
CD1B
331
CD1C
  5
CD1C
331
CD1D
  5
CD1D
331
CD1E
  5
CD1E
331
CD1F
  5
CD1F
331
CD20
  5
CD20
331
CD21
  5
CD21
331
CD22
  5
CD22
331
CD23
  5
CD23
331
CD24
  5
CD24
331
CD25
  5
CD25
331
CD26
  5
CD26
331
CE75
  5
CE75
331
CE76
  5
CE76
331
CE7B
  5
CE90
331
CE7C
  5
CE91
331
CE7D
  5
CE92
331
CE7E
  5
CE93
331
CE80
  5
CEA2
331
CE87
  5
CEA7
331
CE8A
  5
CEA8
331
CE8B
  5
CEA9
331
CE8C
  5
CEAA
331
CE8D
  5
CEAB
331
CE8E
  5
CEB4
331
CE92
  5
CEB8
331
CE93
  5
CEB9
331
CE94
  5
CEBA
331
CE95
  5
CEBC
331
CE99
  5
CEC1
331
CE9E
  5
CECC
331
CE9F
  5
CECD
331
CEA0
  5
CEFB
331
CEA1
  5
CEFC
331
CEA2
  5
CEFD
331
CEA3
  5
CEFE
331
CEA4
  5
CEFF
331
CEA5
  5
CF00
331
CEA6
  5
CF01
331
CEA7
  5
CF02
331
CEA8
  5
CF03
331
CEA9
  5
CF04
331
CEAA
  5
CF05
331
CEAB
  5
CF06
331
CEAC
  5
CF07
331
CEAD
  5
CF08
331
CEAE
  5
CF09
331
CEAF
  5
CF0A
331
CEB0
  5
CF0B
331
CEB2
  5
CF0D
331
CEB3
  5
CF0E
331
CEB4
  5
CF0F
331
CEB5
  5
CF10
331
CEB6
  5
CF11
331
CEB8
  5
CF16
331
CEBB
  5
CF17
331
CEBC
  5
CF20
331
CEBD
  5
CF21
331
CEBE
  5
CF22
331
CEBF
  5
CF2D
331
CEC0
  5
CF2E
331
CEC1
  5
CF2F
331
CEC9
  5
CF99
331
CECA
  5
CFC0
331
CECB
  5
CFC1
331
CECC
  5
CFC2
331
CECD
  5
CFC9
331
CECE
  5
CFCA
331
CECF
  5
CFCB
331
CED0
  5
CFCD
331
CED1
  5
CFCF
331
CED2
  5
CFD0
331
CED3
  5
CFD1
331
CED4
  5
D12F
331
CED5
  5
D150
331
CED6
  5
D186
331
CEE8
  5
D187
331
CEFA
  5
D188
331
CEFB
  5
D189
331
CEFC
  5
D18A
331
CF03
  5
D18B
331
CF04
  5
D1A7
331
CF05
  5
D1A8
331
CF06
  5
D1A9
331
CF07
  5
D1C4
331
CF08
  5
D1C5
331
CF09
  5
D1C6
331
CF0C
  5
D2D8
331
CF0D
  5
D2DA
331
CF0E
  5
D2DB
331
CF0F
  5
D2DC
331
CF10
  5
D2DD
331
CF11
  5
D2DE
331
CF16
  5
D348
331
CF20
  5
D349
331
CF21
  5
D376
331
CF22
  5
D3B6
331
CF3F
  5
D485
331
CF40
  5
D486
331
CF41
  5
D489
331
CF9F
  5
D48A
331
CFA2
  5
D48B
331
CFA5
  5
D48C
331
CFA6
  5
D48D
331
CFA7
  5
D48E
331
CFA8
  5
D48F
331
CFAB
  5
D490
331
CFAE
  5
D491
331
CFAF
  5
D492
331
CFB0
  5
D493
331
CFBF
  5
D494
331
CFC0
  5
D495
331
CFC1
  5
D496
331
CFC2
  5
D497
331
CFC3
  5
D498
331
CFC4
  5
D499
331
CFC5
  5
D49A
331
CFC6
  5
D49B
331
CFC7
  5
D49C
331
CFC8
  5
D49D
331
CFC9
  5
D49E
331
CFCC
  5
D49F
331
CFCD
  5
D4A0
331
CFCE
  5
D4A1
331
CFCF
  5
D4A2
331
CFD0
  5
D98F
331
CFD1
  5
D990
331
D12F
  5
D991
331
D35C
  5
CEB5
331
D35D
  5
CEB7
331
D374
  5
D992
331
D375
  5
D995
331
D376
  5
D994
331
D6C3
  5
CED3
331
D738
  5
D99B
331
D739
  5
D99E
331
D73A
  5
D9A2
331
D755
  5
D9A5
331
D78B
  5
D9A7
331
D78D
  5
D9C0
331
D78E
  5
D9BD
331
D78F
  5
D9B6
331
D8A0
  5
D9B9
331
D8A1
  5
D9BB
331
D8BC
  5
D9DD
331
D8BD
  5
D9DE
331
D8BE
  5
D9DF
331
D8BF
  5
D9FA
331
D8DB
  5
D9BE
331
D912
  5
CEA1
331
D913
  5
CEE8
331
D914
  5
CEFA
331
D915
  5
D9B7
331
D916
  5
D9A8
331
D917
  5
D9A0
331
D918
  5
D9A1
331
D919
  5
CED6
331
D91A
  5
CED1
331
D91B
  5
D99C
331
D91C
  5
CED5
331
D91D
  5
CED0
331
D990
  5
D997
331
D991
  5
CECE
331
D992
  5
CED4
331
D993
  5
D9FB
331
D994
  5
D9FC
331
D995
  5
D9FD
331
D996
  5
DA19
331
D997
  5
DA1A
331
D998
  5
DA1B
331
D999
  5
DA1C
331
D99A
  5
DA1D
331
D99B
  5
DA1E
331
D99C
  5
DA1F
331
D99D
  5
DA20
331
D99E
  5
DA25
331
D99F
  5
CED2
331
D9A5
  5
DA27
331
D9A6
  5
DA28
331
D9A7
  5
DA29
331
D9A8
  5
DA2A
331
D9B5
  5
CE8F
331
D9B6
  5
DA2B
331
D9B7
  5
DA2C
331
D9B8
  5
DA2D
331
D9B9
  5
DA2F
331
D9BA
  5
CEB6
331
D9BB
  5
D993
331
D9BC
  5
DA30
331
D9BD
  5
DA31
331
D9BE
  5
DA32
331
D9C0
  5
DA33
331
D9DD
  5
DA34
331
D9DE
  5
DA35
331
D9DF
  5
DA36
331
D9FA
  5
DA37
331
D9FB
  5
DA38
331
DA1A
  5
CEC0
331
DA1B
  5
D998
331
DA1C
  5
D996
331
DA1D
  5
DA3A
331
DA1E
  5
DA3B
331
DA1F
  5
DA3C
331
DA20
  5
DA3D
331
DA23
  5
DA9B
331
DA24
  5
DA9A
331
DA27
  5
D9BC
331
DA28
  5
D9BA
331
DA29
  5
DA9C
331
DA2A
  5
DAB8
331
DA2B
  5
DAB9
331
DA2C
  5
DABA
331
DA2D
  5
DABB
331
DA2F
  5
DABC
331
DA30
  5
D9B8
331
DA31
  5
D9B5
331
DA32
  5
DABD
331
DA33
  5
DAC0
331
DA34
  5
DAC1
331
DA35
  5
DAC2
331
DA36
  5
DAC3
331
DA37
  5
DAC4
331
DA39
  5
DAC5
331
DA3A
  5
DAC7
331
DA3C
  5
DAC8
331
DA3D
  5
DAC9
331
DA9A
  5
DADE
331
DA9B
  5
DADF
331
DA9C
  5
CEC3
331
DAB8
  5
DAE0
331
DAB9
  5
DAE1
331
DABA
  5
DAE2
331
DABB
  5
DAE3
331
DABC
  5
DB32
331
DABD
  5
DB33
331
DABF
  5
DB4E
331
DAC0
  5
DB50
331
DAC1
  5
DB6A
331
DAC2
  5
DBAC
331
DAC3
  5
DBAD
331
DAC4
  5
DBAE
331
DAC5
  5
DBAF
331
DAC7
  5
DBB0
331
DAC8
  5
DBB1
331
DAC9
  5
DBB2
331
DADE
  5
DBB3
331
DADF
  5
DBB4
331
DAE0
  5
DBB5
331
DAE1
  5
DBB6
331
DAE2
  5
DBB7
331
DAE3
  5
DBB8
331
DB32
  5
DBB9
331
DB33
  5
DBBA
331
DB4E
  5
DBBB
331
DBAC
  5
DC3F
331
DBAD
  5
DC40
331
DBAE
  5
DC41
331
DBAF
  5
DC42
331
DBB0
  5
DC43
331
DBB1
  5
DC44
331
DBB2
  5
DC45
331
DBB3
  5
DC46
331
DBB4
  5
DC47
331
DBB5
  5
DC48
331
DBB6
  5
DC49
331
DBB7
  5
DC4A
331
DBB8
  5
DC4B
331
DBB9
  5
DC4C
331
DBBA
  5
DC4D
331
DBBB
  5
DC4E
331
DBBC
  5
DC50
331
DBBD
  5
DC6B
331
DC3F
  5
DCEB
331
DC40
  5
DD06
331
DC41
  5
DD07
331
DC42
  5
DD08
331
DC43
  5
DD0C
331
DC44
  5
DD0D
331
DC45
  5
DD0E
331
DC46
  5
DD0F
331
DC47
  5
DD10
331
DC48
  5
DD11
331
DC49
  5
DD12
331
DC4A
  5
DD13
331
DC4B
  5
DD14
331
DC4C
  5
DD15
331
DC4D
  5
DD16
331
DC4E
  5
DD8C
331
DC50
  5
DDA8
331
DC6B
  5
DDA9
331
DCEB
  5
DDC8
331
DD06
  5
DDC9
331
DD07
  5
DDCA
331
DD08
  5
DDCB
331
DD0C
  5
DDCC
331
DD0D
  5
DDCD
331
DD0E
  5
DDCE
331
DD0F
  5
DDCF
331
DD10
  5
DDD0
331
DD11
  5
DDD1
331
DD12
  5
DDD2
331
DD13
  5
DDD3
331
DD14
  5
DDD4
331
DD16
  5
DDD8
331
DD8C
  5
DDFA
331
DDA8
  5
DE19
331
DDA9
  5
DE34
331
DDC8
  5
DE35
331
DDC9
  5
DE36
331
DDCA
  5
DE37
331
DDCB
  5
DE38
331
DDCC
  5
DE39
331
DDCD
  5
DE3A
331
DDCE
  5
DE3B
331
DDCF
  5
DE3C
331
DDD0
  5
DE3D
331
DDD1
  5
DE3E
331
DDD2
  5
DE3F
331
DDD3
  5
DE56
331
DDD4
  5
DE71
331
DDD7
  5
DE72
331
DDD8
  5
DE73
331
DDFA
  5
DE74
331
DE19
  5
DE75
331
DE71
  5
DE81
331
DE72
  5
CEC4
331
DE73
  5
CEC5
331
DE82
  5
DECC
331
DE9D
  5
DECD
331
DE9E
  5
DECE
331
DEC0
  5
DECF
331
DEC9
  5
DED0
331
DECA
  5
DED1
331
DECB
  5
DED2
331
DECC
  5
DED3
331
DECD
  5
DED4
331
DECE
  5
DED5
331
DECF
  5
DEEB
331
DED0
  5
DEEC
331
DED1
  5
DEED
331
DED2
  5
DEEE
331
DED3
  5
DEEF
331
DED4
  5
DEF0
331
DED5
  5
DEF1
331
DEEB
  5
DEF2
331
DEEC
  5
DEF3
331
DEED
  5
DEF4
331
DEEE
  5
DEF5
331
DEEF
  5
DF4A
331
DEF0
  5
DF4B
331
DEF1
  5
DF4D
331
DEF2
  5
E017
331
DEF3
  5
E063
331
DEF4
  5
E064
331
DEF5
  5
E065
331
DF4A
  5
E066
331
DF4B
  5
E067
331
E016
  5
E068
331
E017
  5
E069
331
E063
  5
CF2B
331
E064
  5
CF2C
331
E065
  5
CF9C
331
E066
  5
CF9F
331
E067
  5
CFB9
331
E068
  5
CFBC
331
E069
  5
CFBF
331
E088
  5
E089
331
E089
  5
E087
  0
SORTENTSTABLE
  5
1110
102
{ACAD_REACTORS
330
110F
102
}
330
110F
100
AcDbSortentsTable
330
10F4
  0
SORTENTSTABLE
  5
C92E
102
{ACAD_REACTORS
330
C92D
102
}
330
C92D
100
AcDbSortentsTable
330
C92C
  0
DIMASSOC
  5
CCD1
102
{ACAD_REACTORS
330
CCD0
102
}
330
CCD0
100
AcDbDimAssoc
330
CCCF
 90
        3
 70
     0
 71
     0
  1
AcDbOsnapPointRef
 72
    13
331
CC97
 73
     2
 91
        1
301

 40
0.0
 10
0.0
 20
0.0
 30
200000000000000000000000000000000000000000000000000.0
 74
     0
 92
        0
302

 75
     0
  1
AcDbOsnapPointRef
 72
     1
331
CC97
 73
     2
 91
        1
301

 40
1.0
 10
0.0
 20
0.0
 30
200000000000000000000000000000000000000000000000000.0
 74
     0
 92
        0
302

 75
     0
  0
DIMASSOC
  5
CCD4
102
{ACAD_REACTORS
330
CCD3
102
}
330
CCD3
100
AcDbDimAssoc
330
CCD2
 90
        3
 70
     0
 71
     0
  1
AcDbOsnapPointRef
 72
    13
331
CC97
 73
     2
 91
        1
301

 40
0.0
 10
0.0
 20
0.0
 30
200000000000000000000000000000000000000000000000000.0
 74
     0
 92
        0
302

 75
     0
  1
AcDbOsnapPointRef
 72
     1
331
CC97
 73
     2
 91
        3
301

 40
1.0
 10
0.0
 20
0.0
 30
200000000000000000000000000000000000000000000000000.0
 74
     0
 92
        0
302

 75
     0
  0
DIMASSOC
  5
CCE3
102
{ACAD_REACTORS
330
CCE2
102
}
330
CCE2
100
AcDbDimAssoc
330
CCE1
 90
        3
 70
     0
 71
     0
  1
AcDbOsnapPointRef
 72
     1
331
CBED
 73
     2
 91
        0
301

 40
1.0
 10
0.0
 20
0.0
 30
200000000000000000000000000000000000000000000000000.0
 74
     0
 92
        0
302

 75
     0
  1
AcDbOsnapPointRef
 72
     1
331
CC3E
 73
     2
 91
        1
301

 40
1.0
 10
0.0
 20
0.0
 30
200000000000000000000000000000000000000000000000000.0
 74
     0
 92
        0
302

 75
     0
  0
DIMASSOC
  5
CCE6
102
{ACAD_REACTORS
330
CCE5
102
}
330
CCE5
100
AcDbDimAssoc
330
CCE4
 90
        1
 70
     0
 71
     0
  1
AcDbOsnapPointRef
 72
    13
331
CC4B
 73
     2
 91
        1
301

 40
0.0
 10
0.0
 20
0.0
 30
200000000000000000000000000000000000000000000000000.0
 74
     0
 92
        0
302

 75
     0
  0
DIMASSOC
  5
CCE9
102
{ACAD_REACTORS
330
CCE8
102
}
330
CCE8
100
AcDbDimAssoc
330
CCE7
 90
        3
 70
     0
 71
     0
  1
AcDbOsnapPointRef
 72
    13
331
CBD6
 73
     2
 91
        0
301

 40
0.0
 10
0.0
 20
0.0
 30
200000000000000000000000000000000000000000000000000.0
 74
     0
 92
        0
302

 75
     0
  1
AcDbOsnapPointRef
 72
    13
331
CBD3
 73
     2
 91
        0
301

 40
0.0
 10
0.0
 20
0.0
 30
200000000000000000000000000000000000000000000000000.0
 74
     0
 92
        0
302

 75
     0
  0
DIMASSOC
  5
CCEC
102
{ACAD_REACTORS
330
CCEB
102
}
330
CCEB
100
AcDbDimAssoc
330
CCEA
 90
        3
 70
     0
 71
     0
  1
AcDbOsnapPointRef
 72
     1
331
CBE7
 73
     2
 91
        0
301

 40
1.0
 10
0.0
 20
0.0
 30
200000000000000000000000000000000000000000000000000.0
 74
     0
 92
        0
302

 75
     0
  1
AcDbOsnapPointRef
 72
     8
331
CBD1
 73
     2
 91
        0
301

 40
0.0
 10
0.0
 20
0.0
 30
0.0
 74
     0
 92
        0
302

 75
     1
  1
AcDbOsnapPointRef
 72
     1
331
CBE7
 73
     2
 91
        0
301

 40
1.0
 10
0.0
 20
0.0
 30
200000000000000000000000000000000000000000000000000.0
 74
     0
 92
        0
302

 75
     0
  0
DIMASSOC
  5
CCEF
102
{ACAD_REACTORS
330
CCEE
102
}
330
CCEE
100
AcDbDimAssoc
330
CCED
 90
        3
 70
     0
 71
     0
  1
AcDbOsnapPointRef
 72
     1
331
CBED
 73
     2
 91
        0
301

 40
1.0
 10
0.0
 20
0.0
 30
200000000000000000000000000000000000000000000000000.0
 74
     0
 92
        0
302

 75
     0
  1
AcDbOsnapPointRef
 72
    13
331
CC38
 73
     2
 91
        0
301

 40
0.0
 10
0.0
 20
0.0
 30
200000000000000000000000000000000000000000000000000.0
 74
     0
 92
        0
302

 75
     0
  0
DIMASSOC
  5
CCF2
102
{ACAD_REACTORS
330
CCF1
102
}
330
CCF1
100
AcDbDimAssoc
330
CCF0
 90
        3
 70
     0
 71
     0
  1
AcDbOsnapPointRef
 72
    13
331
CC35
 73
     2
 91
        0
301

 40
0.0
 10
0.0
 20
0.0
 30
200000000000000000000000000000000000000000000000000.0
 74
     0
 92
        0
302

 75
     0
  1
AcDbOsnapPointRef
 72
     8
331
CC31
 73
     2
 91
        0
301

 40
0.0
 10
0.0
 20
0.0
 30
0.0
 74
     0
 92
        0
302

 75
     1
  1
AcDbOsnapPointRef
 72
    13
331
CC35
 73
     2
 91
        0
301

 40
0.0
 10
0.0
 20
0.0
 30
200000000000000000000000000000000000000000000000000.0
 74
     0
 92
        0
302

 75
     0
  0
DIMASSOC
  5
CCF5
102
{ACAD_REACTORS
330
CCF4
102
}
330
CCF4
100
AcDbDimAssoc
330
CCF3
 90
        3
 70
     0
 71
     0
  1
AcDbOsnapPointRef
 72
    13
331
CC33
 73
     2
 91
        0
301

 40
0.0
 10
0.0
 20
0.0
 30
200000000000000000000000000000000000000000000000000.0
 74
     0
 92
        0
302

 75
     0
  1
AcDbOsnapPointRef
 72
    13
331
CBE9
 73
     2
 91
        0
301

 40
0.0
 10
0.0
 20
0.0
 30
200000000000000000000000000000000000000000000000000.0
 74
     0
 92
        0
302

 75
     0
  0
DIMASSOC
  5
CCF8
102
{ACAD_REACTORS
330
CCF7
102
}
330
CCF7
100
AcDbDimAssoc
330
CCF6
 90
        3
 70
     0
 71
     0
  1
AcDbOsnapPointRef
 72
     1
331
CBE8
 73
     2
 91
        0
301

 40
1.0
 10
0.0
 20
0.0
 30
200000000000000000000000000000000000000000000000000.0
 74
     0
 92
        0
302

 75
     0
  1
AcDbOsnapPointRef
 72
     8
331
CBFC
 73
     2
 91
        1
301

 40
0.3
 10
0.0
 20
0.0
 30
0.0
 74
     0
 92
        0
302

 75
     1
  1
AcDbOsnapPointRef
 72
     1
331
CBE8
 73
     2
 91
        0
301

 40
1.0
 10
0.0
 20
0.0
 30
200000000000000000000000000000000000000000000000000.0
 74
     0
 92
        0
302

 75
     0
  0
DIMASSOC
  5
CCFE
102
{ACAD_REACTORS
330
CCFD
102
}
330
CCFD
100
AcDbDimAssoc
330
CCFC
 90
        3
 70
     0
 71
     0
  1
AcDbOsnapPointRef
 72
    13
331
CC07
 73
     2
 91
        0
301

 40
0.0
 10
0.0
 20
0.0
 30
200000000000000000000000000000000000000000000000000.0
 74
     0
 92
        0
302

 75
     0
  1
AcDbOsnapPointRef
 72
    13
331
CC08
 73
     2
 91
        0
301

 40
0.0
 10
0.0
 20
0.0
 30
200000000000000000000000000000000000000000000000000.0
 74
     0
 92
        0
302

 75
     0
  0
DIMASSOC
  5
CD01
102
{ACAD_REACTORS
330
CD00
102
}
330
CD00
100
AcDbDimAssoc
330
CCFF
 90
        3
 70
     0
 71
     0
  1
AcDbOsnapPointRef
 72
    13
331
CC08
 73
     2
 91
        0
301

 40
0.0
 10
0.0
 20
0.0
 30
200000000000000000000000000000000000000000000000000.0
 74
     0
 92
        0
302

 75
     0
  1
AcDbOsnapPointRef
 72
    13
331
CC0A
 73
     2
 91
        0
301

 40
0.0
 10
0.0
 20
0.0
 30
200000000000000000000000000000000000000000000000000.0
 74
     0
 92
        0
302

 75
     0
  0
DIMASSOC
  5
CD06
102
{ACAD_REACTORS
330
CD05
102
}
330
CD05
100
AcDbDimAssoc
330
CD04
 90
        2
 70
     0
 71
     0
  1
AcDbOsnapPointRef
 72
    13
331
CBDB
 73
     2
 91
        0
301

 40
0.0
 10
0.0
 20
0.0
 30
200000000000000000000000000000000000000000000000000.0
 74
     0
 92
        0
302

 75
     0
  0
DIMASSOC
  5
CD09
102
{ACAD_REACTORS
330
CD08
102
}
330
CD08
100
AcDbDimAssoc
330
CD07
 90
        3
 70
     0
 71
     0
  1
AcDbOsnapPointRef
 72
    13
331
CBE2
 73
     2
 91
        0
301

 40
0.0
 10
0.0
 20
0.0
 30
200000000000000000000000000000000000000000000000000.0
 74
     0
 92
        0
302

 75
     0
  1
AcDbOsnapPointRef
 72
     1
331
CC0D
 73
     2
 91
        0
301

 40
1.0
 10
0.0
 20
0.0
 30
200000000000000000000000000000000000000000000000000.0
 74
     0
 92
        0
302

 75
     0
  0
DIMASSOC
  5
CD0C
102
{ACAD_REACTORS
330
CD0B
102
}
330
CD0B
100
AcDbDimAssoc
330
CD0A
 90
        3
 70
     0
 71
     0
  1
AcDbOsnapPointRef
 72
     1
331
CC0F
 73
     2
 91
        0
301

 40
1.0
 10
0.0
 20
0.0
 30
200000000000000000000000000000000000000000000000000.0
 74
     0
 92
        0
302

 75
     0
  1
AcDbOsnapPointRef
 72
    13
331
CC5C
 73
     2
 91
        0
301

 40
0.0
 10
0.0
 20
0.0
 30
200000000000000000000000000000000000000000000000000.0
 74
     0
 92
        0
302

 75
     0
  0
DIMASSOC
  5
CD0F
102
{ACAD_REACTORS
330
CD0E
102
}
330
CD0E
100
AcDbDimAssoc
330
CD0D
 90
        3
 70
     0
 71
     0
  1
AcDbOsnapPointRef
 72
     1
331
CBD4
 73
     2
 91
        0
301

 40
1.0
 10
0.0
 20
0.0
 30
200000000000000000000000000000000000000000000000000.0
 74
     0
 92
        0
302

 75
     0
  1
AcDbOsnapPointRef
 72
    13
331
CBD4
 73
     2
 91
        0
301

 40
0.0
 10
0.0
 20
0.0
 30
200000000000000000000000000000000000000000000000000.0
 74
     0
 92
        0
302

 75
     0
  0
DIMASSOC
  5
CD12
102
{ACAD_REACTORS
330
CD11
102
}
330
CD11
100
AcDbDimAssoc
330
CD10
 90
        3
 70
     0
 71
     0
  1
AcDbOsnapPointRef
 72
     1
331
CBD3
 73
     2
 91
        0
301

 40
1.0
 10
0.0
 20
0.0
 30
200000000000000000000000000000000000000000000000000.0
 74
     0
 92
        0
302

 75
     0
  1
AcDbOsnapPointRef
 72
    13
331
CBD3
 73
     2
 91
        0
301

 40
0.0
 10
0.0
 20
0.0
 30
200000000000000000000000000000000000000000000000000.0
 74
     0
 92
        0
302

 75
     0
  0
DIMASSOC
  5
CD28
102
{ACAD_REACTORS
330
CD27
102
}
330
CD27
100
AcDbDimAssoc
330
CD26
 90
        3
 70
     0
 71
     0
  1
AcDbOsnapPointRef
 72
     1
331
CCA4
 73
     2
 91
        0
301

 40
1.0
 10
0.0
 20
0.0
 30
200000000000000000000000000000000000000000000000000.0
 74
     0
 92
        0
302

 75
     0
  1
AcDbOsnapPointRef
 72
     1
331
CCA3
 73
     2
 91
        0
301

 40
1.0
 10
0.0
 20
0.0
 30
200000000000000000000000000000000000000000000000000.0
 74
     0
 92
        0
302

 75
     0
  0
DIMASSOC
  5
CFA1
102
{ACAD_REACTORS
330
CFA0
102
}
330
CFA0
100
AcDbDimAssoc
330
CF9F
 90
        2
 70
     0
 71
     0
  1
AcDbOsnapPointRef
 72
    13
331
CE95
 73
     2
 91
        0
301

 40
0.0
 10
0.0
 20
0.0
 30
200000000000000000000000000000000000000000000000000.0
 74
     0
 92
        0
302

 75
     0
  0
DIMASSOC
  5
CFA4
102
{ACAD_REACTORS
330
CFA3
102
}
330
CFA3
100
AcDbDimAssoc
330
CFA2
 90
        3
 70
     0
 71
     0
  1
AcDbOsnapPointRef
 72
     1
331
CE94
 73
     2
 91
        0
301

 40
1.0
 10
0.0
 20
0.0
 30
200000000000000000000000000000000000000000000000000.0
 74
     0
 92
        0
302

 75
     0
  1
AcDbOsnapPointRef
 72
     8
331
CEA8
 73
     2
 91
        1
301

 40
0.3
 10
0.0
 20
0.0
 30
0.0
 74
     0
 92
        0
302

 75
     1
  1
AcDbOsnapPointRef
 72
     1
331
CE94
 73
     2
 91
        0
301

 40
1.0
 10
0.0
 20
0.0
 30
200000000000000000000000000000000000000000000000000.0
 74
     0
 92
        0
302

 75
     0
  0
DIMASSOC
  5
CFAA
102
{ACAD_REACTORS
330
CFA9
102
}
330
CFA9
100
AcDbDimAssoc
330
CFA8
 90
        3
 70
     0
 71
     0
  1
AcDbOsnapPointRef
 72
    13
331
CEB3
 73
     2
 91
        0
301

 40
0.0
 10
0.0
 20
0.0
 30
200000000000000000000000000000000000000000000000000.0
 74
     0
 92
        0
302

 75
     0
  1
AcDbOsnapPointRef
 72
    13
331
CEB4
 73
     2
 91
        0
301

 40
0.0
 10
0.0
 20
0.0
 30
200000000000000000000000000000000000000000000000000.0
 74
     0
 92
        0
302

 75
     0
  0
DIMASSOC
  5
CFAD
102
{ACAD_REACTORS
330
CFAC
102
}
330
CFAC
100
AcDbDimAssoc
330
CFAB
 90
        3
 70
     0
 71
     0
  1
AcDbOsnapPointRef
 72
    13
331
CEB4
 73
     2
 91
        0
301

 40
0.0
 10
0.0
 20
0.0
 30
200000000000000000000000000000000000000000000000000.0
 74
     0
 92
        0
302

 75
     0
  1
AcDbOsnapPointRef
 72
    13
331
CEB6
 73
     2
 91
        0
301

 40
0.0
 10
0.0
 20
0.0
 30
200000000000000000000000000000000000000000000000000.0
 74
     0
 92
        0
302

 75
     0
  0
DIMASSOC
  5
CFB2
102
{ACAD_REACTORS
330
CFB1
102
}
330
CFB1
100
AcDbDimAssoc
330
CFB0
 90
        2
 70
     0
 71
     0
  1
AcDbOsnapPointRef
 72
    13
331
CE87
 73
     2
 91
        0
301

 40
0.0
 10
0.0
 20
0.0
 30
200000000000000000000000000000000000000000000000000.0
 74
     0
 92
        0
302

 75
     0
  0
DIMASSOC
  5
DC84
102
{ACAD_REACTORS
330
DC79
102
}
330
DC79
100
AcDbDimAssoc
330
DC6B
 90
        1
 70
     0
 71
     0
  1
AcDbOsnapPointRef
 72
     2
331
DC47
 73
     2
 91
        0
301

 40
0.5
 10
0.0
 20
0.0
 30
0.0
 74
     0
 92
        0
302

 75
     0
  0
DIMASSOC
  5
DD04
102
{ACAD_REACTORS
330
DCF9
102
}
330
DCF9
100
AcDbDimAssoc
330
DCEB
 90
        3
 70
     0
 71
     0
  1
AcDbOsnapPointRef
 72
    13
331
DBB4
 73
     2
 91
        0
301

 40
0.0
 10
0.0
 20
0.0
 30
200000000000000000000000000000000000000000000000000.0
 74
     0
 92
        0
302

 75
     0
  1
AcDbOsnapPointRef
 72
     1
331
DBB8
 73
     2
 91
        0
301

 40
1.0
 10
0.0
 20
0.0
 30
200000000000000000000000000000000000000000000000000.0
 74
     0
 92
        0
302

 75
     0
  0
DIMASSOC
  5
DD2F
102
{ACAD_REACTORS
330
DD24
102
}
330
DD24
100
AcDbDimAssoc
330
DD16
 90
        3
 70
     0
 71
     0
  1
AcDbOsnapPointRef
 72
    13
331
DD0D
 73
     2
 91
        0
301

 40
0.0
 10
0.0
 20
0.0
 30
200000000000000000000000000000000000000000000000000.0
 74
     0
 92
        0
302

 75
     0
  1
AcDbOsnapPointRef
 72
     8
331
DA1C
 73
     2
 91
        0
301

 40
0.3989
 10
0.0
 20
0.0
 30
0.0
 74
     0
 92
        0
302

 75
     1
  1
AcDbOsnapPointRef
 72
    13
331
DD0D
 73
     2
 91
        0
301

 40
0.0
 10
0.0
 20
0.0
 30
200000000000000000000000000000000000000000000000000.0
 74
     0
 92
        0
302

 75
     0
  0
DIMASSOC
  5
DDA5
102
{ACAD_REACTORS
330
DD9A
102
}
330
DD9A
100
AcDbDimAssoc
330
DD8C
 90
        3
 70
     0
 71
     0
  1
AcDbOsnapPointRef
 72
     1
331
DD13
 73
     2
 91
        0
301

 40
1.0
 10
0.0
 20
0.0
 30
200000000000000000000000000000000000000000000000000.0
 74
     0
 92
        0
302

 75
     0
  1
AcDbOsnapPointRef
 72
     8
331
DD0D
 73
     2
 91
        0
301

 40
0.6574
 10
0.0
 20
0.0
 30
0.0
 74
     0
 92
        0
302

 75
     1
  1
AcDbOsnapPointRef
 72
     1
331
DD13
 73
     2
 91
        0
301

 40
1.0
 10
0.0
 20
0.0
 30
200000000000000000000000000000000000000000000000000.0
 74
     0
 92
        0
302

 75
     0
  0
DIMASSOC
  5
DDD6
102
{ACAD_REACTORS
330
DDD5
102
}
330
DDD5
100
AcDbDimAssoc
330
DDD4
 90
        3
 70
     0
 71
     0
  1
AcDbOsnapPointRef
 72
     1
331
DDD2
 73
     2
 91
        0
301

 40
1.0
 10
0.0
 20
0.0
 30
200000000000000000000000000000000000000000000000000.0
 74
     0
 92
        0
302

 75
     0
  1
AcDbOsnapPointRef
 72
     8
331
DDCC
 73
     2
 91
        0
301

 40
0.6574
 10
0.0
 20
0.0
 30
0.0
 74
     0
 92
        0
302

 75
     1
  1
AcDbOsnapPointRef
 72
     1
331
DDD2
 73
     2
 91
        0
301

 40
1.0
 10
0.0
 20
0.0
 30
200000000000000000000000000000000000000000000000000.0
 74
     0
 92
        0
302

 75
     0
  0
DIMASSOC
  5
E0D8
102
{ACAD_REACTORS
330
E0CD
102
}
330
E0CD
100
AcDbDimAssoc
330
E0BF
 90
        3
 70
     0
 71
     0
  1
AcDbOsnapPointRef
 72
     1
331
CFC3
 73
     2
 91
        2
301

 40
1.0
 10
0.0
 20
0.0
 30
200000000000000000000000000000000000000000000000000.0
 74
     0
 92
        0
302

 75
     0
  1
AcDbOsnapPointRef
 72
     8
331
D73A
 73
     2
 91
        0
301

 40
0.0
 10
0.0
 20
0.0
 30
0.0
 74
     0
 92
        0
302

 75
     1
  1
AcDbOsnapPointRef
 72
     1
331
CFC3
 73
     2
 91
        2
301

 40
1.0
 10
0.0
 20
0.0
 30
200000000000000000000000000000000000000000000000000.0
 74
     0
 92
        0
302

 75
     0
  0
DIMASSOC
  5
E0F2
102
{ACAD_REACTORS
330
E0E7
102
}
330
E0E7
100
AcDbDimAssoc
330
E0D9
 90
        3
 70
     0
 71
     0
  1
AcDbOsnapPointRef
 72
     1
331
CE99
 73
     2
 91
        0
301

 40
1.0
 10
0.0
 20
0.0
 30
200000000000000000000000000000000000000000000000000.0
 74
     0
 92
        0
302

 75
     0
  1
AcDbOsnapPointRef
 72
    13
331
CE99
 73
     2
 91
        0
301

 40
0.0
 10
0.0
 20
0.0
 30
200000000000000000000000000000000000000000000000000.0
 74
     0
 92
        0
302

 75
     0
  0
DIMASSOC
  5
E120
102
{ACAD_REACTORS
330
E115
102
}
330
E115
100
AcDbDimAssoc
330
E107
 90
        3
 70
     0
 71
     0
  1
AcDbOsnapPointRef
 72
     1
331
CE95
 73
     2
 91
        0
301

 40
1.0
 10
0.0
 20
0.0
 30
200000000000000000000000000000000000000000000000000.0
 74
     0
 92
        0
302

 75
     0
  1
AcDbOsnapPointRef
 72
     1
331
DA1A
 73
     2
 91
        0
301

 40
1.0
 10
0.0
 20
0.0
 30
200000000000000000000000000000000000000000000000000.0
 74
     0
 92
        0
302

 75
     0
  0
DIMASSOC
  5
E216
102
{ACAD_REACTORS
330
E20B
102
}
330
E20B
100
AcDbDimAssoc
330
E1FD
 90
        1
 70
     0
 71
     0
  1
AcDbOsnapPointRef
 72
     1
331
CFC3
 73
     2
 91
        2
301

 40
1.0
 10
0.0
 20
0.0
 30
200000000000000000000000000000000000000000000000000.0
 74
     0
 92
        0
302

 75
     0
  0
DIMASSOC
  5
E230
102
{ACAD_REACTORS
330
E225
102
}
330
E225
100
AcDbDimAssoc
330
E217
 90
        3
 70
     0
 71
     0
  1
AcDbOsnapPointRef
 72
    13
331
D9B7
 73
     2
 91
        0
301

 40
0.0
 10
0.0
 20
0.0
 30
200000000000000000000000000000000000000000000000000.0
 74
     0
 92
        0
302

 75
     0
  1
AcDbOsnapPointRef
 72
    13
331
DA9A
 73
     2
 91
        0
301

 40
0.0
 10
0.0
 20
0.0
 30
200000000000000000000000000000000000000000000000000.0
 74
     0
 92
        0
302

 75
     0
  0
DIMASSOC
  5
E24A
102
{ACAD_REACTORS
330
E23F
102
}
330
E23F
100
AcDbDimAssoc
330
E231
 90
        3
 70
     0
 71
     0
  1
AcDbOsnapPointRef
 72
     1
331
DA9A
 73
     2
 91
        0
301

 40
1.0
 10
0.0
 20
0.0
 30
200000000000000000000000000000000000000000000000000.0
 74
     0
 92
        0
302

 75
     0
  1
AcDbOsnapPointRef
 72
     8
331
CE80
 73
     2
 91
        0
301

 40
0.0
 10
0.0
 20
0.0
 30
0.0
 74
     0
 92
        0
302

 75
     1
  1
AcDbOsnapPointRef
 72
     1
331
DA9A
 73
     2
 91
        0
301

 40
1.0
 10
0.0
 20
0.0
 30
200000000000000000000000000000000000000000000000000.0
 74
     0
 92
        0
302

 75
     0
  0
DIMASSOC
  5
E278
102
{ACAD_REACTORS
330
E26D
102
}
330
E26D
100
AcDbDimAssoc
330
E25F
 90
        3
 70
     0
 71
     0
  1
AcDbOsnapPointRef
 72
    13
331
CE80
 73
     2
 91
        0
301

 40
0.0
 10
0.0
 20
0.0
 30
200000000000000000000000000000000000000000000000000.0
 74
     0
 92
        0
302

 75
     0
  1
AcDbOsnapPointRef
 72
     1
331
DA27
 73
     2
 91
        0
301

 40
1.0
 10
0.0
 20
0.0
 30
200000000000000000000000000000000000000000000000000.0
 74
     0
 92
        0
302

 75
     0
  0
DIMASSOC
  5
E292
102
{ACAD_REACTORS
330
E287
102
}
330
E287
100
AcDbDimAssoc
330
E279
 90
        3
 70
     0
 71
     0
  1
AcDbOsnapPointRef
 72
     1
331
DA28
 73
     2
 91
        0
301

 40
1.0
 10
0.0
 20
0.0
 30
200000000000000000000000000000000000000000000000000.0
 74
     0
 92
        0
302

 75
     0
  1
AcDbOsnapPointRef
 72
     1
331
DA30
 73
     2
 91
        0
301

 40
1.0
 10
0.0
 20
0.0
 30
200000000000000000000000000000000000000000000000000.0
 74
     0
 92
        0
302

 75
     0
  0
DIMASSOC
  5
E2AC
102
{ACAD_REACTORS
330
E2A1
102
}
330
E2A1
100
AcDbDimAssoc
330
E293
 90
        3
 70
     0
 71
     0
  1
AcDbOsnapPointRef
 72
     1
331
DED4
 73
     2
 91
        0
301

 40
1.0
 10
0.0
 20
0.0
 30
200000000000000000000000000000000000000000000000000.0
 74
     0
 92
        0
302

 75
     0
  1
AcDbOsnapPointRef
 72
     8
331
CF09
 73
     2
 91
        0
301

 40
0.3103
 10
0.0
 20
0.0
 30
0.0
 74
     0
 92
        0
302

 75
     1
  1
AcDbOsnapPointRef
 72
     1
331
DED4
 73
     2
 91
        0
301

 40
1.0
 10
0.0
 20
0.0
 30
200000000000000000000000000000000000000000000000000.0
 74
     0
 92
        0
302

 75
     0
  0
DIMASSOC
  5
E2C6
102
{ACAD_REACTORS
330
E2BB
102
}
330
E2BB
100
AcDbDimAssoc
330
E2AD
 90
        3
 70
     0
 71
     0
  1
AcDbOsnapPointRef
 72
     8
331
CF08
 73
     2
 91
        0
301

 40
0.3448
 10
0.0
 20
0.0
 30
0.0
 74
     0
 92
        0
302

 75
     1
  1
AcDbOsnapPointRef
 72
     0
 73
     0
 91
        0
301

 40
0.0
 10
5376.4759
 20
544.4251
 30
0.0
 74
     0
 92
        0
302

 75
     0
  1
AcDbOsnapPointRef
 72
     1
331
CEBC
 73
     2
 91
        0
301

 40
1.0
 10
0.0
 20
0.0
 30
200000000000000000000000000000000000000000000000000.0
 74
     0
 92
        0
302

 75
     0
  0
DIMASSOC
  5
E2E0
102
{ACAD_REACTORS
330
E2D5
102
}
330
E2D5
100
AcDbDimAssoc
330
E2C7
 90
        3
 70
     0
 71
     0
  1
AcDbOsnapPointRef
 72
    13
331
DAC9
 73
     2
 91
        0
301

 40
0.0
 10
0.0
 20
0.0
 30
200000000000000000000000000000000000000000000000000.0
 74
     0
 92
        0
302

 75
     0
  1
AcDbOsnapPointRef
 72
     1
331
DAC9
 73
     2
 91
        0
301

 40
1.0
 10
0.0
 20
0.0
 30
200000000000000000000000000000000000000000000000000.0
 74
     0
 92
        0
302

 75
     0
  0
DIMASSOC
  5
E3ED
102
{ACAD_REACTORS
330
E3E2
102
}
330
E3E2
100
AcDbDimAssoc
330
E3D4
 90
        3
 70
     0
 71
     0
  1
AcDbOsnapPointRef
 72
     6
331
CEC1
 73
     2
 91
        0
301

 40
0.5185
 10
0.0
 20
0.0
 30
0.0
332
E064
 74
     2
 92
        0
302

 75
     0
  1
AcDbOsnapPointRef
 72
     1
331
E064
 73
     2
 91
        0
301

 40
1.0
 10
0.0
 20
0.0
 30
200000000000000000000000000000000000000000000000000.0
 74
     0
 92
        0
302

 75
     0
  0
XRECORD
  5
167E
102
{ACAD_REACTORS
330
167D
102
}
330
167D
100
AcDbXrecord
280
     1
 90
        1
340
10D
  0
XRECORD
  5
1682
102
{ACAD_REACTORS
330
1681
102
}
330
1681
100
AcDbXrecord
280
     1
 90
        1
340
10D
  0
LAYOUT
  5
22
102
{ACAD_REACTORS
330
1A
102
}
330
1A
100
AcDbPlotSettings
  1

  2
none_device
  4
ISO_A4_(210.00_x_297.00_MM)
  6

 40
7.5
 41
20.0
 42
7.5
 43
20.0
 44
210.0
 45
297.0
 46
11.55
 47
-13.65
 48
0.0
 49
0.0
140
0.0
141
0.0
142
1.0
143
8.7041
 70
 11952
 72
     1
 73
     0
 74
     0
  7

 75
     0
147
0.1149
 76
     0
 77
     2
 78
   300
148
0.0
149
0.0
100
AcDbLayout
  1
Model
 70
     1
 71
     0
 10
0.0
 20
0.0
 11
12.0
 21
9.0
 12
0.0
 22
0.0
 32
0.0
 14
0.0
 24
0.0
 34
0.0
 15
0.0
 25
0.0
 35
0.0
146
0.0
 13
0.0
 23
0.0
 33
0.0
 16
1.0
 26
0.0
 36
0.0
 17
0.0
 27
1.0
 37
0.0
 76
     0
330
1F
331
EA
1001
ACAD_PSEXT
1000
None
1000
None
1000
Not applicable
1000
The layout will not be plotted unless a new plotter configuration name is selected.
1070
     0
  0
LAYOUT
  5
D3
102
{ACAD_REACTORS
330
1A
102
}
102
{ACAD_XDICTIONARY
360
168A
102
}
330
1A
100
AcDbPlotSettings
  1

  2
none_device
  4
ISO_A4_(210.00_x_297.00_MM)
  6

 40
7.5
 41
20.0
 42
7.5
 43
20.0
 44
210.0
 45
297.0
 46
0.0
 47
0.0
 48
0.0
 49
0.0
140
0.0
141
0.0
142
1.0
143
1.0
 70
   688
 72
     1
 73
     1
 74
     5
  7

 75
    16
147
1.0
 76
     0
 77
     2
 78
   300
148
0.0
149
0.0
100
AcDbLayout
  1
Layout1
 70
     1
 71
     1
 10
-20.0
 20
-7.5
 11
277.0
 21
202.5
 12
0.0
 22
0.0
 32
0.0
 14
25.7
 24
19.5
 34
0.0
 15
231.3
 25
175.5
 35
0.0
146
0.0
 13
0.0
 23
0.0
 33
0.0
 16
1.0
 26
0.0
 36
0.0
 17
0.0
 27
1.0
 37
0.0
 76
     0
330
D2
331
1680
1001
ACAD_PSEXT
1000
None
1000
None
1000
Not applicable
1000
The layout will not be plotted unless a new plotter configuration name is selected.
1070
     0
  0
LAYOUT
  5
D7
102
{ACAD_REACTORS
330
1A
102
}
330
1A
100
AcDbPlotSettings
  1

  2
C:\Documents and Settings\basas\Application Data\Autodesk\AutoCAD 2005\R16.1\enu\plotters\Default Windows System Printer.pc3
  4

  6

 40
0.0
 41
0.0
 42
0.0
 43
0.0
 44
0.0
 45
0.0
 46
0.0
 47
0.0
 48
0.0
 49
0.0
140
0.0
141
0.0
142
1.0
143
1.0
 70
   688
 72
     0
 73
     0
 74
     5
  7

 75
    16
147
1.0
 76
     0
 77
     2
 78
   300
148
0.0
149
0.0
100
AcDbLayout
  1
Layout2
 70
     1
 71
     2
 10
0.0
 20
0.0
 11
12.0
 21
9.0
 12
0.0
 22
0.0
 32
0.0
 14
0.0
 24
0.0
 34
0.0
 15
0.0
 25
0.0
 35
0.0
146
0.0
 13
0.0
 23
0.0
 33
0.0
 16
1.0
 26
0.0
 36
0.0
 17
0.0
 27
1.0
 37
0.0
 76
     0
330
D6
  0
MATERIAL
  5
ED
102
{ACAD_REACTORS
330
6A
102
}
330
6A
100
AcDbMaterial
  1
ByBlock
 90
        0
 91
        0
 72
     1
 73
     2
 92
        0
 78
     2
172
     2
176
     2
270
     2
272
     0
273
     0
274
     2
 94
       63
  0
MATERIAL
  5
EC
102
{ACAD_REACTORS
330
6A
102
}
330
6A
100
AcDbMaterial
  1
ByLayer
 90
        0
 91
        0
 72
     1
 73
     2
 92
        0
 78
     2
172
     2
176
     2
270
     2
272
     0
273
     0
274
     2
 94
       63
  0
MATERIAL
  5
EE
102
{ACAD_REACTORS
330
6A
102
}
330
6A
100
AcDbMaterial
  1
Global
 90
        0
 91
        0
 72
     1
 73
     2
 43
0.0008
 43
0.0
 43
0.0
 43
0.0
 43
0.0
 43
0.0008
 43
0.0
 43
0.0
 43
0.0
 43
0.0
 43
1.0
 43
0.0
 43
0.0
 43
0.0
 43
0.0
 43
1.0
 92
        0
 78
     2
172
     2
 49
0.0008
 49
0.0
 49
0.0
 49
0.0
 49
0.0
 49
0.0008
 49
0.0
 49
0.0
 49
0.0
 49
0.0
 49
1.0
 49
0.0
 49
0.0
 49
0.0
 49
0.0
 49
1.0
176
     2
142
0.0008
142
0.0
142
0.0
142
0.0
142
0.0
142
0.0008
142
0.0
142
0.0
142
0.0
142
0.0
142
1.0
142
0.0
142
0.0
142
0.0
142
0.0
142
1.0
270
     2
272
     0
144
0.0008
144
0.0
144
0.0
144
0.0
144
0.0
144
0.0008
144
0.0
144
0.0
144
0.0
144
0.0
144
1.0
144
0.0
144
0.0
144
0.0
144
0.0
144
1.0
273
     0
274
     2
 94
       63
1001
ACAD
1070
    -1
1070
     3
1070
     0
1000

1071
        0
1070
     0
  0
MLEADERSTYLE
  5
12E
102
{ACAD_REACTORS
330
12D
330
CD15
330
CFC1
102
}
330
12D
100
AcDbMLeaderStyle
179
     2
170
     2
171
     1
172
     0
 90
        2
 40
0.0
 41
0.0
173
     1
 91
-1056964608
340
14
 92
       -2
290
     1
 42
2.0
291
     1
 43
8.0
  3
Standard
341
0
 44
4.0
300

342
11
174
     1
178
     1
175
     1
176
     0
 93
-1056964608
 45
4.0
292
     0
297
     0
 46
4.0
343
0
 94
-1056964608
 47
1.0
 49
1.0
140
1.0
293
     1
141
0.0
294
     1
177
     0
142
1.0
295
     0
296
     0
143
3.75
271
     0
272
     9
273
     9
1001
ACAD_MLEADERVER
1070
     2
  0
MLINESTYLE
  5
18
102
{ACAD_REACTORS
330
17
102
}
330
17
100
AcDbMlineStyle
  2
STANDARD
 70
     0
  3

 62
   256
 51
90.0
 52
90.0
 71
     2
 49
0.5
 62
   256
  6
BYLAYER
 49
-0.5
 62
   256
  6
BYLAYER
  0
ACDBPLACEHOLDER
  5
F
102
{ACAD_REACTORS
330
E
102
}
330
E
  0
SCALE
  5
10D
102
{ACAD_REACTORS
330
10C
102
}
330
10C
100
AcDbScale
 70
     0
300
1:1
140
1.0
141
1.0
290
     1
  0
SCALE
  5
188
102
{ACAD_REACTORS
330
10C
102
}
330
10C
100
AcDbScale
 70
     0
300
1:2
140
1.0
141
2.0
290
     0
  0
SCALE
  5
189
102
{ACAD_REACTORS
330
10C
102
}
330
10C
100
AcDbScale
 70
     0
300
1:4
140
1.0
141
4.0
290
     0
  0
SCALE
  5
18A
102
{ACAD_REACTORS
330
10C
102
}
330
10C
100
AcDbScale
 70
     0
300
1:5
140
1.0
141
5.0
290
     0
  0
SCALE
  5
18B
102
{ACAD_REACTORS
330
10C
102
}
330
10C
100
AcDbScale
 70
     0
300
1:8
140
1.0
141
8.0
290
     0
  0
SCALE
  5
18C
102
{ACAD_REACTORS
330
10C
102
}
330
10C
100
AcDbScale
 70
     0
300
1:10
140
1.0
141
10.0
290
     0
  0
SCALE
  5
18D
102
{ACAD_REACTORS
330
10C
102
}
330
10C
100
AcDbScale
 70
     0
300
1:16
140
1.0
141
16.0
290
     0
  0
SCALE
  5
18E
102
{ACAD_REACTORS
330
10C
102
}
330
10C
100
AcDbScale
 70
     0
300
1:20
140
1.0
141
20.0
290
     0
  0
SCALE
  5
18F
102
{ACAD_REACTORS
330
10C
102
}
330
10C
100
AcDbScale
 70
     0
300
1:30
140
1.0
141
30.0
290
     0
  0
SCALE
  5
190
102
{ACAD_REACTORS
330
10C
102
}
330
10C
100
AcDbScale
 70
     0
300
1:40
140
1.0
141
40.0
290
     0
  0
SCALE
  5
191
102
{ACAD_REACTORS
330
10C
102
}
330
10C
100
AcDbScale
 70
     0
300
1:50
140
1.0
141
50.0
290
     0
  0
SCALE
  5
192
102
{ACAD_REACTORS
330
10C
102
}
330
10C
100
AcDbScale
 70
     0
300
1:100
140
1.0
141
100.0
290
     0
  0
SCALE
  5
193
102
{ACAD_REACTORS
330
10C
102
}
330
10C
100
AcDbScale
 70
     0
300
2:1
140
2.0
141
1.0
290
     0
  0
SCALE
  5
194
102
{ACAD_REACTORS
330
10C
102
}
330
10C
100
AcDbScale
 70
     0
300
4:1
140
4.0
141
1.0
290
     0
  0
SCALE
  5
195
102
{ACAD_REACTORS
330
10C
102
}
330
10C
100
AcDbScale
 70
     0
300
8:1
140
8.0
141
1.0
290
     0
  0
SCALE
  5
196
102
{ACAD_REACTORS
330
10C
102
}
330
10C
100
AcDbScale
 70
     0
300
10:1
140
10.0
141
1.0
290
     0
  0
SCALE
  5
197
102
{ACAD_REACTORS
330
10C
102
}
330
10C
100
AcDbScale
 70
     0
300
100:1
140
100.0
141
1.0
290
     0
  0
SCALE
  5
198
102
{ACAD_REACTORS
330
10C
102
}
330
10C
100
AcDbScale
 70
     0
300
1/128" = 1'-0"
140
0.0078
141
12.0
290
     0
  0
SCALE
  5
199
102
{ACAD_REACTORS
330
10C
102
}
330
10C
100
AcDbScale
 70
     0
300
1/64" = 1'-0"
140
0.0156
141
12.0
290
     0
  0
SCALE
  5
19A
102
{ACAD_REACTORS
330
10C
102
}
330
10C
100
AcDbScale
 70
     0
300
1/32" = 1'-0"
140
0.0313
141
12.0
290
     0
  0
SCALE
  5
19B
102
{ACAD_REACTORS
330
10C
102
}
330
10C
100
AcDbScale
 70
     0
300
1/16" = 1'-0"
140
0.0625
141
12.0
290
     0
  0
SCALE
  5
19C
102
{ACAD_REACTORS
330
10C
102
}
330
10C
100
AcDbScale
 70
     0
300
3/32" = 1'-0"
140
0.0938
141
12.0
290
     0
  0
SCALE
  5
19D
102
{ACAD_REACTORS
330
10C
102
}
330
10C
100
AcDbScale
 70
     0
300
1/8" = 1'-0"
140
0.125
141
12.0
290
     0
  0
SCALE
  5
19E
102
{ACAD_REACTORS
330
10C
102
}
330
10C
100
AcDbScale
 70
     0
300
3/16" = 1'-0"
140
0.1875
141
12.0
290
     0
  0
SCALE
  5
19F
102
{ACAD_REACTORS
330
10C
102
}
330
10C
100
AcDbScale
 70
     0
300
1/4" = 1'-0"
140
0.25
141
12.0
290
     0
  0
SCALE
  5
1A0
102
{ACAD_REACTORS
330
10C
102
}
330
10C
100
AcDbScale
 70
     0
300
3/8" = 1'-0"
140
0.375
141
12.0
290
     0
  0
SCALE
  5
1A1
102
{ACAD_REACTORS
330
10C
102
}
330
10C
100
AcDbScale
 70
     0
300
1/2" = 1'-0"
140
0.5
141
12.0
290
     0
  0
SCALE
  5
1A2
102
{ACAD_REACTORS
330
10C
102
}
330
10C
100
AcDbScale
 70
     0
300
3/4" = 1'-0"
140
0.75
141
12.0
290
     0
  0
SCALE
  5
1A3
102
{ACAD_REACTORS
330
10C
102
}
330
10C
100
AcDbScale
 70
     0
300
1" = 1'-0"
140
1.0
141
12.0
290
     0
  0
SCALE
  5
1A4
102
{ACAD_REACTORS
330
10C
102
}
330
10C
100
AcDbScale
 70
     0
300
1-1/2" = 1'-0"
140
1.5
141
12.0
290
     0
  0
SCALE
  5
1A5
102
{ACAD_REACTORS
330
10C
102
}
330
10C
100
AcDbScale
 70
     0
300
3" = 1'-0"
140
3.0
141
12.0
290
     0
  0
SCALE
  5
1A6
102
{ACAD_REACTORS
330
10C
102
}
330
10C
100
AcDbScale
 70
     0
300
6" = 1'-0"
140
6.0
141
12.0
290
     0
  0
SCALE
  5
1A7
102
{ACAD_REACTORS
330
10C
102
}
330
10C
100
AcDbScale
 70
     0
300
1'-0" = 1'-0"
140
12.0
141
12.0
290
     0
  0
TABLESTYLE
  5
7F
102
{ACAD_REACTORS
330
7E
102
}
102
{ACAD_XDICTIONARY
360
E500
102
}
330
7E
100
AcDbTableStyle
280
     0
  3
Standard
 70
     0
 71
     0
 40
1.5
 41
1.5
280
     0
281
     0
  7
Standard
140
4.5
170
     2
 62
     0
 63
   257
283
     0
 90
      512
 91
        0
  1

274
    -2
284
     1
 64
     0
275
    -2
285
     1
 65
     0
276
    -2
286
     1
 66
     0
277
    -2
287
     1
 67
     0
278
    -2
288
     1
 68
     0
279
    -2
289
     1
 69
     0
  7
Standard
140
6.0
170
     5
 62
     0
 63
   257
283
     0
 90
      512
 91
        0
  1

274
    -2
284
     1
 64
     0
275
    -2
285
     1
 65
     0
276
    -2
286
     1
 66
     0
277
    -2
287
     1
 67
     0
278
    -2
288
     1
 68
     0
279
    -2
289
     1
 69
     0
  7
Standard
140
4.5
170
     5
 62
     0
 63
   257
283
     0
 90
      512
 91
        0
  1

274
    -2
284
     1
 64
     0
275
    -2
285
     1
 65
     0
276
    -2
286
     1
 66
     0
277
    -2
287
     1
 67
     0
278
    -2
288
     1
 68
     0
279
    -2
289
     1
 69
     0
  0
VISUALSTYLE
  5
F5
102
{ACAD_REACTORS
330
EF
102
}
330
EF
100
AcDbVisualStyle
  2
2dWireframe
 70
     4
177
     2
291
     0
 71
     0
176
     1
 72
     2
176
     1
 73
     1
176
     1
 90
        0
176
     1
 40
-0.6
176
     1
 41
-30.0
176
     1
 62
     5
 63
     7
421
 16777215
176
     1
 74
     1
176
     1
 91
        4
176
     1
 64
     7
176
     1
 65
   257
176
     1
 75
     1
176
     1
175
     1
176
     1
 42
1.0
176
     1
 92
        0
176
     1
 66
   257
176
     1
 43
1.0
176
     1
 76
     1
176
     1
 77
     6
176
     1
 78
     2
176
     1
 67
     7
176
     1
 79
     5
176
     1
170
     0
176
     1
171
     0
176
     1
290
     0
176
     1
 93
        1
176
     1
 44
0.0
176
     1
173
     0
176
     1
  0
VISUALSTYLE
  5
F7
102
{ACAD_REACTORS
330
EF
102
}
330
EF
100
AcDbVisualStyle
  2
3D Hidden
 70
     6
177
     2
291
     0
 71
     1
176
     1
 72
     2
176
     1
 73
     2
176
     1
 90
        0
176
     1
 40
-0.6
176
     1
 41
-30.0
176
     1
 62
     5
 63
     7
421
 16777215
176
     1
 74
     2
176
     1
 91
        2
176
     1
 64
     7
176
     1
 65
   257
176
     1
 75
     2
176
     1
175
     1
176
     1
 42
40.0
176
     1
 92
        0
176
     1
 66
   257
176
     1
 43
1.0
176
     1
 76
     1
176
     1
 77
     6
176
     1
 78
     2
176
     1
 67
     7
176
     1
 79
     3
176
     1
170
     0
176
     1
171
     0
176
     1
290
     0
176
     1
 93
        1
176
     1
 44
0.0
176
     1
173
     0
176
     1
  0
VISUALSTYLE
  5
F6
102
{ACAD_REACTORS
330
EF
102
}
330
EF
100
AcDbVisualStyle
  2
3dWireframe
 70
     5
177
     2
291
     0
 71
     0
176
     1
 72
     2
176
     1
 73
     1
176
     1
 90
        0
176
     1
 40
-0.6
176
     1
 41
-30.0
176
     1
 62
     5
 63
     7
421
 16777215
176
     1
 74
     1
176
     1
 91
        4
176
     1
 64
     7
176
     1
 65
   257
176
     1
 75
     1
176
     1
175
     1
176
     1
 42
1.0
176
     1
 92
        0
176
     1
 66
   257
176
     1
 43
1.0
176
     1
 76
     1
176
     1
 77
     6
176
     1
 78
     2
176
     1
 67
     7
176
     1
 79
     5
176
     1
170
     0
176
     1
171
     0
176
     1
290
     0
176
     1
 93
        1
176
     1
 44
0.0
176
     1
173
     0
176
     1
  0
VISUALSTYLE
  5
F4
102
{ACAD_REACTORS
330
EF
102
}
330
EF
100
AcDbVisualStyle
  2
Basic
 70
     7
177
     2
291
     1
 71
     1
176
     1
 72
     0
176
     1
 73
     1
176
     1
 90
        0
176
     1
 40
-0.6
176
     1
 41
-30.0
176
     1
 62
     5
 63
     7
421
 16777215
176
     1
 74
     0
176
     1
 91
        4
176
     1
 64
     7
176
     1
 65
   257
176
     1
 75
     1
176
     1
175
     1
176
     1
 42
1.0
176
     1
 92
        8
176
     1
 66
     7
176
     1
 43
1.0
176
     1
 76
     1
176
     1
 77
     6
176
     1
 78
     2
176
     1
 67
     7
176
     1
 79
     5
176
     1
170
     0
176
     1
171
     0
176
     1
290
     0
176
     1
 93
        1
176
     1
 44
0.0
176
     1
173
     0
176
     1
  0
VISUALSTYLE
  5
FB
102
{ACAD_REACTORS
330
EF
102
}
330
EF
100
AcDbVisualStyle
  2
Brighten
 70
    12
177
     2
291
     1
 71
     2
176
     1
 72
     2
176
     1
 73
     1
176
     1
 90
        0
176
     1
 40
-0.6
176
     1
 41
-30.0
176
     1
 62
     5
 63
     7
421
 16777215
176
     1
 74
     1
176
     1
 91
        4
176
     1
 64
     7
176
     1
 65
   257
176
     1
 75
     1
176
     1
175
     1
176
     1
 42
1.0
176
     1
 92
        8
176
     1
 66
     7
176
     1
 43
1.0
176
     1
 76
     1
176
     1
 77
     6
176
     1
 78
     2
176
     1
 67
     7
176
     1
 79
     5
176
     1
170
     0
176
     1
171
     0
176
     1
290
     0
176
     1
 93
        1
176
     1
 44
50.0
176
     1
173
     0
176
     1
  0
VISUALSTYLE
  5
FF
102
{ACAD_REACTORS
330
EF
102
}
330
EF
100
AcDbVisualStyle
  2
ColorChange
 70
    16
177
     2
291
     1
 71
     2
176
     1
 72
     2
176
     1
 73
     3
176
     1
 90
        0
176
     1
 40
-0.6
176
     1
 41
-30.0
176
     1
 62
     5
 63
     8
421
  8421504
176
     1
 74
     1
176
     1
 91
        4
176
     1
 64
     7
176
     1
 65
   257
176
     1
 75
     1
176
     1
175
     1
176
     1
 42
1.0
176
     1
 92
        8
176
     1
 66
     8
424
  8421504
176
     1
 43
1.0
176
     1
 76
     1
176
     1
 77
     6
176
     1
 78
     2
176
     1
 67
     7
176
     1
 79
     5
176
     1
170
     0
176
     1
171
     0
176
     1
290
     0
176
     1
 93
        1
176
     1
 44
0.0
176
     1
173
     0
176
     1
  0
VISUALSTYLE
  5
F8
102
{ACAD_REACTORS
330
EF
102
}
330
EF
100
AcDbVisualStyle
  2
Conceptual
 70
     9
177
     2
291
     0
 71
     3
176
     1
 72
     2
176
     1
 73
     1
176
     1
 90
        0
176
     1
 40
-0.6
176
     1
 41
-30.0
176
     1
 62
     5
 63
     7
421
 16777215
176
     1
 74
     2
176
     1
 91
        2
176
     1
 64
     7
176
     1
 65
   257
176
     1
 75
     1
176
     1
175
     1
176
     1
 42
40.0
176
     1
 92
        8
176
     1
 66
     7
176
     1
 43
1.0
176
     1
 76
     1
176
     1
 77
     6
176
     1
 78
     2
176
     1
 67
     7
176
     1
 79
     3
176
     1
170
     0
176
     1
171
     0
176
     1
290
     0
176
     1
 93
        1
176
     1
 44
0.0
176
     1
173
     0
176
     1
  0
VISUALSTYLE
  5
FA
102
{ACAD_REACTORS
330
EF
102
}
330
EF
100
AcDbVisualStyle
  2
Dim
 70
    11
177
     2
291
     1
 71
     2
176
     1
 72
     2
176
     1
 73
     1
176
     1
 90
        0
176
     1
 40
-0.6
176
     1
 41
-30.0
176
     1
 62
     5
 63
     7
421
 16777215
176
     1
 74
     1
176
     1
 91
        4
176
     1
 64
     7
176
     1
 65
   257
176
     1
 75
     1
176
     1
175
     1
176
     1
 42
1.0
176
     1
 92
        8
176
     1
 66
     7
176
     1
 43
1.0
176
     1
 76
     1
176
     1
 77
     6
176
     1
 78
     2
176
     1
 67
     7
176
     1
 79
     5
176
     1
170
     0
176
     1
171
     0
176
     1
290
     0
176
     1
 93
        1
176
     1
 44
-50.0
176
     1
173
     0
176
     1
  0
VISUALSTYLE
  5
FE
102
{ACAD_REACTORS
330
EF
102
}
330
EF
100
AcDbVisualStyle
  2
Facepattern
 70
    15
177
     2
291
     1
 71
     2
176
     1
 72
     2
176
     1
 73
     1
176
     1
 90
        0
176
     1
 40
-0.6
176
     1
 41
-30.0
176
     1
 62
     5
 63
     7
421
 16777215
176
     1
 74
     1
176
     1
 91
        4
176
     1
 64
     7
176
     1
 65
   257
176
     1
 75
     1
176
     1
175
     1
176
     1
 42
1.0
176
     1
 92
        8
176
     1
 66
     7
176
     1
 43
1.0
176
     1
 76
     1
176
     1
 77
     6
176
     1
 78
     2
176
     1
 67
     7
176
     1
 79
     5
176
     1
170
     0
176
     1
171
     0
176
     1
290
     0
176
     1
 93
        1
176
     1
 44
0.0
176
     1
173
     0
176
     1
  0
VISUALSTYLE
  5
F0
102
{ACAD_REACTORS
330
EF
102
}
330
EF
100
AcDbVisualStyle
  2
Flat
 70
     0
177
     2
291
     1
 71
     2
176
     1
 72
     1
176
     1
 73
     1
176
     1
 90
        2
176
     1
 40
-0.6
176
     1
 41
30.0
176
     1
 62
     5
 63
     7
421
 16777215
176
     1
 74
     0
176
     1
 91
        4
176
     1
 64
     7
176
     1
 65
   257
176
     1
 75
     1
176
     1
175
     1
176
     1
 42
1.0
176
     1
 92
        8
176
     1
 66
     7
176
     1
 43
1.0
176
     1
 76
     1
176
     1
 77
     6
176
     1
 78
     2
176
     1
 67
     7
176
     1
 79
     5
176
     1
170
     0
176
     1
171
     0
176
     1
290
     0
176
     1
 93
        1
176
     1
 44
0.0
176
     1
173
     0
176
     1
  0
VISUALSTYLE
  5
F1
102
{ACAD_REACTORS
330
EF
102
}
330
EF
100
AcDbVisualStyle
  2
FlatWithEdges
 70
     1
177
     2
291
     1
 71
     2
176
     1
 72
     1
176
     1
 73
     1
176
     1
 90
        2
176
     1
 40
-0.6
176
     1
 41
30.0
176
     1
 62
     5
 63
     7
421
 16777215
176
     1
 74
     1
176
     1
 91
        4
176
     1
 64
     7
176
     1
 65
   257
176
     1
 75
     1
176
     1
175
     1
176
     1
 42
1.0
176
     1
 92
        0
176
     1
 66
   257
176
     1
 43
1.0
176
     1
 76
     1
176
     1
 77
     6
176
     1
 78
     2
176
     1
 67
     7
176
     1
 79
     5
176
     1
170
     0
176
     1
171
     0
176
     1
290
     0
176
     1
 93
        1
176
     1
 44
0.0
176
     1
173
     0
176
     1
  0
VISUALSTYLE
  5
F2
102
{ACAD_REACTORS
330
EF
102
}
330
EF
100
AcDbVisualStyle
  2
Gouraud
 70
     2
177
     2
291
     1
 71
     2
176
     1
 72
     2
176
     1
 73
     1
176
     1
 90
        2
176
     1
 40
-0.6
176
     1
 41
30.0
176
     1
 62
     5
 63
     7
421
 16777215
176
     1
 74
     0
176
     1
 91
        4
176
     1
 64
     7
176
     1
 65
   257
176
     1
 75
     1
176
     1
175
     1
176
     1
 42
1.0
176
     1
 92
        0
176
     1
 66
     7
176
     1
 43
1.0
176
     1
 76
     1
176
     1
 77
     6
176
     1
 78
     2
176
     1
 67
     7
176
     1
 79
     5
176
     1
170
     0
176
     1
171
     0
176
     1
290
     0
176
     1
 93
        1
176
     1
 44
0.0
176
     1
173
     0
176
     1
  0
VISUALSTYLE
  5
F3
102
{ACAD_REACTORS
330
EF
102
}
330
EF
100
AcDbVisualStyle
  2
GouraudWithEdges
 70
     3
177
     2
291
     1
 71
     2
176
     1
 72
     2
176
     1
 73
     1
176
     1
 90
        2
176
     1
 40
-0.6
176
     1
 41
30.0
176
     1
 62
     5
 63
     7
421
 16777215
176
     1
 74
     1
176
     1
 91
        4
176
     1
 64
     7
176
     1
 65
   257
176
     1
 75
     1
176
     1
175
     1
176
     1
 42
1.0
176
     1
 92
        0
176
     1
 66
   257
176
     1
 43
1.0
176
     1
 76
     1
176
     1
 77
     6
176
     1
 78
     2
176
     1
 67
     7
176
     1
 79
     5
176
     1
170
     0
176
     1
171
     0
176
     1
290
     0
176
     1
 93
        1
176
     1
 44
0.0
176
     1
173
     0
176
     1
  0
VISUALSTYLE
  5
FD
102
{ACAD_REACTORS
330
EF
102
}
330
EF
100
AcDbVisualStyle
  2
Linepattern
 70
    14
177
     2
291
     1
 71
     2
176
     1
 72
     2
176
     1
 73
     1
176
     1
 90
        0
176
     1
 40
-0.6
176
     1
 41
-30.0
176
     1
 62
     5
 63
     7
421
 16777215
176
     1
 74
     1
176
     1
 91
        4
176
     1
 64
     7
176
     1
 65
   257
176
     1
 75
     7
176
     1
175
     7
176
     1
 42
1.0
176
     1
 92
        8
176
     1
 66
     7
176
     1
 43
1.0
176
     1
 76
     1
176
     1
 77
     6
176
     1
 78
     2
176
     1
 67
     7
176
     1
 79
     5
176
     1
170
     0
176
     1
171
     0
176
     1
290
     0
176
     1
 93
        1
176
     1
 44
0.0
176
     1
173
     0
176
     1
  0
VISUALSTYLE
  5
F9
102
{ACAD_REACTORS
330
EF
102
}
330
EF
100
AcDbVisualStyle
  2
Realistic
 70
     8
177
     2
291
     0
 71
     2
176
     1
 72
     2
176
     1
 73
     1
176
     1
 90
        0
176
     1
 40
-0.6
176
     1
 41
-30.0
176
     1
 62
     5
 63
     7
421
 16777215
176
     1
 74
     1
176
     1
 91
        0
176
     1
 64
     7
176
     1
 65
   257
176
     1
 75
     1
176
     1
175
     1
176
     1
 42
1.0
176
     1
 92
        8
176
     1
 66
     8
424
  7895160
176
     1
 43
1.0
176
     1
 76
     1
176
     1
 77
     6
176
     1
 78
     2
176
     1
 67
     7
176
     1
 79
     5
176
     1
170
     0
176
     1
171
     0
176
     1
290
     0
176
     1
 93
       13
176
     1
 44
0.0
176
     1
173
     0
176
     1
  0
VISUALSTYLE
  5
FC
102
{ACAD_REACTORS
330
EF
102
}
330
EF
100
AcDbVisualStyle
  2
Thicken
 70
    13
177
     2
291
     1
 71
     2
176
     1
 72
     2
176
     1
 73
     1
176
     1
 90
        0
176
     1
 40
-0.6
176
     1
 41
-30.0
176
     1
 62
     5
 63
     7
421
 16777215
176
     1
 74
     1
176
     1
 91
        4
176
     1
 64
     7
176
     1
 65
   257
176
     1
 75
     1
176
     1
175
     1
176
     1
 42
1.0
176
     1
 92
       12
176
     1
 66
     7
176
     1
 43
1.0
176
     1
 76
     1
176
     1
 77
     6
176
     1
 78
     2
176
     1
 67
     7
176
     1
 79
     5
176
     1
170
     0
176
     1
171
     0
176
     1
290
     0
176
     1
 93
        1
176
     1
 44
0.0
176
     1
173
     0
176
     1
  0
XRECORD
  5
168B
102
{ACAD_REACTORS
330
168A
102
}
330
168A
100
AcDbXrecord
280
     1
310
28000000B40000007F00000001000800000000004C59000000000000000000000001000000000000FFFFFF0000000000FFFFFF000000000000000000000000000000000000000000000000000000000000000000330000006600000099000000CC000000FF00000000330000333300006633000099330000CC330000FF3300
310
0000660000336600006666000099660000CC660000FF66000000990000339900006699000099990000CC990000FF99000000CC000033CC000066CC000099CC0000CCCC0000FFCC000000FF000033FF000066FF000099FF0000CCFF0000FFFF000000003300330033006600330099003300CC003300FF003300003333003333
310
33006633330099333300CC333300FF33330000663300336633006666330099663300CC663300FF66330000993300339933006699330099993300CC993300FF99330000CC330033CC330066CC330099CC3300CCCC3300FFCC330000FF330033FF330066FF330099FF3300CCFF3300FFFF330000006600330066006600660099
310
006600CC006600FF00660000336600333366006633660099336600CC336600FF33660000666600336666006666660099666600CC666600FF66660000996600339966006699660099996600CC996600FF99660000CC660033CC660066CC660099CC6600CCCC6600FFCC660000FF660033FF660066FF660099FF6600CCFF6600
310
FFFF660000009900330099006600990099009900CC009900FF00990000339900333399006633990099339900CC339900FF33990000669900336699006666990099669900CC669900FF66990000999900339999006699990099999900CC999900FF99990000CC990033CC990066CC990099CC9900CCCC9900FFCC990000FF99
310
0033FF990066FF990099FF9900CCFF9900FFFF99000000CC003300CC006600CC009900CC00CC00CC00FF00CC000033CC003333CC006633CC009933CC00CC33CC00FF33CC000066CC003366CC006666CC009966CC00CC66CC00FF66CC000099CC003399CC006699CC009999CC00CC99CC00FF99CC0000CCCC0033CCCC0066CC
310
CC0099CCCC00CCCCCC00FFCCCC0000FFCC0033FFCC0066FFCC0099FFCC00CCFFCC00FFFFCC000000FF003300FF006600FF009900FF00CC00FF00FF00FF000033FF003333FF006633FF009933FF00CC33FF00FF33FF000066FF003366FF006666FF009966FF00CC66FF00FF66FF000099FF003399FF006699FF009999FF00CC
310
99FF00FF99FF0000CCFF0033CCFF0066CCFF0099CCFF00CCCCFF00FFCCFF0000FFFF0033FFFF0066FFFF0099FFFF00CCFFFF00FFFFFF00000000000D0D0D001A1A1A00282828003535350043434300505050005D5D5D006B6B6B00787878008686860093939300A1A1A100AEAEAE00BBBBBB00C9C9C900D6D6D600E4E4E400
310
F1F1F100FFFFFF0000000000000000000000000000000000000000000000000000000000000000000000000000000000E2E2E2E2E2E2E2E2E2E2E2E2E2E2E2E2E2E2E2E2E2E2E2E2E2E2E2E2E2E2E2E2E2E2E2E2E2E2E2E2E2E2E2E2E2E2E2E2E2E2E2E2E2E2E2E2E2E2E2E2E2E2E2E2E2E2E2E2E2E2E2E2E2E2E2E2E2E2E2
310
E2E2E2E2E2E2E2E2E2E2E2E2E2E2E2E2E2E2E2E2E2E2E2E2E2E2E2E2E2E2E2E2E2E2E2E2E2E2E2E2E2E2E2E2E2E2E2E2E2E2E2E2E2E2E2E2E2E2E2E2E2E2E2E2E2E2E2E2E2E2E2E2E2E2E2E2E2E2E2E2E2E2E2E2E2E2E2E2E2E2E2E2E2E2E2E2E2E2E2E2E2E2F5F5F5F5F5F5F5F5F5F5F5F5F5F5F5F5F5F5F5F5F5F5F5F5F5
310
F5F5F5F5F5F5F5F5F5F5F5F5F5F5F5F5F5F5F5F5F5F5F5F5F5F5F5F5F5F5F5F5F5F5F5F5F5F5F5F5F5F5F5F5F5F5F5F5F5F5F5F5F5F5F5F5F5F5F5F5F5F5F5F5F5F5F5F5F5F5F5F5F5F5F5F5F5F5F5F5F5F5F5F5F5F5F5F5F5F5F5F5F5F5F5F5F5F5F5F5F5F5F5F5F5F5F5F5F5F5F5F5F5F5F5F5F5F5F5F5F5F5F5F5F5F5F5
310
F5F5F5F5F5F5F5F5F5F5F5F5F5F5F5F5F5F5F5F5F5F5F5F5F5E2E2E2F5F5F5F5F5F5F5F5F5F5F5F5F5F5F5F5F5F5F5F5F5F5F5F5F5F5F5F5F5F5F5F5F5F5F5F5F5F5F5F5F5F5F5F5F5F5F5F5F5F5F5F5F5F5F5F5F5F5F5F5F5F5F5F5F5F5F5F5F5F5F5F5F5F5F5F5F5F5F5F5F5F5F5F5F5F5F5F5F5F5F5F5F5F5F5F5F5F5F5
310
F5F5F5F5F5F5F5F5F5F5F5F5F5F5F5F5F5F5F5F5F5F5F5F5F5F5F5F5F5F5F5F5F5F5F5F5F5F5F5F5F5F5F5F5F5F5F5F5F5F5F5F5F5F5F5F5F5F5F5F5F5F5F5F5F5F5F5F5F5F5F5F5F5F5F5F5F5F5E2E2E2F5F5F5F5F5F5F5F5F5F5F5F5F5F5F5F5F5F5F5F5F5F5F5F5F5F5F5F5F5F5F5F5F5F5F5F5F5F5F5F5F5F5F5F5F5F5
310
F5F5F5F5F5F5F5F5F5F5F5F5F5F5F5F5F5F5F5F5F5F5F5F5F5F5F5F5F5F5F5F5F5F5F5F5F5F5F5F5F5F5F5F5F5F5F5F5F5F5F5F5F5F5F5F5F5F5F5F5F5F5F5F5F5F5F5F5F5F5F5F5F5F5F5F5F5F5F5F5F5F5F5F5F5F5F5F5F5F5F5F5F5F5F5F5F5F5F5F5F5F5F5F5F5F5F5F5F5F5F5F5F5F5F5F5F5F5F5F5F5F5F5F5F5F5F5
310
F5F5F5F5E2E2E2F5F5F5F5F5F5F5F5F5F5F5F5F5F5F5F5F5F5F5F5F5F5F5F5F5F5F5F5F5F5F5F5F5F5F5F5F5F5F5F5F5F5F5F5F5F5F5F5F5F5F5F5F5F5F5F5F5F5F5F5F5F5F5F5F5F5F5F5F5F5F5F5F5F5F5F5F5F5F5F5F5F5F5F5F5F5F5F5F5F5F5F5F5F5F5F5F5F5F5F5F5F5F5F5F5F5F5F5F5F5F5F5F5F5F5F5F5F5F5F5
310
F5F5F5F5F5F5F5F5F5F5F5F5F5F5F5F5F5F5F5F5F5F5F5F5F5F5F5F5F5F5F5F5F5F5F5F5F5F5F5F5F5F5F5F5F5F5F5F5F5F5F5F5F5F5F5F5F5E2E2E2F5F5F5F5F5F5F5F5F5F5F5E2E2E2E2E2E2E2E2E2F5F5F5F5F5F5F5F5F5E2E2E2E2E2E2E2E2E2E2E2E2E2E2E2E2F5F5F5F5F5F5F5F5F5F5E2E2E2E2E2E2E2E2E2E2E2E2
310
E2E2E2E2F5F5F5F5F5F5F5F5F5E2E2E2E2E2E2E2E2E2E2E2E2E2E2E2E2E2F5F5F5F5F5F5F5F5F5E2E2E2E2E2E2E2E2E2E2E2E2E2E2E2E2F5F5F5F5F5F5F5F5F5F5E2E2E2E2E2E2E2E2E2E2E2E2E2E2E2E2F5F5F5F5F5F5F5F5F5E2E2E2E2E2E2E2E2E2F5F5F5F5F5F5F5F5F5F5F5E2E2E2F5F5F5F5F5F5F5F5F5F5F5E2F5F5
310
F5F5F5F5F5F5F5F5F5F5F5F5F5F5F5F5F5F5F5F5F5F5F5F5F5F5F5F5F5F5F5F5F5F5F5F5F5F5F5F5F5F5F5F5F5F5F5F5F5F5F5F5F5F5F5F5F5F5F5F5F5F5F5F5F5F5F5F5F5F5F5F5F5F5F5F5F5F5F5F5F5F5F5F5F5F5F5F5F5F5F5F5F5F5F5F5F5F5F5F5F5F5F5F5F5F5F5F5F5F5F5F5F5F5F5F5F5F5F5F5F5F5F5F5F5F5F5
310
F5F5F5F5F5F5F5F5F5F5F5F5F5F5F5F5F5F5F5F5F5F5F5F5E2F5F5F5F5F5F5F5F5F5F5F5E2E2E2F5F5F5F5F5F5F5F5F5F5F5E2F5F5F5F5F5F5F5F5F5F5F5F5F5F5F5F5F5F5F5F5F5F5F5F5F5F5F5F5F5F5F5F5F5F5F5F5F5F5F5F5F5F5F5F5F5F5F5F5F5F5F5F5F5F5F5F5F5F5F5F5F5F5F5F5F5F5F5F5F5F5F5F5F5F5F5F5
310
F5F5F5F5F5F5F5F5F5F5F5F5F5F5F5F5F5F5F5F5F5F5F5F5F5F5F5F5F5F5F5F5F5F5F5F5F5F5F5F5F5F5F5F5F5F5F5F5F5F5F5F5F5F5F5F5F5F5F5F5F5F5F5F5F5F5F5F5F5F5F5F5F5F5F5F5F5E2F5F5F5F5F5F5F5F5F5F5F5E2E2E2F5F5F5F5F5F5F5F5F5F5F5E2F5F5F5F5F5F5F5F5F5F5F5F5F5F5F5F5F5F5F5F5F5F5F5
310
F5F5F5F5F5F5F5F5F5F5F5F5F5F5F5F5F5F5F5F5F5F5F5F5F5F5F5F5F5F5F5F5F5F5F5F5F5F5F5F5F5F5F5F5F5F5F5F5F5F5F5F5F5F5F5F5F5F5F5F5F5F5F5F5F5F5F5F5F5F5F5F5F5F5F5F5F5F5F5F5F5F5F5F5F5F5F5F5F5F5F5F5F5F5F5F5F5F5F5F5F5F5F5F5F5F5F5F5F5F5F5F5F5F5F5F5F5F5F5F5F5F5F5F5F5F5F5
310
F5F5F5E2F5F5F5F5F5F5F5F5F5F5F5E2E2E2F5F5F5F5F5F5F5F5F5F5F5E2F5F5F5F5F5F5F5F5F5F5F5F5F5F5F5F5F5F5F5F5F5F5F5F5F5F5F5F5F5F5F5F5F5F5F5F5F5F5F5F5F5F5F5F5F5F5F5F5F5F5F5F5F5F5F5F5F5F5F5F5F5F5F5F5F5F5F5F5F5F5F5F5F5F5F5F5F5F5F5F5F5F5F5F5F5F5F5F5F5F5F5F5F5F5F5F5F5
310
F5F5F5F5F5F5F5F5F5F5F5F5F5F5F5F5F5F5F5F5F5F5F5F5F5F5F5F5F5F5F5F5F5F5F5F5F5F5F5F5F5F5F5F5F5F5F5F5F5F5F5F5F5F5F5F5E2F5F5F5F5F5F5F5F5F5F5F5E2E2E2F5F5F5F5F5F5F5F5F5F5F5E2F5F5F5F5F5F5F5F5F5F5F5F5F5F5F5F5F5F5F5F5F5F5F5F5F5F5F5F5F5F5F5F5F5F5F5F5F5F5F5F5F5F5F5F5
310
F5F5F5F5F5F5F5F5F5F5F5F5F5F5F5F5F5F5F5F5F5F5F5F5F5F5F5F5F5F5F5F5F5F5F5F5F5F5F5F5F5F5F5F5F5F5F5F5F5F5F5F5F5F5F5F5F5F5F5F5F5F5F5F5F5F5F5F5F5F5F5F5F5F5F5F5F5F5F5F5F5F5F5F5F5F5F5F5F5F5F5F5F5F5F5F5F5F5F5F5F5F5F5F5F5F5F5F5F5E2F5F5F5F5F5F5F5F5F5F5F5E2E2E2F5F5F5
310
F5F5F5F5F5F5F5F5E2F5F5F5F5F5F5F5F5F5F5F5F5F5F5F5F5F5F5F5F5F5F5F5F5F5F5F5F5F5F5F5F5F5F5F5F5F5F5F5F5F5F5F5F5F5F5F5F5F5F5F5F5F5F5F5F5F5F5F5F5F5F5F5F5F5F5F5F5F5F5F5F5F5F5F5F5F5F5F5F5F5F5F5F5F5F5F5F5F5F5F5F5F5F5F5F5F5F5F5F5F5F5F5F5F5F5F5F5F5F5F5F5F5F5F5F5F5F5
310
F5F5F5F5F5F5F5F5F5F5F5F5F5F5F5F5F5F5F5F5F5F5F5F5F5F5F5F5F5F5F5F5F5F5F5E2F5F5F5F5F5F5F5F5F5F5F5E2E2E2F5F5F5F5F5F5F5F5F5F5F5E2F5F5F5F5F5F5F5F5F5F5F5F5F5F5F5F5F5F5F5F5F5F5F5F5F5F5F5F5F5F5F5F5F5F5F5F5F5F5F5F5F5F5F5F5F5F5F5F5F5F5F5F5F5F5F5F5F5F5F5F5F5F5F5F5F5
310
F5F5F5F5F5F5F5F5F5F5F5F5F5F5F5F5F5F5F5F5F5F5F5F5F5F5F5F5F5F5F5F5F5F5F5F5F5F5F5F5F5F5F5F5F5F5F5F5F5F5F5F5F5F5F5F5F5F5F5F5F5F5F5F5F5F5F5F5F5F5F5F5F5F5F5F5F5F5F5F5F5F5F5F5F5F5F5F5E2F5F5F5F5F5F5F5F5F5F5F5E2E2E2F5F5F5F5F5F5F5F5F5F5F5F5F5F5F5F5F5F5F5F5F5F5F5F5
310
F5F5F5F5F5F5F5F5F5F5F5F5F5F5F5F5F5F5F5F5F5F5F5F5F5F5F5F5F5F5F5F5F5F5F5F5F5F5F5F5F5F5F5F5F5F5F5F5F5F5F5F5F5F5F5F5F5F5F5F5F5F5F5F5F5F5F5F5F5F5F5F5F5F5F5F5F5F5F5F5F5F5F5F5F5F5F5F5F5F5F5F5F5F5F5F5F5F5F5F5F5F5F5F5F5F5F5F5F5F5F5F5F5F5F5F5F5F5F5F5F5F5F5F5F5F5F5
310
F5F5F5F5F5F5F5F5F5F5F5F5F5F5F5F5F5F5F5F5F5F5F5F5F5F5E2E2E2F5F5F5F5F5F5F5F5F5F5F5F5F5F5F5F5F5F5F5F5F5F5F5F5F5F5F5F5F5F5F5F5F5F5F5F5F5F5F5F5F5F5F5F5F5F5F5F5F5F5F5F5F5F5F5F5F5F5F5F5F5F5F5F5F5F5F5F5F5F5F5F5F5F5F5F5F5F5F5F5F5F5F5F5F5F5F5F5F5F5F5F5F5F5F5F5F5F5
310
F5F5F5F5F5F5F5F5F5F5F5F5F5F5F5F5F5F5F5F5F5F5F5F5F5F5F5F5F5F5F5F5F5F5F5F5F5F5F5F5F5F5F5F5F5F5F5F5F5F5F5F5F5F5F5F5F5F5F5F5F5F5F5F5F5F5F5F5F5F5F5F5F5F5F5F5F5F5F5E2E2E2F5F5F5F5F5F5F5F5F5F5F5F5F5F5F5F5F5F5F5F5F5F5F5F5F5F5F5F5F5F5F5F5F5F5F5F5F5F5F5F5F5F5F5F5F5
310
F5F5F5F5F5F5F5F5F5F5F5F5F5F5F5F5F5F5F5F5F5F5F5F5F5F5F5F5F5F5F5F5F5F5F5F5F5F5F5F5F5F5F5F5F5F5F5F5F5F5F5F5F5F5F5F5F5F5F5F5F5F5F5F5F5F5F5F5F5F5F5F5F5F5F5F5F5F5F5F5F5F5F5F5F5F5F5F5F5F5F5F5F5F5F5F5F5F5F5F5F5F5F5F5F5F5F5F5F5F5F5F5F5F5F5F5F5F5F5F5F5F5F5F5F5F5F5
310
F5F5F5F5F5E2E2E2F5F5F5F5F5F5F5F5F5F5F5F5F5F5F5F5F5F5F5F5F5F5F5F5F5F5343434343434343434343434343434343434343434343434343434343434343434343434343434343434343434343434343434343434343434343434343434343434343434343434343434343434343434343434343434343434343434
310
3434343434343434343434343434343434343434343434343434343434343434F5F5F5F5F5F5F5F5F5F5F5F5F5F5F5F5F5F5F5F5F5F5F5F5F5F5E2E2E2F5F5F5F5F5F5F5F5F5F5F5F5F5F5F5F5F5F5F5F5F5F5F5F5F5F534F5F5F5F5F5F5F5F5F5F5F5F5F5F5F5F5F5F5F5F5F5F5F5F5F5F5F5F5F5F5F5F5F5F5F5F5F5F5F5
310
F5F5F5F5F5F5F5F5F5F5F5F5F5F5F5F5F5F5F5F5F5F5F5F5F5F5F5F5F5F5F5F5F5F5F5F5F5F5F5F5F5F5F5F5F5F5F5F5F5F5F5F5F5F5F5F5F5F5F5F5F5F5F5F5F5F5F5F5F5F5F5F5F5F5F5F5F5F5F5F5F5F5F5F534F5F5F5F5F5F5F5F5F5F5F5F5F5F5F5F5F5F5F5F5F5F5F5F5F5F5E2E2E2F5F5F5F5F5F5F5F5F5F5F5F5F5
310
F5F5F5F5F5F5F5F5F5F5F5F5F534F5F5F5F5F5F5F5F5F5F5F5F5F5F5F5F5F5F5F5F5F5F5F5F5F5F5F5F5F5F5F5F5F5F5F5F5F5F5F5F5F5F5F5F5F5F5F5F5F5F5F5F5F5F5F5F5F5F5F5F5F5F5F5F5F5F5F5F5F5F5F5F5F5F5F5F5F5F5F5F5F5F5F5F5F5F5F5F5F5F5F5F5F5F5F5F5F5F5F5F5F5F5F5F5F5F5F5F5F5F5F5F5F5
310
F5F5F5F5F5F5F5F5F5F534F5F5F5F5F5F5F5F5F5F5F5F5F5F5F5F5F5F5F5F5F5F5F5F5F5F5E2E2E2F5F5F5F5F5F5F5F5F5F5F5F5F5F5F5F5F5F5F5F5F5F5F5F5F5F534F5F5F5F5F5F5F5F5F5F5F5F5F5F5F5F5F5F5F5F5F5F5F5F5F5F5F5F5F5F5F5F5F5F5F5F5F5F5F5F5F5F5F5F5F5F5F5F5F5F5F5F5F5F5F5F5F5F5F5F5
310
F5F5F5F5F5F5F5F5F5F5F5F5F5F5F5F5F5F5F5F5F5F5F5F5F5F5F5F5F5F5F5F5F5F5F5F5F5F5F5F5F5F5F5F5F5F5F5F5F5F5F5F5F5F5F5F5F5F5F5F5F5F5F534F5F5F5F5F5F5F5F5F5F5F5F5F5F5F5F5F5F5F5F5F5F5F5F5F5F5E2E2E2F5F5F5F5F5F5F5F5F5F5F5F5F5F5F5F5F5F5F5F5F5F5F5F5F5F534F5F5F5F5F5F5F5
310
F5F5F5F5F5F5F5F5F5F5F5F5F5F5F5F5F5F5F5F5F5F5F5F5F5F5F5F5F5F5F5F5F5F5F5F5F5F5F5F5F5F5F5F5F5F5F5F5F5F5F5F5F5F5F5F5F5F5F5F5F5F5F5F5F5F5F5F5F5F5F5F5F5F5F5F5F5F5F5F5F5F5F5F5F5F5F5F5F5F5F5F5F5F5F5F5F5F5F5F5F5F5F5F5F5F5F5F5F5F5F5F5F5F5F5F534F5F5F5F5F5F5F5F5F5F5
310
F5F5F5F5F5F5F5F5F5F5F5F5F5F5F5F5E2E2E2F5F5F5F5F5F5F5F5F5F5F5E2F5F5F5F5F5F5F5F5F5F5F5F5F5F534F5F5F5F5F5F5F5F5F5F5F5F5F5F5F5F5F5F5F5F5F5F5F5F5F5F5F5F5F5F5F5F5F5F5F5F5F5F5F5F5F5F5F5F5F5F5F5F5F5F5F5F5F5F5F5F5F5F5F5F5F5F5F5F5F5F5F5F5F5F5F5F5F5F5F5F5F5F5F5F5F5
310
F5F5F5F5F5F5F5F5F5F5F5F5F5F5F5F5F5F5F5F5F5F5F5F5F5F5F5F5F5F5F5F5F5F5F5F5F5F5F5F5F5F534F5F5F5F5F5F5F5F5F5F5F5F5F5F5E2F5F5F5F5F5F5F5F5F5F5F5E2E2E2F5F5F5F5F5F5F5F5F5F5F5E2F5F5F5F5F5F5F5F5F5F5F5F5F5F534F5F5F5F5F5F5F5F5F5F5F5F5F5F5F5F5F5F5F5F5F5F5F5F5F5F5F5F5
310
F5F5F5F5F5F5F5F5F5F5F5F5F5F5F5F5F5F5F5F5F5F5F5F5F5F5F5F5F5F5F5F5F5F5F5F5F5F5F5F5F5F5F5F5F5F5F5F5F5F5F5F5F5F5F5F5F5F5F5F5F5F5F5F5F5F5F5F5F5F5F5F5F5F5F5F5F5F5F5F5F5F5F5F5F5F5F5F5F5F5F5F5F5F5F534F5F5F5F5F5F5F5F5F5F5F5F5F5F5E2F5F5F5F5F5F5F5F5F5F5F5E2E2E2F5F5
310
F5F5F5F5F5F5F5F5F5E2F5F5F5F5F5F5F5F5F5F5F5F5F5F534F5F5F5F5F5F5F5F5F5F5F5F5F5F5F5F5F5F5F5F5F5F5F5F5F5F5F5F5F5F5F5F5F5F5F5F5F5F5F5F5F5F5F5F5F5F5F5F5F5F5F5F5F5F5F5F5F5F5F5F5F5F5F5F5F5F5F5F5F5F5F5F5F5F5F5F5F5F5F5F5F5F5F5F5F5F5F5F5F5F5F5F5F5F5F5F5F5F5F5F5F5F5
310
F5F5F5F5F5F5F5F5F5F5F5F5F5F5F5F5F5F5F5F5F534F5F5F5F5F5F5F5F5F5F5F5F5F5F5E2F5F5F5F5F5F5F5F5F5F5F5E2E2E2F5F5F5F5F5F5F5F5F5F5F5E2F5F5F5F5F5F5F5F5F5F5F5F5F5F534F5F5F5F5F5F5F5F5F5F5F5F5F5F5F5F5F5F5F5F5F5F5F5F5F5F5F5F5F5F5F5F5F5F5F5F5F5F5F5F5F5F5F5F5F5F5F5F5F5
310
F5F5F5F5F5F5F5F5F5F5F5F5F5F5F5F5F5F5F5F5F5F5F5F5F5F5F5F5F5F5F5F5F5F5F5F5F5F5F5F5F5F5F5F5F5F5F5F5F5F5F5F5F5F5F5F5F5F5F5F5F5F5F5F5F5F5F5F5F5F5F5F5F5F534F5F5F5F5F5F5F5F5F5F5F5F5F5F5E2F5F5F5F5F5F5F5F5F5F5F5E2E2E2F5F5F5F5F5F5F5F5F5F5F5E2F5F5F5F5F5F5F5F5F5F5F5
310
F5F5F534F5F5F5F5F5F5F5F5F5F5F5F5F5F5F5F5F5F5F5F5F5F5F5F5F5F5F5F5F5F5F5F5F5F5F5F5F5F5F5F5F5F5F5F5F5F5F5F5F5F5F5F5F5F5F5F5F5F5F5F5F5F5F5F5F5F5F5F5F5F5F5F5F5F5F5F5F5F5F5F5F5F5F5F5F5F5F5F5F5F5F5F5F5F5F5F5F5F5F5F5F5F5F5F5F5F5F5F5F5F5F5F5F5F5F5F5F5F5F5F5F5F5F5
310
34F5F5F5F5F5F5F5F5F5F5F5F5F5F5E2F5F5F5F5F5F5F5F5F5F5F5E2E2E2F5F5F5F5F5F5F5F5F5F5F5E2F5F5F5F5F5F5F5F5F5F5F5F5F5F534F5F5F5F5F5F5F5F5F5F5F5F5F5F5F5F5F5F5F5F5F5F5F5F5F5F5F5F5F5F5F5F5F5F5F5F5F5F5F5F5F5F5F5F5F5F5F5F5F5F5F5F5F5F5F5F5F5F5F5F5F5F5F5F5F5F5F5F5F5F5
310
F5F5F5F5F5F5F5F5F5F5F5F5F5F5F5F5F5F5F5F5F5F5F5F5F5F5F5F5F5F5F5F5F5F5F5F5F5F5F5F5F5F5F5F5F5F5F5F5F5F5F5F5F534F5F5F5F5F5F5F5F5F5F5F5F5F5F5E2F5F5F5F5F5F5F5F5F5F5F5E2E2E2F5F5F5F5F5F5F5F5F5F5F5E2F5F5F5F5F5F5F5F5F5F5F5F5F5F534F5F5F5F5F5F5F5F5F5F5F5F5F5F5F5F5F5
310
F5F5F5F5F5F5F5F5F5F5F5F5F5F5F5F5F5F5F5F5F5F5F5F5F5F5F5F5F5F5F5F5F5F5F5F5F5F5F5F5F5F5F5F5F5F5F5F5F5F5F5F5F5F5F5F5F5F5F5F5F5F5F5F5F5F5F5F5F5F5F5F5F5F5F5F5F5F5F5F5F5F5F5F5F5F5F5F5F5F5F5F5F5F5F5F5F5F5F5F5F5F5F5F5F5F534F5F5F5F5F5F5F5F5F5F5F5F5F5F5E2F5F5F5F5F5
310
F5F5F5F5F5F5E2E2E2F5F5F5F5F5F5F5F5F5F5F5E2F5F5F5F5F5F5F5F5F5F5F5F5F5F534F5F5F5F5F5F5F5F5F5F5F5F5F5F5F5F5F5F5F5F5F5F5F5F5F5F5F5F5F5F5F5F5F5F5F5F5F5F5F5F5F5F5F5F5F5F5F5F5F5F5F5F5F5F5F5F5F5F5F5F5F5F5F5F5F5F5F5F5F5F5F5F5F5F5F5F5F5F5F5F5F5F5F5F5F5F5F5F5F5F5F5
310
F5F5F5F5F5F5F5F5F5F5F5F5F5F5F5F5F5F5F5F5F5F5F5F5F5F5F5F5F5F5F5F534F5F5F5F5F5F5F5F5F5F5F5F5F5F5E2F5F5F5F5F5F5F5F5F5F5F5E2E2E2F5F5F5F5F5F5F5F5F5F5F5E2F5F5F5F5F5F5F5F5F5F5F5F5F5F534F5F5F5F5F5F5F5F5F5F5F5F5F5F5F5F5F5F5F5F5F5F5F5F5F5F5F5F5F5F5F5F5F5F5F5F5F5F5
310
F5F5F5F5F5F5F5F5F5F5F5F5F5F5F5F5F5F5F5F5F5F5F5F5F5F5F5F5F5F5F5F5F5F5F5F5F5F5F5F5F5F5F5F5F5F5F5F5F5F5F5F5F5F5F5F5F5F5F5F5F5F5F5F5F5F5F5F5F5F5F5F5F5F5F5F5F5F5F5F5F5F5F5F5F534F5F5F5F5F5F5F5F5F5F5F5F5F5F5E2F5F5F5F5F5F5F5F5F5F5F5E2E2E2F5F5F5F5F5F5F5F5F5F5F5E2
310
F5F5F5F5F5F5F5F5F5F5F5F5F5F534F5F5F5F5F5F5F5F5F5F5F5F5F5F5F5F5F5F5F5F5F5F5F5F5F5F5F5F5F5F5F5E2E2E2E2E2E2E2E2E2F5F5F5F5F5F5F5F5F5F5F5F5F5F5F5F5F5F5F5F5F5F5F5F5F5F5F5F5F5F5F5F5F5F5F5F5F5F5F5F5F5F5F5F5F5F5F5F5F5F5F5F5F5F5F5F5F5F5F5F5F5F5F5F5F5F5F5F5F5F5F5F5
310
F5F5F5F5F5F5F5F5F5F5F534F5F5F5F5F5F5F5F5F5F5F5F5F5F5E2F5F5F5F5F5F5F5F5F5F5F5E2E2E2F5F5F5F5F5F5F5F5F5F5F5E2F5F5F5F5F5F5F5F5F5F5F5F5F5F534F5F5F5F5F5F5F5F5F5F5F5F5F5F5F5F5F5F5F5F5F5F5F5F5F5F5F5F577CCCCE2E2E2E2E2E2E2E2E2CCCC0F0F0F0F0F0F0FE2E20F0F0F0F0F0F0F0F
310
0F7777770F0F0F0F0F0F0F0F0F0F0F0F0F0F0FE2E20F0F0F0F0F0FCCCCCCCCCCCCCCCC0FF5F5F5F5F5F5F5F5F5F5F5F5F5F5F5F5F5F5F5F5F5F5F5F5F5F5F5F534F5F5F5F5F5F5F5F5F5F5F5F5F5F5E2F5F5F5F5F5F5F5F5F5F5F5E2E2E2F5F5F5F5F5F5F5F5F5F5F5E2F5F5F5F5F5F5F5F5F5F5F5F5F5F534F5F5F5F5F5F5
310
F5F5F5F5F5F5F5F5F5F5F5F5F5F5F5F5F5F5F5F5F5F57777F5F5F5F5F5F5F5F5F5F5F50F0FE2E2E2E2E2E2E2E20F0F0F0F0F0F0F0F0F0F770F0F0F0F0F0F0F0F0F0FE2E2E2E2E2E2E2E20F0F0F0F0F0F0FF5F5F5F5F5F5770FF5F5F5F5F5F5F5F5F5F5F5F5F5F5F5F5F5F5F5F5F5F5F5F5F5F5F5F534F5F5F5F5F5F5F5F5F5
310
F5F5F5F5F5E2F5F5F5F5F5F5F5F5F5F5F5E2E2E2F5F5F5F5F5F5F5F5F5F5F5E2F5F5F5F5F5F5F5F5F5F5F5F5F5F534F5F5F5F5F5F5F5F5F5F5F5F5F5F5F5F5F5F5F5F5F5F5F5F5F5F5F5F5770FF5F5F5F5F5F5F5F5F5F5F5F5F5E2E2E2E2E2E2E2E2F5F5F5F516161616161677161616161616F5F5F5F5F5F5F5F5F5F5E2E2
310
F5F5F5F5F5F5F5F5F5F5F5F5F50F0FF5F5F5F5F5F5F5F5F5F5F5F5F5F5F5F5F5F5F5F5F5F5F5F5F5F5F5F534F5F5F5F5F5F5F5F5F5F5F5F5F5F5E2F5F5F5F5F5F5F5F5F5F5F5E2E2E2F5F5F5F5F5F5F5F5F5F5F5E2F5F5F5F5F5F5F5F5F5F5F5F5F5F534F5F5F5F5F5F5F5F5F5F5F5F5F5F5F5F5F5F5F5F5F5F5F5F5F5F5F5
310
F50F0FF5E2E2E2E2E2E2E2F5F5F5F5F5E2E2E2E2E2E2E2E2F5F5F5F51616F5F5F516F516F5F5F5F516F5F5F5F5E2E2E2E2E2E2E2E2F5F5F5F5F5E2E2E2E2E2E2E2E20F0FF5F5F5F5F5F5F5F5F5F5F5F5F5F5F5F5F5F5F5F5F5F5F5F5F5F5F5F534F5F5F5F5F5F5F5F5F5F5F5F5F5F5E2F5F5F5F5F5F5F5F5F5F5F5E2E2E2F5
310
F5F5F5F5F5F5F5F5F5F5E2F5F5F5F5F5F5F5F5F5F5F5F5F5F534F5F5F5F5F5F5F5F5F5F5F5F5F5F5F5F5F5F5F5F5F5F5F5F5F5F5F5F50F0FF5E2E2E2E2E2E2E2F5F5F5F5F5F5F5F5F5F5F5F5F5F5F5F5F516F516F5F516F516F5F5F5F516F5F5F5F5F5F5F5F5F5F5F5F5F5F5F5F5F5E2E2E2E2E2E2E2E20F0FF5F5F5F5F5F5
310
F5F5F5F5F5F5F5F5F5F5F5F5F5F5F5F5F5F5F5F5F5F534F5F5F5F5F5F5F5F5F5F5F5F5F5F5E2F5F5F5F5F5F5F5F5F5F5F5E2E2E2F5F5F5F5F5F5F5F5F5F5F5F5F5F5F5F5F5F5F5F5F5F5F5F5F5F534F5F5F5F5F5F5F5F5F5F5F5F5F5F5F5F5F5F5F5F5F5F5F5F5F5F5F5F50F3434E2E2E2E2E2343434F53434343434F53434
310
343434F534343434F5F5F5F516F516F5F5F5F534343434F53434343434F53434343434F534E2E2E2E2E2E23434340FF5F5F5F5F5F5F5F5F5F5F5F5F5F5F5F5F5F5F5F5F5F5F5F5F5F5F5F534F5F5F5F5F5F5F5F5F5F5F5F5F5F5F5F5F5F5F5F5F5F5F5F5F5F5E2E2E2F5F5F5F5F5F5F5F5F5F5F5F5F5F5F5F5F5F5F5F5F5F5
310
F5F5F5F534F5F5F5F5F5F5F5F5F5F5F5F5F5F5F5F5F5F5F5F5F5F5F5F5F5F5F5F50F0FF5F5F5F5F5F5F5F5F5F5F5F5F5F5F5F5F5F5F5F5F5F5F5F5F516F5F516F516F5E2F5F5F5F516F5F5F5F5F5F5F5F5F5F5F5F5F5F5F5F5F5F5F5F5F5F5F5F5F50F0FF5F5F5F5F5F5F5F5F5F5F5F5F5F5F5F5F5F5F5F5F5F5F5F5F5F5F5
310
F534F5F5F5F5F5F5F5F5F5F5F5F5F5F5F5F5F5F5F5F5F5F5F5F5F5F5E2E2E2F5F5F5F5F5F5F5F5F5F5F5F5F5F5F5F5F5F5F5F5F5F5F5F5F5F534F5F5F5F5F5F5F5F5F5F5F5F5F5F5F5F5F5F5F5F5F5F5F5F5F5F5F5F50F0FF5F5F5F5F5F5F5F5F5F5F5F5F5F5F5F5F5F5F5F5F5F5F5F5F516161616E21616161616161616F5
310
F5F5F5F5F5F5F5F5F5F5F5F5F5F5F5F5F5F5F5F5F5F5F5F50F0FF5F5F5F5F5F5F5F5F5F5F5F5F5F5F5F5F5F5F5F5F5F5F5F5F5F5F5F534F5F5F5F5F5F5F5F5F5F5F5F5F5F5F5F5F5F5F5F5F5F5F5F5F5F5E2E2E2F5F5F5F5F5F5F5F5F5F5F5F5F5F5F5F5F5F5F5F5F5F5F5F5F5F534F5F5F5F5F5F5F5F5F5F5F5F5F5F5F5F5
310
F5F5F5F5F5F5F5F5F5F5F5F50F1616161616161616161616160F0F757575750F0F75757575750F0FF5F5F5E21616E2F5E234F50F7575757575750F7575757575750F1616161616161616161616160FF5F5F5F5F5F5F5F5F5F5F5F5F5F5F5F5F5F5F5F5F5F5F5F5F5F5F5F534F5F5F5F5F5F5F5F5F5F5F5F5F5F5F5F5F5F5F5
310
F5F5F5F5F5F5F5E2E2E2F5F5F5F5F5F5F5F5F5F5F5F5F5F5F5F5F5F5F5F5F5F5F5F5F5F534F5F5F5F5F5F5F5F5F5F5F5F5F5F5F5F5F5F5F5F5F5F5F5F5F5F5F5F50F1616161616161616161616160F0F757575750F0F75757575750F0F161616161616E2161634160F7575757575750F7575757575750F1616161616161616
310
161616160FF5F5F5F5F5F5F5F5F5F5F5F5F5F5F5F5F5F5F5F5F5F5F5F5F5F5F5F534F5F5F5F5F5F5F5F5F5F5F5F5F5F5F5F5F5F5F5F5F5F5F5F5F5F5E2E2E2F5F5F5F5F5F5F5F5F5F5F5F5F5F5F5F5F5F5F5F5F5F5F5F5F5F534F5F5F5F5F5F5F5F5F5F5F5F5F5F5F5F5F5F5F5F5F5F5F5F5F5F5F5F50F0FF5F5F5F5F5F5F5
310
F5F5F5CCCCCCCCCCCCCC0F737373BFBF7373731616161616161616163416167373BFBF73730F0FCCCCCCCCCCCCCCF5F5F5F5F5F5F5F5F5F50F0FF5F5F5F5F5F5F5F5F5F5F5F5F5F5F5F5F5F5F5F5F5F5F5F5F5F5F5F534F5F5F5F5F5F5F5F5F5F5F5F5F5F5F5F5F5F5F5F5F5F5F5F5F5F5E2E2E2F5F5F5F5F5F5F5F5F5F5F5
310
F5F5F5F5F5F5F5F5F5F5F5F5F5F5F534F5F5F5F5F5F5F5F5F5F5F5F5F5F5F5F5F5F5F5F5F5F5F5F5F5F5F5F50F0FF5F5E2E2E2E2E2F5F5F5CCF5F5F5F5F5CC0F0FF5BFBFBFF5F50FF5F5F5F5161616F5F534F50FF5F5BFBFBFF50F0FCCF5F5F5F5F5CCF5E2E2E2E2E2E2F5F5F50F0FF5F5F5F5F5F5F5F5F5F5F5F5F5F5F5F5
310
F5F5F5F5F5F5F5F5F5F5F5F534F5F5F5F5F5F5F5F5F5F5F5F5F5F5F5F5F5F5F5F5F5F5F5F5F5F5E2E2E2F5F5F5F5F5F5F5F5F5F5F5F5F5F5F5F5F5F5F5F5F5F5F5F5F5F534F5F5F5F5F5F5F5F5F5F5F5F5F5F5F5F5F5F5F5F5F5F5F5F5F5F5F5F50F0FF5F5E2E2E2E2E2E2F5F5CCF5F5F5F5CCF50F0FF5BFBFBFF5F50F1616
310
16161616161616161616F5F5BFBFBFF50F0FF5CCF5F5F5F5CCF5E2E2E2E2E2E2F5F5F50F0FF5F5F5F5F5F5F5F5F5F5F5F5F5F5F5F5F5F5F5F5F5F5F5F5F5F5F5F534F5F5F5F5F5F5F5F5F5F5F5F5F5F5F5F5F5F5F5F5F5F5F5F5F5F5E2E2E2F5F5F5F5F5F5F5F5F5F5F5E2F5F5F5F5F5F5F5F5F5F5F5F5F5F534F5F5F5F5F5
310
F5F5F5F5F5F5F5F5F5F5F5F5F5F5F5F5F5F5F5F5F5F5F50F0FF5F5F5F5F5F5F5F5F5F5CCF5F5F5F5CCF50F0FF5E2E2E2F5F50F161616161616161616341616E2E2BFBFBFF50F0FF5CCF5F5F5F5CCF5F5F5F5F5F5F5F5F5F50F0FF5F5F5F5F5F5F5F5F5F5F5F5F5F5F5F5F5F5F5F5F5F5F5F5F5F5F5F534F5F5F5F5F5F5F5F5
310
F5F5F5F5F5F5E2F5F5F5F5F5F5F5F5F5F5F5E2E2E2F5F5F5F5F5F5F5F5F5F5F5E2F5F5F5F5F5F5F5F5F5F5F5F5F5F534F5F5F5F5F5F5F5F5F5F5F5F5F5F5F5F5F5F5F5F5F5F5F5F5F5F5F5F50F0FF5F5F5F5F5F5F5F5F5F5CCF5F5CCCCF5F50F0FF5E2E2E2F5F50F16161616E216161616341616E2E2E2F5F5F50F0FF5F5CC
310
CCF5F5CCF5F5F5F5F5F5F5F5F5F50F0FF5F5F5F5F5F5F5F5F5F5F5F5F5F5F5F5F5F5F5F5F5F5F5F5F5F5F5F534F5F5F5F5F5F5F5F5F5F5F5F5F5F5E2F5F5F5F5F5F5F5F5F5F5F5E2E2E2F5F5F5F5F5F5F5F5F5F5F5E2F5F5F5F5F5F5F5F5F5F5F5F5F5F534F5F5F5F5F5F5F5F5F5F5F5F5F5F5F5F5F5F5F5F5F5F5F5F5F5F5
310
F5F50F0F0F0F7575757575750F0FCCCCCCCCF5F5F5CCCCCCE2E2E2E2F50FF5F5F5F5E2F516163434F50FE2E2E2E2F5CCCCCCF5F5F5CCCCCCCC0F0F7575757575750F0F0F0FF5F5F5F5F5F5F5F5F5F5F5F5F5F5F5F5F5F5F5F5F5F5F5F5F5F5F5F534F5F5F5F5F5F5F5F5F5F5F5F5F5F5E2F5F5F5F5F5F5F5F5F5F5F5E2E2E2
310
F5F5F5F5F5F5F5F5F5F5F5E2F5F5F5F5F5F5F5F5F5F5F5F5F5F534F5F5F5F5F5F5F5F5F5F5F5F5F5F5F5F5F5F5F5F5F5F5F5F5F5F5F5F50F0F0F0F7575757575750F0F0FF5F5F5F5F5F5CCF5CCCCF5F5BFBF0FF5F5F5F516F516F516F5F50FBFBFF5F5CCCCF5CCF5F5F5F5F5F50F0F0F757575757575750F0F0FF5F5F5F5F5
310
F5F5F5F5F5F5F5F5F5F5F5F5F5F5F5F5F5F5F5F5F5F5F534F5F5F5F5F5F5F5F5F5F5F5F5F5F5E2F5F5F5F5F5F5F5F5F5F5F5E2E2E2F5F5F5F5F5F5F5F5F5F5F5E2F5F5F5F5F5F5F5F5F5F5F5F5F5F534F5F5F5F5F5F5F5F5F5F5F5F5F5F5F5F5F5F5F5F5F5F5F5F5F5F5F5F50F0FF5F5F5F5F5F5F5F5F5F50FF5F5F5F5F5F5
310
CCF5F5F5CCBFBFBFBFF5F5F5F516F516F5F516F5BFBFBFBFCCF5F5F5CCF5F5F5F5F5F50FF5F5F5F5F5F5F5F5F5F50F0FF5F5F5F5F5F5F5F5F5F5F5F5F5F5F5F5F5F5F5F5F5F5F5F5F5F5F5F534F5F5F5F5F5F5F5F5F5F5F5F5F5F5E2F5F5F5F5F5F5F5F5F5F5F5E2E2E2F5F5F5F5F5F5F5F5F5F5F5E2F5F5F5F5F5F5F5F5F5
310
F5F5F5F5F534F5F5F5F5F5F5F5F5F5F5F5F5F5F5F5F5F5F5F5F5F5F5F5F5F5F5F5F50F0FF5F5F5F5F5F5F5F5F5F50FF5F5F5F5F5F5CCF5F5F5CCBFBFBFBFF5F5F5F516F516F5F5F516BFBFBFBFCCF5F5F5CCF5F5F5F5F5F50FF5F5F5F5F5F5F5F5F5F50F0FF5F5F5F5F5F5F5F5F5F5F5F5F5F5F5F5F5F5F5F5F5F5F5F5F5F5
310
F5F534F5F5F5F5F5F5F5F5F5F5F5F5F5F5E2F5F5F5F5F5F5F5F5F5F5F5E2E2E2F5F5F5F5F5F5F5F5F5F5F5E2F5F5F5F5F5F5F5F5F5F5F5F5F5F534F5F5F5F5F5F5F5F5F5F5F5F5F5F5F5F5F5F5F5F5F5F5F5F5F5F5F5F50F0FF5F5F5F5F5F5F5F5F5F50FF5F5F5F5F5F5CCCCCCCCCCBFBFBFBF0F0F0F0F160F160F0F0F0FBF
310
BFBFBFCCCCCCCCCCF5F5F5F5F5F50FF5F5F5F5F5F5F5F5F5F50F0FF5F5F5F5F5F5F5F5F5F5F5F5F5F5F5F5F5F5F5F5F5F5F5F5F5F5F5F534F5F5F5F5F5F5F5F5F5F5F5F5F5F5E2F5F5F5F5F5F5F5F5F5F5F5E2E2E2F5F5F5F5F5F5F5F5F5F5F5E2F5F5F5F5F5F5F5F5F5F5F5F5F5F534F5F5F5F5F5F5F5F5F5F5F5F5F5F5F5
310
F5F5F5F5F5F5F5F5F5F5F5F5F50F0FF5F573737373737373730FF5F5F5F5F5F50F0F0F0F0F0F0F0F0F0F0F0F0F0F0F0F0F0F0F0F0F0F0F0F0F0F0F0F0FF5F5F5F5F5F5737373737373737373F5F50F0FF5F5F5F5F5F5F5F5F5F5F5F5F5F5F5F5F5F5F5F5F5F5F5F5F5F5F5F534F5F5F5F5F5F5F5F5F5F5F5F5F5F5E2F5F5F5
310
F5F5F5F5F5F5F5F5E2E2E2F5F5F5F5F5F5F5F5F5F5F5E2F5F5F5F5F5F5F5F5F5F5F5F5F5F534F5F5F5F5F5F5F5F5F5F5F5F5F5F5F5F5F5F5F5F5F5F5F5F5F5F5F5F50F0FF5F573E2E2E2E2E2E2F50FF5F5F5F5F5F5F5F5F5F5F5F5F5F5F5F5F5F5F5F5F5F5F5F5F5F5F5F5F5F5F5F5F5F5F5F5F5F5F5F5F50FE2E2E2E2E2E2
310
F573F5F50F0FF5F5F5F5F5F5F5F5F5F5F5F5F5F5F5F5F5F5F5F5F5F5F5F5F5F5F5F534F5F5F5F5F5F5F5F5F5F5F5F5F5F5E2F5F5F5F5F5F5F5F5F5F5F5E2E2E2F5F5F5F5F5F5F5F5F5F5F5E2F5F5F5F5F5F5F5F5F5F5F5F5F5F534F5F5F5F5F5F5F5F5F5F5F5F5F5F5F5F5F5F5F5F5F5F5F5F5F5F5F5F50F0FF5F573E2E2E2
310
E2E2F5F50FF5F5F5F5F5F5F5F5F5F5F5F5F5F5F5F5F5F5F5F5F5F5F5F5F5F5F5F5F5F5F5F5F5F5F5F5F5F5F5F5F50FE2E2E2E2E2E2F573F5F50F0FF5F5F5F5F5F5F5F5F5F5F5F5F5F5F5F5F5F5F5F5F5F5F5F5F5F5F5F534F5F5F5F5F5F5F5F5F5F5F5F5F5F5E2F5F5F5F5F5F5F5F5F5F5F5E2E2E2F5F5F5F5F5F5F5F5F5F5
310
F5E2F5F5F5F5F5F5F5F5F5F5F5F5F5F534F5F5F5F5F5F5F5F5F5F5F5F5F5F5F5F5F5F5F5F5F5F5F5F5F5F5F5F50F0FF5F573E2E2E2E2E2F5F50FF5F5F5F5F5F5F5F5F5F5F5F5F5F5F5F5F5F5F5F5F5F5F5F5F5F5F5F5F5F5F5F5F5F5F5F5F5F5F5F5F50FE2E2E2E2E2E2F573F5F50F0FF5F5F5F5F5F5F5F5F5F5F5F5F5F5F5
310
F5F5F5F5F5F5F5F5F5F5F5F5F534F5F5F5F5F5F5F5F5F5F5F5F5F5F5E2F5F5F5F5F5F5F5F5F5F5F5E2E2E2F5F5F5F5F5F5F5F5F5F5F5E2F5F5F5F5F5F5F5F5F5F5F5F5F5F534F5F5F5F5F5F5F5F5F5F5F5F5F5F5F5F5F5F5F5F5F5F5F5F5F5F5F5F50F0FF5F573F5F5F5F5F5F5F50FF5F5F5F5F5F5F5F5F5F5F5F5F5F5F5F5
310
F5F5F5F5F5F5F5F5F5F5F5F5F5F5F5F5F5F5F5F5F5F5F5F5F50FF5F5F5F5F5F5F573F5F50F0FF5F5F5F5F5F5F5F5F5F5F5F5F5F5F5F5F5F5F5F5F5F5F5F5F5F5F5F534F5F5F5F5F5F5F5F5F5F5F5F5F5F5E2F5F5F5F5F5F5F5F5F5F5F5E2E2E2F5F5F5F5F5F5F5F5F5F5F5E2F5F5F5F5F5F5F5F5F5F5F5F5F5F534F5F5F5F5
310
F5F5F5F5F5F5F5F5F5F5F5F5F5F5F5F5F5F5F5F5F5F5F5F50F0FF5F573F5F5F5F5F5CCCCCCF5F5F5F5F5F5F5F5F5F5F5F5F5F5F5F5F5F5F5F5F5F5F5F5F5F5F5F5F5F5F5F5F5F5F5F5F5F5F5F5F5CCCCCCF5F5F5F5F573F5F50F0FF5F5F5F5F5F5F5F5F5F5F5F5F5F5F5F5F5F5F5F5F5F5F5F5F5F5F5F534F5F5F5F5F5F5F5
310
F5F5F5F5F5F5F5E2F5F5F5F5F5F5F5F5F5F5F5E2E2E2F5F5F5F5F5F5F5F5F5F5F5E2F5F5F5F5F5F5F5F5F5F5F5F5F5F534F5F5F5F5F5F5F5F5F5F5F5F5F5F5F5F5F5F5F5F5F5F5F5F5F5F5F5F50F0FF5F573F5F5F5F5CCCCF5F5F5F5F5F5F5F5F5F5F5F5F5F5F5F5F5F5E2E2E2E2E2E2E2F5F5F5F5F5F5F5F5F5F5F5F5F5F5
310
F5F5F5F5F5F5CCCCF5F5F5F573F5F50F0FF5F5F5F5F5F5F5F5F5F5F5F5F5F5F5F5F5F5F5F5F5F5F5F5F5F5F5F534F5F5F5F5F5F5F5F5F5F5F5F5F5F5E2F5F5F5F5F5F5F5F5F5F5F5E2E2E2F5F5F5F5F5F5F5F5F5F5F5E2F5F5F5F5F5F5F5F5F5F5F5F5F5F534F5F5F5F5F5F5F5F5F5F5F5F5F5F5F5F5F5F5F5F5F5F5F5F5F5
310
F5F5F50F0FF5F573F5F5F5CCCCF5F5F5F5F5F5F5F5F5F5F5F5F5F5F5F5F5F5F5E2E2E2E2E2E2E2E2F5F5F5F5F5F5F5F5F5F5F5F5F5F5F5F5F5F5F5F5CCCCF5F5F573F5F50F0FF5F5F5F5F5F5F5F5F5F5F5F5F5F5F5F5F5F5F5F5F5F5F5F5F5F5F5F534F5F5F5F5F5F5F5F5F5F5F5F5F5F5E2F5F5F5F5F5F5F5F5F5F5F5E2E2
310
E2F5F5F5F5F5F5F5F5F5F5F5F5F5F5F5F5F5F5F5F5F5F5F5F5F5F534F5F5F5F5F5F5F5F5F5F5F5F5F5F5F5F5F5F5F5F5F5F5F5F5F5F5F5F50F0FF5F573F5F5F5CCF5F5F5F5F5F5F5F5F5F5F5F5F5F5F5F5F5F5F5F5E2E2E2E2E2E2E2E2F5F5F5F5F5F5F5F5F5F5F5F5F5F5F5F5F5F5F5F5F5CCF5F5F573F5F50F0FF5F5F5F5
310
F5F5F5F5F5F5F5F5F5F5F5F5F5F5F5F5F5F5F5F5F5F5F5F534F5F5F5F5F5F5F5F5F5F5F5F5F5F5F5F5F5F5F5F5F5F5F5F5F5F5E2E2E2F5F5F5F5F5F5F5F5F5F5F5F5F5F5F5F5F5F5F5F5F5F5F5F5F5F534F5F5F5F5F5F5F5F5F5F5F5F5F5F5F5F5F5F5F5F5F5F5F5F5F5F5F5F50F0FF5F573F5F5F5CCCCCCCCCCF5F5F5F5F5
310
F5F5F5F5F5F5F5F5F5F5F5F5F5F5F5F5F5F5F5F5F5F5F5F5F5F5F5F5F5F5F5F5F5F5F5F5CCCCCCCCCCF5F5F573F5F50F0FF5F5F5F5F5F5F5F5F5F5F5F5F5F5F5F5F5F5F5F5F5F5F5F5F5F5F5F534F5F5F5F5F5F5F5F5F5F5F5F5F5F5F5F5F5F5F5F5F5F5F5F5F5F5E2E2E2F5F5F5F5F5F5F5F5F5F5F5F5F5F5F5F5F5F5F5F5
310
F5F5F5F5F5F534F5F5F5F5F5F5F5F5F5F5F5F5F5F5F5F5F5F5F5F5F5F5F5F5F5F5F5F50F0F0F0F0F0F0F0F0F0F0F0FCCF5F5F5F5F5F5F5F5F5F5F5F5F5F5F5F5F5F5F5F5F5F5F5F5F5F5F5F5F5F5F5F5F5F5F5F5F5F5F5F5F5CC0F0F0F0F0F0F0F0F0F0F0F0FF5F5F5F5F5F5F5F5F5F5F5F5F5F5F5F5F5F5F5F5F5F5F5F5F5
310
F5F5F534F5F5F5F5F5F5F5F5F5F5F5F5F5F5F5F5F5F5F5F5F5F5F5F5F5F5E2E2E2F5F5F5F5F5F5F5F5F5F5F5F5F5F5F5F5F5F5F5F5F5F5F5F5F5F534F5F5F5F5F5F5F5F5F5F5F5F5F5F5F5F5F5F5F5F5F5F5F5F5F5F5F5F50F0FF5E2E2E2E2E2E2E2E2E2F5F5F5F5F5F5F5F5F5F5F5F5F5F5F5F5F5F5F5F5F5F5F5F5F5F5F5
310
F5F5F5F5F5F5F5F5F5F5F5F5F5F5F5F5E2E2E2E2E2E2E2E2E2F50F0FF5F5F5F5F5F5F5F5F5F5F5F5F5F5F5F5F5F5F5F5F5F5F5F5F5F5F5F534F5F5F5F5F5F5F5F5F5F5F5F5F5F5F5F5F5F5F5F5F5F5F5F5F5F5E2E2E2F5F5F5F5F5F5F5F5F5F5F5F5F5F5F5F5F5F5F5F5F5F5F5F5F5F534F5F5F5F5F5F5F5F5F5F5F5F5F5F5
310
F5F5F5F5F5F5F5F5F5F5F5F5F5F50F0FF5E2E2E2E2E2E2E2E2E2F5F5F5F5F5F5F5F5F5F5F5F5F5F5F5F5F5F5F5F5F5F5F5F5F5F5F5F5F5F5F5F5F5F5F5F5F5F5F5F5F5F5F5E2E2E2E2E2E2E2E2E2F50F0FF5F5F5F5F5F5F5F5F5F5F5F5F5F5F5F5F5F5F5F5F5F5F5F5F5F5F5F534F5F5F5F5F5F5F5F5F5F5F5F5F5F5F5F5F5
310
F5F5F5F5F5F5F5F5F5E2E2E2F5F5F5F5F5F5F5F5F5F5F5F5F5F5F5F5F5F5F5F5F5F5F5F5F5F534F5F5F5F5F5F5F5F5F5F5F5F5F5F5F5F5F5F5F5F5F5F5F5F5F5F5F5F50F0FF5E2E2E2E2E2E2E2F5E2F5F5F5F5F5F5F5F5F5F5F5F5F5F5F5F5F5F5F5F5F5F5F5F5F5F5F5F5F5F5F5F5F5F5F5F5F5F5F5F5F5F5F5E2F5E2E2E2
310
E2E2F5E2F50F0FF5F5F5F5F5F5F5F5F5F5F5F5F5F5F5F5F5F5F5F5F5F5F5F5F5F5F5F534F5F5F5F5F5F5F5F5F5F5F5F5F5F5F5F5F5F5F5F5F5F5F5F5F5F5E2E2E2F5F5F5F5F5F5F5F5F5F5F5F5F5F5F5F5F5F5F5F5F5F5F5F5F5F534F5F5F5F5F5F5F5F5F5F5F5F5F5F5F5F5F5F5F5F5F5F5F5F5F5F5F5F50F0FF5E2E2E2E2
310
E2E2F5F5E2F5F5F5F5F5F5F5F5F5F5F5F5F5F5F5F5F5F5F5F5F5F5F5F5F5F5F5F5F5F5F5F5F5F5F5F5F5F5F5F5F5F5F5E2F5E2E2E2E2F5F5E2F50F0FF5F5F5F5F5F5F5F5F5F5F5F5F5F5F5F5F5F5F5F5F5F5F5F5F5F5F5F534F5F5F5F5F5F5F5F5F5F5F5F5F5F5F5F5F5F5F5F5F5F5F5F5F5F5E2E2E2F5F5F5F5F5F5F5F5F5
310
F5F5F5F5F5F5F5F5F5F5F5F5F5F5F5F5F534F5F5F5F5F5F5F5F5F5F5F5F5F5F5F5F5F5F5F5F5F5F5F5F5F5F5F5F50F0FF5E2E2F5F5F5F5E2F5E2F5F5F5F5F5F5F5F5F5F5F5F5F5F5F5F5F5F5F5F5F5F5F5F5F5F5F5F5F5F5F5F5F5F5F5F5F5F5F5F5F5F5F5E2F5E2F5F5F5F5E2E2F50F0FF5F5F5F5F5F5F5F5F5F5F5F5F5F5
310
F5F5F5F5F5F5F5F5F5F5F5F5F5F534F5F5F5F5F5F5F5F5F5F5F5F5F5F5F5F5F5F5F5F5F5F5F5F5F5F5E2E2E2F5F5F5F5F5F5F5F5F5F5F5F5F5F5F5F5F5F5F5F5F5F5F5F5F5F534F5F5F5F5F5F5F5F5F5F5F5F5F5F5F5F5F5F5F5F5F5F5F5F5F5F5F5F50F0FF5E2E2E2E2E2E2E2E2E2F5F5F5F5F5F5F5F5F5F5F5F5F5F5F5F5
310
F5F5F5F5F5F5F5F5F5F5F5F5F5F5F5F5F5F5F5F5F5F5F5F5F5F5F5E2E2E2E2E2E2E2E2E2F50F0FF5F5F5F5F5F5F5F5F5F5F5F5F5F5F5F5F5F5F5F5F5F5F5F5F5F5F5F534F5F5F5F5F5F5F5F5F5F5F5F5F5F5F5F5F5F5F5F5F5F5F5F5F5F5E2E2E2F5F5F5F5F5F5F5F5F5F5F5E2F5F5F5F5F5F5F5F5F5F5F5F5F5F534F5F5F5
310
F5F5F5F5F5F5F5F5F5F5F5F5F5F5F5F5F5F5F5F5F5F5F5F5F50F0F757575757575757575E2750F0F0F0F0F0F0F0F0F0F0F0F0F0F161616161616161616161616160F0F0F0F0F0F0F0F0F0F0F0F0FE275757575757575757575750F0FF5F5F5F5F5F5F5F5F5F5F5F5F5F5F5F5F5F5F5F5F5F5F5F5F5F5F5F534F5F5F5F5F5F5
310
F5F5F5F5F5F5F5F5E2F5F5F5F5F5F5F5F5F5F5F5E2E2E2F5F5F5F5F5F5F5F5F5F5F5E2F5F5F5F5F5F5F5F5F5F5F5F5F5F534F5F5F5F5F5F5F5F5F5F5F5F5F5F5F5F5F5F5F5F5F5F5F5F5F5F5F5F5770F757575757575E2E2E2E2E2E2E20F0F0F0F0F0FCCCCCCCCCC0FF5F5F5F5F5777777F5F5F5F5F50FCCCCCCCCCC0F0F0F
310
0FE2E2E2E275757575757575757575750F0FF5F5F5F5F5F5F5F5F5F5F5F5F5F5F5F5F5F5F5F5F5F5F5F5F5F5F5F534F5F5F5F5F5F5F5F5F5F5F5F5F5F5E2F5F5F5F5F5F5F5F5F5F5F5E2E2E2F5F5F5F5F5F5F5F5F5F5F5E2F5F5F5F5F5F5F5F5F5F5F5F5F5F534F5F5F5F5F5F5F5F5F5F5F5F5F5F5F5F5F5F5F5F5F5F5F5F5
310
F5F5F5F57777F5F5F5F5F5F5E2E2E2E2E2E2E2F5F5F5F5F5F5CCF5F5F5F5F5F5F5F5F5F5777777F5F5F5F5F5F5F5F5F5F5CCF5F5F5F5E2E2E2E2E2E2E2F5F5F5F5F5F5F5F5770FF5F5F5F5F5F5F5F5F5F5F5F5F5F5F5F5F5F5F5F5F5F5F5F5F5F5F5F534F5F5F5F5F5F5F5F5F5F5F5F5F5F5E2F5F5F5F5F5F5F5F5F5F5F5E2
310
E2E2F5F5F5F5F5F5F5F5F5F5F5E2F5F5F5F5F5F5F5F5F5F5F5F5F5F534F5F5F5F5F5F5F5F5F5F5F5F5F5F5F5F5F5F5F5F5F5F5F5F5F5F5F5F5770FF5F5F5F5F5F5E2E2E2E2E2E2E2F5F5F5F5F5F5F5CCF5F5F5F5F5F5F5F5F5737773F5F5F5F5F5F5F5F5F5CCF5F5F5F5F5E2E2E2E2E2E2E2E2F5F5F5F5F5F5F50F0FF5F5F5
310
F5F5F5F5F5F5F5F5F5F5F5F5F5F5F5F5F5F5F5F5F5F5F5F5F534F5F5F5F5F5F5F5F5F5F5F5F5F5F5E2F5F5F5F5F5F5F5F5F5F5F5E2E2E2F5F5F5F5F5F5F5F5F5F5F5E2F5F5F5F5F5F5F5F5F5F5F5F5F5F534F5F5F5F5F5F5F5F5F5F5F5F5F5F5F5F5F5F5F5F5F5F5F5F5F5F5F5F50F0FF5F5F5F5F5F5F5F5F5F5F5F5F5F5F5
310
F5F5F5F5F5CCF5F5F5F5F5F5F5F5F573F573F5F5F5F5F5F5F5F5F5CCF5F5F5F5F5F5F5F5F5F5F5F5F5F5F5F5F5F5F5F50F0FF5F5F5F5F5F5F5F5F5F5F5F5F5F5F5F5F5F5F5F5F5F5F5F5F5F5F5F534F5F5F5F5F5F5F5F5F5F5F5F5F5F5E2F5F5F5F5F5F5F5F5F5F5F5E2E2E2F5F5F5F5F5F5F5F5F5F5F5E2F5F5F5F5F5F5F5
310
F5F5F5F5F5F5F534F5F5F5F5F5F5F5F5F5F5F5F5F5F5F5F5F5F5F5F5F5F5F5F5F5F5F5F50F0FF5F5F5F5F5D8D8D8D8D8D8D8D8D8D8D8F5F5F5F5F5CCCCF5F5F5F5F5F5F573F573F5F5F5F5F5F5F5CCCCF5F5F5F5F5D8D8D8D8D8D8D8D8D8D8D8F5F5F5F5F50F0FF5F5F5F5F5F5F5F5F5F5F5F5F5F5F5F5F5F5F5F5F5F5F5F5
310
F5F5F5F534F5F5F5F5F5F5F5F5F5F5F5F5F5F5E2F5F5F5F5F5F5F5F5F5F5F5E2E2E2F5F5F5F5F5F5F5F5F5F5F5E2F5F5F5F5F5F5F5F5F5F5F5F5F5F534F5F5F5F5F5F5F5F5F5F5F5F5F5F5F5F5F5F5F5F5F5F5F5F5F5F5F5F50F0FF5F5F5F5F5D8F5F5F5F5F5F5F5F5F5D8F5F5F5F5D8D8D8D8D8F5F5F5F5F573F573F5F5F5
310
F5F5D8D8D8D8D8F5F5F5F5D8F5F5F5F5F5F5F5F5F5D8F5F5F5F5F50F0FF5F5F5F5F5F5F5F5F5F5F5F5F5F5F5F5F5F5F5F5F5F5F5F5F5F5F5F534F5F5F5F5F5F5F5F5F5F5F5F5F5F5E2F5F5F5F5F5F5F5F5F5F5F5E2E2E2F5F5F5F5F5F5F5F5F5F5F5E2F5F5F5F5F5F5F5F5F5F5F5F5F5F534F5F5F5F5F5F5F5F5F5F5F5F5F5
310
F5F5F5F5F5F5F5F5F5F5F5F5F5F5F50F0FF5F5F5F5F5D8F5F5F5F5F5F5F5F5F5D8F5F5F5F5D8F5F5F5D8F5F5F5F5F573F573F5F5F5F5F5D8F5F5F5D8F5F5F5F5D8F5F5F5F5F5F5F5F5F5D8F5F5F5F5F50F0FF5F5F5F5F5F5F5F5F5F5F5F5F5F5F5F5F5F5F5F5F5F5F5F5F5F5F5F534F5F5F5F5F5F5F5F5F5F5F5F5F5F5E2F5
310
F5F5F5F5F5F5F5F5F5F5E2E2E2F5F5F5F5F5F5F5F5F5F5F5E2F5F5F5F5F5F5F5F5F5F5F5F5F5F534F5F5F5F5F5F5F5F5F5F5F5F5F5F5F5F5F5F5F5F5F5F5F5F5F5F5F5F50F0FF5F5F5F5F5D8F5F5F5F5F5F5F5F5F5D8F5F5F5F5D8F5F5F5D8F5F5F5F5F573F573F5F5F5F5F5D8F5F5F5D8F5F5F5F5D8F5F5F5F5F5F5F5F5F5
310
D8F5F5F5F5F50F0FF5F5F5F5F5F5F5F5F5F5F5F5F5F5F5F5F5F5F5F5F5F5F5F5F5F5F5F534F5F5F5F5F5F5F5F5F5F5F5F5F5F5E2F5F5F5F5F5F5F5F5F5F5F5E2E2E2F5F5F5F5F5F5F5F5F5F5F5E2F5F5F5F5F5F5F5F5F5F5F5F5F5F534F5F5F5F5F5F5F5F5F5F5F5F5F5F5F5F5F5F5F5F5F5F5F5F5F5F5F5F50F0FF5F5F5F5
310
F5D8F5F5F5F5F5F5F5F5F5D8F5F5F5F5D8F5F5F5D8F5F5F5F5F573F573F5F5F5F5F5D8F5F5F5D8F5F5F5F5D8F5F5F5F5F5F5F5F5F5D8F5F5F5F5F50F0FF5F5F5F5F5F5F5F5F5F5F5F5F5F5F5F5F5F5F5F5F5F5F5F5F5F5F5F534F5F5F5F5F5F5F5F5F5F5F5F5F5F5E2F5F5F5F5F5F5F5F5F5F5F5E2E2E2F5F5F5F5F5F5F5F5
310
F5F5F5E2F5F5F5F5F5F5F5F5F5F5F5F5F5F534F5F5F5F5F5F5F5F5F5F5F5F5F5F5F5F5F5F5F5F5F5F5F5F5F5F5F5F50F0FF5F5F5F5F5D8F5F5F5F5F5F5F5F5F5D8F5F5F5F5D8F5F5F5D8F5F5F5F5F573F573F5F5F5F5F5D8F5F5F5D8F5F5F5F5D8F5F5F5F5F5F5F5F5F5D8F5F5F5F5F50F0FF5F5F5F5F5F5F5F5F5F5F5F5F5
310
F5F5F5F5F5F5F5F5F5F5F5F5F5F5F534F5F5F5F5F5F5F5F5F5F5F5F5F5F5E2F5F5F5F5F5F5F5F5F5F5F5E2E2E2F5F5F5F5F5F5F5F5F5F5F5E2F5F5F5F5F5F5F5F5F5F5F5F5F5F534F5F5F5F5F5F5F5F5F5F5F5F5F5F5F5F5F5F5F5F5F5F5F5F5F5F5F5F50F0FF5F5F5F5F5D8F5F5F5F5F5F5F5F5F5D8F5F5F5F5D8F5F5F5D8
310
CCF5F5F5F50F0FCCF5F5F5F5CCD8F5F5F5D8F5F5F5F5D8F5F5F5F5F5F5F5F5F5D8F5F5F5F5F50F0FF5F5F5F5F5F5F5F5F5F5F5F5F5F5F5F5F5F5F5F5F5F5F5F5F5F5F5F534F5F5F5F5F5F5F5F5F5F5F5F5F5F5E2F5F5F5F5F5F5F5F5F5F5F5E2E2E2F5F5F5F5F5F5F5F5F5F5F5E2F5F5F5F5F5F5F5F5F5F5F5F5F5F534F5F5
310
F5F5F5F5F5F5F5F5F5F5F5F5F5F5F5F5F5F5F5F5F5F5F5F5F5F50F0FF5F5F5F5F5D8F5F5F5F5F5F5F5F5F5D8F5F5F5F5D8F5F5F5D8CCF5F5F5F5CC0FCCF5F5F5F5CCD8F5F5F5D8F5F5F5F5D8F5F5F5F5F5F5F5F5F5D8F5F5F5F5F50F0FF5F5F5F5F5F5F5F5F5F5F5F5F5F5F5F5F5F5F5F5F5F5F5F5F5F5F5F534F5F5F5F5F5
310
F5F5F5F5F5F5F5F5F5E2F5F5F5F5F5F5F5F5F5F5F5E2E2E2F5F5F5F5F5F5F5F5F5F5F5E2F5F5F5F5F5F5F5F5F5F5F5F5F5F534F5F5F5F5F5F5F5F5F5F5F5F5F5F5F5F5F5F5F5F5F5F5F5F5F5F5F5F50F0FF5F5F5D8D8D8F5F5F5F5F5F5F5F5F5D8D8D8F5F5D8F5F5F5D8CCCCF5F5F5CC0FCCF5F5F5CCCCD8F5F5F5D8F5F5D8
310
D8D8F5F5F5F5F5F5F5F5F5D8D8D8F5F5F50F0FF5F5F5F5F5F5F5F5F5F5F5F5F5F5F5F5F5F5F5F5F5F5F5F5F5F5F5F534F5F5F5F5F5F5F5F5F5F5F5F5F5F5E2F5F5F5F5F5F5F5F5F5F5F5E2E2E2F5F5F5F5F5F5F5F5F5F5F5E2F5F5F5F5F5F5F5F5F5F5F5F5F5F534F5F5F5F5F5F5F5F5F5F5F5F5F5F5F5F5F5F5F5F5F5F5F5
310
F5F5F5F5F50F0FF5F5F5D8F5D8F5F5F5F5F5F5F5F5F5D8F5D8F5F5D8F5F5F5D8F5CCCCF5F5CC0FCCF5F5CCCCF5D8F5F5F5D8F5F5D8F5D8F5F5F5F5F5F5F5F5F5D8F5D8F5F5F50F0FF5F5F5F5F5F5F5F5F5F5F5F5F5F5F5F5F5F5F5F5F5F5F5F5F5F5F5F534F5F5F5F5F5F5F5F5F5F5F5F5F5F5E2F5F5F5F5F5F5F5F5F5F5F5
310
E2E2E2F5F5F5F5F5F5F5F5F5F5F5F5F5F5F5F5F5F5F5F5F5F5F5F5F5F534F5F5F5F5F5F5F5F5F5F5F5F5F5F5F5F5F5F5F5F5F5F5F5F5F5F5F5F50F0FF5F5F5D8D8D8D8D8D8D8D8D8D8D8D8D8D8D8F5F5D8F5F5F5D8F5F5CCCCCCCC0FCCCCCCCCF5F5D8F5F5F5D8F5F5D8D8D8D8D8D8D8D8D8D8D8D8D8D8D8F5F5F50F0FF5F5
310
F5F5F5F5F5F5F5F5F5F5F5F5F5F5F5F5F5F5F5F5F5F5F5F5F5F534F5F5F5F5F5F5F5F5F5F5F5F5F5F5F5F5F5F5F5F5F5F5F5F5F5F5E2E2E2F5F5F5F5F5F5F5F5F5F5F5F5F5F5F5F5F5F5F5F5F5F5F5F5F5F534F5F5F5F5F5F5F5F5F5F5F5F5F5F5F5F5F5F5F5F5F5F5F5F5F5F5F5F50FCCCCCCCCCC0FBF0F0F0F0F0F0FD8D8
310
D8D8D8D8D8D8D8D8D8D8D8F5F5F5F5CCCC0FCCCCF5F5F5F5D8D8D8D8D8D8D8D8D8D8D8D8D8D8D8D8D8D8D8D80FCCCCCCCCCC0FF5F5F5F5F5F5F5F5F5F5F5F5F5F5F5F5F5F5F5F5F5F5F5F5F5F5F5F534F5F5F5F5F5F5F5F5F5F5F5F5F5F5F5F5F5F5F5F5F5F5F5F5F5F5E2E2E2F5F5F5F5F5F5F5F5F5F5F5F5F5F5F5F5F5F5
310
F5F5F5F5F5F5F5F534F5F5F5F5F5F5F5F5F5F5F5F5F5F5F5F5F5F5F5F5F5F5F5F5F5F5F5F50FCCF5F5F5CCF5BFF5F50F0FF5F5D8D8D8D8D8D8D8D8D8D8D8F5D8F5F5F5F5F5F50FF5F5F5F5F5F5D8F5D8D8D8D8D8D8D8D8D8D8D8F5F5D80FF5F5BFF5CCF5F5F5CC0FF5F5F5F5F5F5F5F5F5F5F5F5F5F5F5F5F5F5F5F5F5F5F5
310
F5F5F5F5F534F5F5F5F5F5F5F5F5F5F5F5F5F5F5F5F5F5F5F5F5F5F5F5F5F5F5E2E2E2F5F5F5F5F5F5F5F5F5F5F5F5F5F5F5F5F5F5F5F5F5F5F5F5F5F534F5F5F5F5F5F5F5F5F5F5F5F5F5F5F5F5F5F5F5F5F5F5F5F5F5F5F5F50FCCF5F5CCF5F5BFBFBF0F0FF5F5D8F5F5F5F5F5F5F5F5F5D8F5D8F5F5F5F5F5F50FF5F5F5
310
F5F5F5D8F5D8F5F5F5F5F5F5F5F5F5D8F5F5D80FBFBFBFF5F5CCF5F5CC0FF5F5F5F5F5F5F5F5F5F5F5F5F5F5F5F5F5F5F5F5F5F5F5F5F5F5F5F534F5F5F5F5F5F5F5F5F5F5F5F5F5F5F5F5F5F5F5F5F5F5F5F5F5F5E2E2E2F5F5F5F5F5F5F5F5F5F5F5F5F5F5F5F5F5F5F5F5F5F5F5F5F5F534F5F5F5F5F5F5F5F5F5F5F5F5
310
F5F5F5F5F5F5F5F5F5F5F5F5F5F5F5F50FCCCCCCF5F5F5BFF5BF0F0FD8D8D8F5F5F5F5F5F5F5F5F5D8D8D8F5F5F5F5F5F50FF5F5F5F5F5F5D8D8D8F5F5F5F5F5F5F5F5F5D8D8D8D80FBFF5BFF5F5F5CCCCCC0FF5F5F5F5F5F5F5F5F5F5F5F5F5F5F5F5F5F5F5F5F5F5F5F5F5F5F5F534F5F5F5F5F5F5F5F5F5F5F5F5F5F5F5
310
F5F5F5F5F5F5F5F5F5F5F5E2E2E2F5F5F5F5F5F5F5F5F5F5F5F5F5F5F5F5F5F5F5F5F5F5F5F5F5F534F5F5F5F5F5F5F5F5F5F5F5F5F5F5F5F5F5F5F5F5F5F5F5F5F5F5F5F50FCCF5F5F5F5F5BFF5BF0F0FF5F5D8F5F5F5F5F5F5F5F5F5D8F5F5F5F5F5F5F5F50FF5F5F5F5F5F5F5F5D8F5F5F5F5F5F5F5F5F5D8F5F50F0FBF
310
F5BFF5F5F5F5F5CC0FF5F5F5F5F5F5F5F5F5F5F5F5F5F5F5F5F5F5F5F5F5F5F5F5F5F5F5F534F5F5F5F5F5F5F5F5F5F5F5F5F5F5F5F5F5F5F5F5F5F5F5F5F5F5E2E2E2F5F5F5F5F5F5F5F5F5F5F5F5F5F5F5F5F5F5F5F5F5F5F5F5F5F534F5F5F5F5F5F5F5F5F5F5F5F5F5F5F5F5F5F5F5F5F5F5F5F5F5F5F5F50F0FF5F5F5
310
F5F5BFBFBF0F0FF5F5D8F5F5F5F5F5F5F5F5F5D8F5F5F5F5F5F5F5D8D8D8F5F5F5F5F5F5F5D8F5F5F5F5F5F5F5F5F5D8F5F50F0FBFBFBFF5F5F5F5F50F0FF5F5F5F5F5F5F5F5F5F5F5F5F5F5F5F5F5F5F5F5F5F5F5F5F5F5F5F534F5F5F5F5F5F5F5F5F5F5F5F5F5F5F5F5F5F5F5F5F5F5F5F5F5F5E2E2E2F5F5F5F5F5F5F5
310
F5F5F5F5F5F5F5F5F5F5F5F5F5F5F5F5F5F5F534F5F5F5F5F5F5F5F5F5F5F5F5F5F5F5F5F5F5F5F5F5F5F5F5F5F5F5F50F0FF5F5F5F5F5BFF5F50F0FF5F5D8F5F5F5F5F5F5F5F5F5D8F5F5F5F5F5D8D8F5D8F5D8D8F5F5F5F5F5D8F5F5F5F5F5F5F5F5F5D8F5F50F0FF5F5BFF5F5F5F5F50F0FF5F5F5F5F5F5F5F5F5F5F5F5
310
F5F5F5F5F5F5F5F5F5F5F5F5F5F5F5F534F5F5F5F5F5F5F5F5F5F5F5F5F5F5F5F5F5F5F5F5F5F5F5F5F5F5E2E2E2F5F5F5F5F5F5F5F5F5F5F5E2F5F5F5F5F5F5F5F5F5F5F5F5F5F534F5F5F5F5F5F5F5F5F5F5F5F5F5F5F5F5F5F5F5F5F5F5F5F5F5F5F5F50F0FF5F5F5F5F5BFBFBFBF0FF5F5D8F5F5F5F5F5F5F5F5F5D8F5
310
F5F5F5D8D8F5F5D8F5F5D8D8F5F5F5F5D8F5F5F5F5F5F5F5F5F5D8F5F50FBFBFBFBFF5F5F5F5F50F0FF5F5F5F5F5F5F5F5F5F5F5F5F5F5F5F5F5F5F5F5F5F5F5F5F5F5F5F534F5F5F5F5F5F5F5F5F5F5F5F5F5F5E2F5F5F5F5F5F5F5F5F5F5F5E2E2E2F5F5F5F5F5F5F5F5F5F5F5E2F5F5F5F5F5F5F5F5F5F5F5F5F5F534F5
310
F5F5F5F5F5F5F5F5F5F5F5F5F5F5F5F5F5F5F5F5F5F5F5F5F5F5F50F0FF5F5F5F5F5BFF5F5BF0FF5F5D8F5F5F5F5F5F5F5F5F5D8F5F5F5F5D8F5F5F5D8F5F5F5D8F5F5F5F5D8F5F5F5F5F5F5F5F5F5D8F5F50FBFF5F5BFF5F5F5F5F50F0FF5F5F5F5F5F5F5F5F5F5F5F5F5F5F5F5F5F5F5F5F5F5F5F5F5F5F5F534F5F5F5F5
310
F5F5F5F5F5F5F5F5F5F5E2F5F5F5F5F5F5F5F5F5F5F5E2E2E2F5F5F5F5F5F5F5F5F5F5F5E2F5F5F5F5F5F5F5F5F5F5F5F5F5F534F5F5F5F5F5F5F5F5F5F5F5F5F5F5F5F5F5F5F5F5F5F5F5F5F5F5F5F50F0FF5F5F5E2F5BFE2E2BF0FF5F5D8F5F5F5F5F5F5F5F5F5D8F5F5F5F5D8F5F5F5D8F5F5F5D8F5F5F5F5D8F5F5F5F5
310
F5F5F5F5F5D8F5F50FBFF5F5BFE2F5F5E2F50F0FF5F5F5F5F5F5F5F5F5F5F5F5F5F5F5F5F5F5F5F5F5F5F5F5F5F5F5F534F5F5F5F5F5F5F5F5F5F5F5F5F5F5E2F5F5F5F5F5F5F5F5F5F5F5E2E2E2F5F5F5F5F5F5F5F5F5F5F5E2F5F5F5F5F5F5F5F5F5F5F5F5F5F534F5F5F5F5F5F5F5F5F5F5F5F5F5F5F5F5F5F5F5F5F5F5
310
F5F5F5F5F5F50F0FE2E2E2E2E2E2E2E2BF0FF5F5D8F5F5F5F5F5F5F5F5F5D8F5F5F5F5D8F5F5F5D8F5F5F5D8F5F5F5F5D8F5F5F5F5F5F5F5F5F5D8F5F50FBFBFBFBFE2E2E2E2F50F0FF5F5F5F5F5F5F5F5F5F5F5F5F5F5F5F5F5F5F5F5F5F5F5F5F5F5F5F534F5F5F5F5F5F5F5F5F5F5F5F5F5F5E2F5F5F5F5F5F5F5F5F5F5
310
F5E2E2E2F5F5F5F5F5F5F5F5F5F5F5E2F5F5F5F5F5F5F5F5F5F5F5F5F5F534F5F5F5F5F5F5F5F5F5F5F5F5F5F5F5F5F5F5F5F5F5F5F5F5F5F5F5F50F0FE2E2E2E2E2E2E2E20F0FF5F5D8D8D8D8D8D8D8D8D8D8D8F5F5F5F5D8F5F5F5D8F5F5F5D8F5F5F5F5D8D8D8D8D8D8D8D8D8D8D8F5F50F0FE2E2E2E2E2E2E2F50F0FF5
310
F5F5F5F5F5F5F5F5F5F5F5F5F5F5F5F5F5F5F5F5F5F5F5F5F5F5F534F5F5F5F5F5F5F5F5F5F5F5F5F5F5E2F5F5F5F5F5F5F5F5F5F5F5E2E2E2F5F5F5F5F5F5F5F5F5F5F5E2F5F5F5F5F5F5F5F5F5F5F5F5F5F534F5F5F5F5F5F5F5F5F5F5F5F5F5F5F5F5F5F5F5F5F5F5F5F5F5F5F5F50F7373E2E2E2E2E2F5CCCCCCF5F5F5
310
F5F5E2E2E2E2E2E2E2F5F5F5F5F5D8F5F5F5D8F5F5F5D8F5F5F5F5E2E2E2E2E2E2E2F5F5F5F5F5F5CCCCCCE2E2E2E2F5F573730FF5F5F5F5F5F5F5F5F5F5F5F5F5F5F5F5F5F5F5F5F5F5F5F5F5F5F5F534F5F5F5F5F5F5F5F5F5F5F5F5F5F5E2F5F5F5F5F5F5F5F5F5F5F5E2E2E2F5F5F5F5F5F5F5F5F5F5F5E2F5F5F5F5F5
310
F5F5F5F5F5F5F5F5F534F5F5F5F5F5F5F5F5F5F5F5F5F5F5F5F5F5F5F5F5F5F5F5F5F5F5F5F50F0FBFBFBFF5F5F5CCCCF5CCF5F5F5F5F5E2E2E2E2E2E2E2F5F5F5F5F5D8F5F5F5D8F5F5F5D8F5F5F5F5E2E2E2E2E2E2E2F5F5F5F5F5F5CCF5CCCCF5F5F5BFBFBF0F0FF5F5F5F5F5F5F5F5F5F5F5F5F5F5F5F5F5F5F5F5F5F5
310
F5F5F5F5F5F534F5F5F5F5F5F5F5F5F5F5F5F5F5F5E2F5F5F5F5F5F5F5F5F5F5F5E2E2E2F5F5F5F5F5F5F5F5F5F5F5E2F5F5F5F5F5F5F5F5F5F5F5F5F5F534F5F5F5F5F5F5F5F5F5F5F5F5F5F5F5F5F5F5F5F5F5F5F5F5F5F5F5F50F0FBFBFBFBFF5CCCCF5F5CCF5F5F5F5F5E2E2E2E2E2E2E2F5F5F5F5F5D8F5F5F5D8F5F5
310
F5D8F5F5F5F5E2E2E2E2E2E2E2F5F5F5F5F5F5CCF5F5CCCCF5BFBFBFBF0F0FF5F5F5F5F5F5F5F5F5F5F5F5F5F5F5F5F5F5F5F5F5F5F5F5F5F5F5F534F5F5F5F5F5F5F5F5F5F5F5F5F5F5E2F5F5F5F5F5F5F5F5F5F5F5E2E2E2F5F5F5F5F5F5F5F5F5F5F5E2F5F5F5F5F5F5F5F5F5F5F5F5F5F534F5F5F5F5F5F5F5F5F5F5F5
310
F5F5F5F5F5F5F5F5F5F5F5F5F5F5F5F5F50F0FBFBFBFBFF5CCF5F5F5CCF5F5F5F5F5F5F5F5F5F5F5F5F5F5F5F5F5D8F5F5F5D8F5F5F5D8F5F5F5F5F5F5F5F5F5F5F5F5F5F5F5F5F5CCF5F5F5CCF5BFBFBFBF0F0FF5F5F5F5F5F5F5F5F5F5F5F5F5F5F5F5F5F5F5F5F5F5F5F5F5F5F5F534F5F5F5F5F5F5F5F5F5F5F5F5F5F5
310
E2F5F5F5F5F5F5F5F5F5F5F5E2E2E2F5F5F5F5F5F5F5F5F5F5F5E2F5F5F5F5F5F5F5F5F5F5F5F5F5F534F5F5F5F5F5F5F5F5F5F5F5F5F5F5F5F5F5F5F5F5F5F5F5F5F5F5F5F50F0F73F5F5F5F5CCCCCC0F0FF5F5F5F5F5F5F5F5F5F5F5F5F5F5F5F5F5D8F5F5F5D8F5F5F5D8F5F5F5F5F5F5F5F5F5F5F5F5F5F5F5F5F50F0F
310
CCCCCCF5F5F5F5730F0FF5F5F5F5F5F5F5F5F5F5F5F5F5F5F5F5F5F5F5F5F5F5F5F5F5F5F5F534F5F5F5F5F5F5F5F5F5F5F5F5F5F5E2F5F5F5F5F5F5F5F5F5F5F5E2E2E2F5F5F5F5F5F5F5F5F5F5F5E2F5F5F5F5F5F5F5F5F5F5F5F5F5F534F5F5F5F5F5F5F5F5F5F5F5F5F5F5F5F5F5F5F5F5F5F5F5F5F5F5F5F50F0F7373
310
7373737373730F0F0F757575757575CCCCCCCC757575757575D8D8D8D8D8D8D8D8D8757575757575CCCCCCCC7575757575750F0F0F73737373737373730F0FF5F5F5F5F5F5F5F5F5F5F5F5F5F5F5F5F5F5F5F5F5F5F5F5F5F5F5F534F5F5F5F5F5F5F5F5F5F5F5F5F5F5E2F5F5F5F5F5F5F5F5F5F5F5E2E2E2F5F5F5F5F5F5
310
F5F5F5F5F5E2F5F5F5F5F5F5F5F5F5F5F5F5F5F534F5F5F5F5F5F5F5F5F5F5F5F5F5F5F5F5F5F5F5F5F5F5F5F5F5F5F5F50F0F73F5E2E2E2F5F5F57575F5F5F5F5F5F5CCF5F5F5CCCCF5F5F5F5F5E2E2E2E2E2E2E2F5F5F5F5F5F5F5CCCCF5F5F5CCF5F5F5F5F5F57575F5E2E2E2F5F5F5730F0FF5F5F5F5F5F5F5F5F5F5F5
310
F5F5F5F5F5F5F5F5F5F5F5F5F5F5F5F5F534F5F5F5F5F5F5F5F5F5F5F5F5F5F5E2F5F5F5F5F5F5F5F5F5F5F5E2E2E2F5F5F5F5F5F5F5F5F5F5F5E2F5F5F5F5F5F5F5F5F5F5F5F5F5F534F5F5F5F5F5F5F5F5F5F5F5F5F5F5F5F5F5F5F5F5F5F5F5F5F5F5F5F50F0F73F5E2E2E2F5F5F57575F5F5F5F5F5F5CCF5F5F5CCCCF5
310
F5F5F5F5E2E2E2E2E2E2E2F5F5F5F5F5F5F5CCCCF5F5F5CCF5F5F5F5F5F57575F5E2E2E2F5F5F5730F0FF5F5F5F5F5F5F5F5F5F5F5F5F5F5F5F5F5F5F5F5F5F5F5F5F5F5F5F534F5F5F5F5F5F5F5F5F5F5F5F5F5F5E2F5F5F5F5F5F5F5F5F5F5F5E2E2E2F5F5F5F5F5F5F5F5F5F5F5E2F5F5F5F5F5F5F5F5F5F5F5F5F5F534
310
F5F5F5F5F5F5F5F5F5F5F5F5F5F5F5F5F5F5F5F5F5F5F5F5F5F5F5F50F0F73F5E2E2E2E2F5F57575F5F5F5F5F5F5F5CCF5F5CCCCF5F5F5F5F5E2E2E2E2E2E2E2E2F5F5F5F5F5F5CCCCF5F5CCF5F5F5F5F5F5F57575F5E2E2E2F5F5F5730F0FF5F5F5F5F5F5F5F5F5F5F5F5F5F5F5F5F5F5F5F5F5F5F5F5F5F5F5F534F5F5F5
310
F5F5F5F5F5F5F5F5F5F5F5E2F5F5F5F5F5F5F5F5F5F5F5E2E2E2F5F5F5F5F5F5F5F5F5F5F5E2F5F5F5F5F5F5F5F5F5F5F5F5F5F534F5F5F5F5F5F5F5F5F5F5F5F5F5F5F5F5F5F5F5F5F5F5F5F5F5F5F5F50F0F73F5F5F5F5F5F5F57575F5F5F5F5F5F5F5F5CCCCCCCCF5F5F5F5F5F5F5F5F5F5F5F5F5F5F5F5F5F5F5CCCCCC
310
CCF5F5F5F5F5F5F5F57575F5F5F5F5F5F5F5730F0FF5F5F5F5F5F5F5F5F5F5F5F5F5F5F5F5F5F5F5F5F5F5F5F5F5F5F5F534F5F5F5F5F5F5F5F5F5F5F5F5F5F5E2F5F5F5F5F5F5F5F5F5F5F5E2E2E2F5F5F5F5F5F5F5F5F5F5F5F5F5F5F5F5F5F5F5F5F5F5F5F5F5F534F5F5F5F5F5F5F5F5F5F5F5F5F5F5F5F5F5F5F5F5F5
310
F5F5F5F5F5F5F50F0F73F5F5F5F5F5F5F57575F5F5F5F5F5F5F5F5F5F5F5F5F5F5F5F5F5F5F5F5F5F5F5F5F5F5F5F5F5F5F5F5F5F5F5F5F5F5F5F5F5F5F57575F5F5F5F5F5F5F5730F0FF5F5F5F5F5F5F5F5F5F5F5F5F5F5F5F5F5F5F5F5F5F5F5F5F5F5F5F534F5F5F5F5F5F5F5F5F5F5F5F5F5F5F5F5F5F5F5F5F5F5F5F5
310
F5F5E2E2E2F5F5F5F5F5F5F5F5F5F5F5F5F5F5F5F5F5F5F5F5F5F5F5F5F5F534F5F5F5F5F5F5F5F5F5F5F5F5F5F5F5F5F5F5F5F5F5F5F5F5F5F5F5F5770F730F0F0F0F0F0F0F0F0FF5F5F5F5F5F5F5F5F5F5F5F5F5F5F5F5F5F5F5F5777777F5F5F5F5F5F5F5F5F5F5F5F5F5F5F5F5F5F5F5F50F0F0F0F0F0F0F0F0F730F0F
310
F5F5F5F5F5F5F5F5F5F5F5F5F5F5F5F5F5F5F5F5F5F5F5F5F5F5F5F534F5F5F5F5F5F5F5F5F5F5F5F5F5F5F5F5F5F5F5F5F5F5F5F5F5F5E2E2E2F5F5F5F5F5F5F5F5F5F5F5F5F5F5F5F5F5F5F5F5F5F5F5F5F5F534F5F5F5F5F5F5F5F5F5F5F5F5F5F5F5F5F5F5F5F5F5F5F5F5F5F5F5F577770F0F0F0F0F0F0F0F0F0F0F0F
310
0F0F0F0F0F0F0F0F0F0F0F0F0F0F0F0F0F0F0F77770F0F0F0F0F0F0F0F0F0F0F0F0F0F0F0F0F0F0F0F0F0F0F0F0F0F0F0F0F0F770FF5F5F5F5F5F5F5F5F5F5F5F5F5F5F5F5F5F5F5F5F5F5F5F5F5F5F5F534F5F5F5F5F5F5F5F5F5F5F5F5F5F5F5F5F5F5F5F5F5F5F5F5F5F5E2E2E2F5F5F5F5F5F5F5F5F5F5F5F5F5F5F5F5
310
F5F5F5F5F5F5F5F5F5F534F5F5F5F5F5F5F5F5F5F5F5F5F5F5F5F5F5F5F5F5F5F5F5F5F5F5F5F5F5F5F5F5F5F5F5F5F5F5F5F5F5F5F5F5F5F5F5F5F5F5F5F5F5F5F5F5F5F5F5F5F5F5F5F5F5F5F5F5F5F5F5F5F5F5F5F5F5F5F5F5F5F5F5F5F5F5F5F5F5F5F5F5F5F5F5F5F5F5F5F5F5F5F5F5F5F5F5F5F5F5F5F5F5F5F5F5
310
F5F5F5F5F5F5F534F5F5F5F5F5F5F5F5F5F5F5F5F5F5F5F5F5F5F5F5F5F5F5F5F5F5E2E2E2F5F5F5F5F5F5F5F5F5F5F5F5F5F5F5F5F5F5F5F5F5F5F5F5F5F534343434343434343434343434343434343434343434343434343434343434343434343434343434343434343434343434343434343434343434343434343434
310
34343434343434343434343434343434343434343434343434343434343434343434343434343434343434343434343434343434343434343434343434F5F5F5F5F5F5F5F5F5F5F5F5F5F5F5F5F5F5F5F5F5F5F5F5F5F5E2E2E2F5F5F5F5F5F5F5F5F5F5F5F5F5F5F5F5F5F5F5F5F5F5F5F5F5F5F5F5F5F5F5F5F5F5F5F5F5
310
F5F5F5F5F5F5F5F5F5F5F5F5F5F5F5F5F5F5F5F5F5F5F5F5F5F5F5F5F5F5F5F5F5F5F5F5F5F5F5F5F5F5F5F5F5F5F5F5F5F5F5F5F5F5F5F5F5F5F5F5F5F5F5F5F5F5F5F5F5F5F5F5F5F5F5F5F5F5F5F5F5F5F5F5F5F5F5F5F5F5F5F5F5F5F5F5F5F5F5F5F5F5F5F5F5F5F5F5F5F5F5F5F5F5F5F5F5F5F5F5F5F5F5F5F5F5F5
310
F5F5F5F5F5F5F5F5F5F5F5F5F5E2E2E2F5F5F5F5F5F5F5F5F5F5F5F5F5F5F5F5F5F5F5F5F5F5F5F5F5F5F5F5F5F5F5F5F5F5F5F5F5F5F5F5F5F5F5F5F5F5F5F5F5F5F5F5F5F5F5F5F5F5F5F5F5F5F5F5F5F5F5F5F5F5F5F5F5F5F5F5F5F5F5F5F5F5F5F5F5F5F5F5F5F5F5F5F5F5F5F5F5F5F5F5F5F5F5F5F5F5F5F5F5F5F5
310
F5F5F5F5F5F5F5F5F5F5F5F5F5F5F5F5F5F5F5F5F5F5F5F5F5F5F5F5F5F5F5F5F5F5F5F5F5F5F5F5F5F5F5F5F5F5F5F5F5F5F5F5F5F5F5F5F5F5F5F5F5F5F5F5F5F5E2E2E2F5F5F5F5F5F5F5F5F5F5F5F5F5F5F5F5F5F5F5F5F5F5F5F5F5F5F5F5F5F5F5F5F5F5F5F5F5F5F5F5F5F5F5F5F5F5F5F5F5F5F5F5F5F5F5F5F5F5
310
F5F5F5F5F5F5F5F5F5F5F5F5F5F5F5F5F5F5F5F5F5F5F5F5F5F5F5F5F5F5F5F5F5F5F5F5F5F5F5F5F5F5F5F5F5F5F5F5F5F5F5F5F5F5F5F5F5F5F5F5F5F5F5F5F5F5F5F5F5F5F5F5F5F5F5F5F5F5F5F5F5F5F5F5F5F5F5F5F5F5F5F5F5F5F5F5F5F5F5F5F5F5F5F5F5F5F5F5F5F5F5F5F5F5F5F5F5F5F5E2E2E2F5F5F5F5F5
310
F5F5F5F5F5F5E2F5F5F5F5F5F5F5F5F5F5F5F5F5F5F5F5F5F5F5F5F5F5F5F5F5F5F5F5F5F5F5F5F5F5F5F5F5F5F5F5F5F5F5F5F5F5F5F5F5F5F5F5F5F5F5F5F5F5F5F5F5F5F5F5F5F5F5F5F5F5F5F5F5F5F5F5F5F5F5F5F5F5F5F5F5F5F5F5F5F5F5F5F5F5F5F5F5F5F5F5F5F5F5F5F5F5F5F5F5F5F5F5F5F5F5F5F5F5F5F5
310
F5F5F5F5F5F5F5F5F5F5F5F5F5F5F5F5F5F5F5F5F5F5F5F5F5F5F5F5F5F5F5F5F5E2F5F5F5F5F5F5F5F5F5F5F5E2E2E2F5F5F5F5F5F5F5F5F5F5F5E2F5F5F5F5F5F5F5F5F5F5F5F5F5F5F5F5F5F5F5F5F5F5F5F5F5F5F5F5F5F5F5F5F5F5F5F5F5F5F5F5F5F5F5F5F5F5F5F5F5F5F5F5F5F5F5F5F5F5F5F5F5F5F5F5F5F5F5
310
F5F5F5F5F5F5F5F5F5F5F5F5F5F5F5F5F5F5F5F5F5F5F5F5F5F5F5F5F5F5F5F5F5F5F5F5F5F5F5F5F5F5F5F5F5F5F5F5F5F5F5F5F5F5F5F5F5F5F5F5F5F5F5F5F5F5F5F5F5F5F5F5F5F5F5F5F5F5F5F5F5F5F5F5F5F5E2F5F5F5F5F5F5F5F5F5F5F5E2E2E2F5F5F5F5F5F5F5F5F5F5F5E2F5F5F5F5F5F5F5F5F5F5F5F5F5F5
310
F5F5F5F5F5F5F5F5F5F5F5F5F5F5F5F5F5F5F5F5F5F5F5F5F5F5F5F5F5F5F5F5F5F5F5F5F5F5F5F5F5F5F5F5F5F5F5F5F5F5F5F5F5F5F5F5F5F5F5F5F5F5F5F5F5F5F5F5F5F5F5F5F5F5F5F5F5F5F5F5F5F5F5F5F5F5F5F5F5F5F5F5F5F5F5F5F5F5F5F5F5F5F5F5F5F5F5F5F5F5F5F5F5F5F5F5F5F5F5F5F5F5F5F5F5F5F5
310
F5F5F5F5F5F5F5F5F5F5F5F5E2F5F5F5F5F5F5F5F5F5F5F5E2E2E2F5F5F5F5F5F5F5F5F5F5F5E2F5F5F5F5F5F5F5F5F5F5F5F5F5F5F5F5F5F5F5F5F5F5F5F5F5F5F5F5F5F5F5F5F5F5F5F5F5F5F5F5F5F5F5F5F5F5F5F5F5F5F5F5F5F5F5F5F5F5F5F5F5F5F5F5F5F5F5F5F5F5F5F5F5F5F5F5F5F5F5F5F5F5F5F5F5F5F5F5
310
F5F5F5F5F5F5F5F5F5F5F5F5F5F5F5F5F5F5F5F5F5F5F5F5F5F5F5F5F5F5F5F5F5F5F5F5F5F5F5F5F5F5F5F5F5F5F5F5F5F5F5F5F5F5F5F5F5F5F5F5F5F5F5F5F5E2F5F5F5F5F5F5F5F5F5F5F5E2E2E2F5F5F5F5F5F5F5F5F5F5F5E2F5F5F5F5F5F5F5F5F5F5F5F5F5F5F5F5F5F5F5F5F5F5F5F5F5F5F5F5F5F5F5F5F5F5F5
310
F5F5F5F5F5F5F5F5F5F5F5F5F5F5F5F5F5F5F5F5F5F5F5F5F5F5F5F5F5F5F5F5F5F5F5F5F5F5F5F5F5F5F5F5F5F5F5F5F5F5F5F5F5F5F5F5F5F5F5F5F5F5F5F5F5F5F5F5F5F5F5F5F5F5F5F5F5F5F5F5F5F5F5F5F5F5F5F5F5F5F5F5F5F5F5F5F5F5F5F5F5F5F5F5F5F5F5F5F5F5F5F5F5F5F5F5F5F5E2F5F5F5F5F5F5F5F5
310
F5F5F5E2E2E2F5F5F5F5F5F5F5F5F5F5F5E2F5F5F5F5F5F5F5F5F5F5F5F5F5F5F5F5F5F5F5F5F5F5F5F5F5F5F5F5F5F5F5F5F5F5F5F5F5F5F5F5F5F5F5F5F5F5F5F5F5F5F5F5F5F5F5F5F5F5F5F5F5F5F5F5F5F5F5F5F5F5F5F5F5F5F5F5F5F5F5F5F5F5F5F5F5F5F5F5F5F5F5F5F5F5F5F5F5F5F5F5F5F5F5F5F5F5F5F5F5
310
F5F5F5F5F5F5F5F5F5F5F5F5F5F5F5F5F5F5F5F5F5F5F5F5F5F5F5F5F5F5F5F5F5F5F5F5F5F5F5F5F5F5F5F5E2F5F5F5F5F5F5F5F5F5F5F5E2E2E2F5F5F5F5F5F5F5F5F5F5F5E2F5F5F5F5F5F5F5F5F5F5F5F5F5F5F5F5F5F5F5F5F5F5F5F5F5F5F5F5F5F5F5F5F5F5F5F5F5F5F5F5F5F5F5F5F5F5F5F5F5F5F5F5F5F5F5F5
310
F5F5F5F5F5F5F5F5F5F5F5F5F5F5F5F5F5F5F5F5F5F5F5F5F5F5F5F5F5F5F5F5F5F5F5F5F5F5F5F5F5F5F5F5F5F5F5F5F5F5F5F5F5F5F5F5F5F5F5F5F5F5F5F5F5F5F5F5F5F5F5F5F5F5F5F5F5F5F5F5F5F5F5F5F5F5F5F5F5F5F5F5F5F5F5F5F5E2F5F5F5F5F5F5F5F5F5F5F5E2E2E2F5F5F5F5F5F5F5F5F5F5F5E2E2E2E2
310
E2E2E2E2E2F5F5F5F5F5F5F5F5F5E2E2E2E2E2E2E2E2E2E2E2E2E2E2E2E2F5F5F5F5F5F5F5F5F5F5E2E2E2E2E2E2E2E2E2E2E2E2E2E2E2E2F5F5F5F5F5F5F5F5F5E2E2E2E2E2E2E2E2E2E2E2E2E2E2E2E2E2F5F5F5F5F5F5F5F5F5E2E2E2E2E2E2E2E2E2E2E2E2E2E2E2E2F5F5F5F5F5F5F5F5F5F5E2E2E2E2E2E2E2E2E2E2
310
E2E2E2E2E2E2F5F5F5F5F5F5F5F5F5E2E2E2E2E2E2E2E2E2F5F5F5F5F5F5F5F5F5F5F5E2E2E2F5F5F5F5F5F5F5F5F5F5F5F5F5F5F5F5F5F5F5F5F5F5F5F5F5F5F5F5F5F5F5F5F5F5F5F5F5F5F5F5F5F5F5F5F5F5F5F5F5F5F5F5F5F5F5F5F5F5F5F5F5F5F5F5F5F5F5F5F5F5F5F5F5F5F5F5F5F5F5F5F5F5F5F5F5F5F5F5F5
310
F5F5F5F5F5F5F5F5F5F5F5F5F5F5F5F5F5F5F5F5F5F5F5F5F5F5F5F5F5F5F5F5F5F5F5F5F5F5F5F5F5F5F5F5F5F5F5F5F5F5F5F5F5F5F5F5F5F5F5F5F5F5F5F5F5F5F5F5F5F5F5F5F5F5F5F5F5F5F5F5F5F5F5F5F5F5F5F5E2E2E2F5F5F5F5F5F5F5F5F5F5F5F5F5F5F5F5F5F5F5F5F5F5F5F5F5F5F5F5F5F5F5F5F5F5F5F5
310
F5F5F5F5F5F5F5F5F5F5F5F5F5F5F5F5F5F5F5F5F5F5F5F5F5F5F5F5F5F5F5F5F5F5F5F5F5F5F5F5F5F5F5F5F5F5F5F5F5F5F5F5F5F5F5F5F5F5F5F5F5F5F5F5F5F5F5F5F5F5F5F5F5F5F5F5F5F5F5F5F5F5F5F5F5F5F5F5F5F5F5F5F5F5F5F5F5F5F5F5F5F5F5F5F5F5F5F5F5F5F5F5F5F5F5F5F5F5F5F5F5F5F5F5F5F5F5
310
F5F5F5F5F5F5F5F5F5F5F5F5F5F5E2E2E2F5F5F5F5F5F5F5F5F5F5F5F5F5F5F5F5F5F5F5F5F5F5F5F5F5F5F5F5F5F5F5F5F5F5F5F5F5F5F5F5F5F5F5F5F5F5F5F5F5F5F5F5F5F5F5F5F5F5F5F5F5F5F5F5F5F5F5F5F5F5F5F5F5F5F5F5F5F5F5F5F5F5F5F5F5F5F5F5F5F5F5F5F5F5F5F5F5F5F5F5F5F5F5F5F5F5F5F5F5F5
310
F5F5F5F5F5F5F5F5F5F5F5F5F5F5F5F5F5F5F5F5F5F5F5F5F5F5F5F5F5F5F5F5F5F5F5F5F5F5F5F5F5F5F5F5F5F5F5F5F5F5F5F5F5F5F5F5F5F5F5F5F5F5F5F5F5F5F5E2E2E2F5F5F5F5F5F5F5F5F5F5F5F5F5F5F5F5F5F5F5F5F5F5F5F5F5F5F5F5F5F5F5F5F5F5F5F5F5F5F5F5F5F5F5F5F5F5F5F5F5F5F5F5F5F5F5F5F5
310
F5F5F5F5F5F5F5F5F5F5F5F5F5F5F5F5F5F5F5F5F5F5F5F5F5F5F5F5F5F5F5F5F5F5F5F5F5F5F5F5F5F5F5F5F5F5F5F5F5F5F5F5F5F5F5F5F5F5F5F5F5F5F5F5F5F5F5F5F5F5F5F5F5F5F5F5F5F5F5F5F5F5F5F5F5F5F5F5F5F5F5F5F5F5F5F5F5F5F5F5F5F5F5F5F5F5F5F5F5F5F5F5F5F5F5F5F5F5F5F5E2EFE2E2E2E2E2
310
E2E2E2E2E2E2E2E2E2E2E2E2E2E2E2E2E2E2E2E2E2E2E2E2E2E2E2E2E2E2E2E2E2E2E2E2E2E2E2E2E2E2E2E2E2E2E2E2E2E2E2E2E2E2E2E2E2E2E2E2E2E2E2E2E2E2E2E2E2E2E2E2E2E2E2E2E2E2E2E2E2E2E2E2E2E2E2E2E2E2E2E2E2E2E2E2E2E2E2E2E2E2E2E2E2E2E2E2E2E2E2E2E2E2E2E2E2E2E2E2E2E2E2E2E2E2E2
310
E2E2E2E2E2E2E2E2E2E2E2E2E2E2E2E2E2E2E2E2E2E2E2E2E2E2E2E2E2E2E2E2E2E2E2E2E2E2E2E2E2E2E2E2E2E2E2EF28000000B40000007F00000001000800000000004C59000000000000000000000001000000000000FFFFFF0000000000FFFFFF00000000000000000000000000000000000000000000000000000000
310
0000000000330000006600000099000000CC000000FF00000000330000333300006633000099330000CC330000FF33000000660000336600006666000099660000CC660000FF66000000990000339900006699000099990000CC990000FF99000000CC000033CC000066CC000099CC0000CCCC0000FFCC000000FF000033FF
310
000066FF000099FF0000CCFF0000FFFF000000003300330033006600330099003300CC003300FF00330000333300333333006633330099333300CC333300FF33330000663300336633006666330099663300CC663300FF66330000993300339933006699330099993300CC993300FF99330000CC330033CC330066CC330099
310
CC3300CCCC3300FFCC330000FF330033FF330066FF330099FF3300CCFF3300FFFF330000006600330066006600660099006600CC006600FF00660000336600333366006633660099336600CC336600FF33660000666600336666006666660099666600CC666600FF66660000996600339966006699660099996600CC996600
310
FF99660000CC660033CC660066CC660099CC6600CCCC6600FFCC660000FF660033FF660066FF660099FF6600CCFF6600FFFF660000009900330099006600990099009900CC009900FF00990000339900333399006633990099339900CC339900FF33990000669900336699006666990099669900CC669900FF669900009999
310
00339999006699990099999900CC999900FF99990000CC990033CC990066CC990099CC9900CCCC9900FFCC990000FF990033FF990066FF990099FF9900CCFF9900FFFF99000000CC003300CC006600CC009900CC00CC00CC00FF00CC000033CC003333CC006633CC009933CC00CC33CC00FF33CC000066CC003366CC006666
310
CC009966CC00CC66CC00FF66CC000099CC003399CC006699CC009999CC00CC99CC00FF99CC0000CCCC0033CCCC0066CCCC0099CCCC00CCCCCC00FFCCCC0000FFCC0033FFCC0066FFCC0099FFCC00CCFFCC00FFFFCC000000FF003300FF006600FF009900FF00CC00FF00FF00FF000033FF003333FF006633FF009933FF00CC
310
33FF00FF33FF000066FF003366FF006666FF009966FF00CC66FF00FF66FF000099FF003399FF006699FF009999FF00CC99FF00FF99FF0000CCFF0033CCFF0066CCFF0099CCFF00CCCCFF00FFCCFF0000FFFF0033FFFF0066FFFF0099FFFF00CCFFFF00FFFFFF00000000000D0D0D001A1A1A00282828003535350043434300
310
505050005D5D5D006B6B6B00787878008686860093939300A1A1A100AEAEAE00BBBBBB00C9C9C900D6D6D600E4E4E400F1F1F100FFFFFF0000000000000000000000000000000000000000000000000000000000000000000000000000000000E2E2E2E2E2E2E2E2E2E2E2E2E2E2E2E2E2E2E2E2E2E2E2E2E2E2E2E2E2E2E2
310
E2E2E2E2E2E2E2E2E2E2E2E2E2E2E2E2E2E2E2E2E2E2E2E2E2E2E2E2E2E2E2E2E2E2E2E2E2E2E2E2E2E2E2E2E2E2E2E2E2E2E2E2E2E2E2E2E2E2E2E2E2E2E2E2E2E2E2E2E2E2E2E2E2E2E2E2E2E2E2E2E2E2E2E2E2E2E2E2E2E2E2E2E2E2E2E2E2E2E2E2E2E2E2E2E2E2E2E2E2E2E2E2E2E2E2E2E2E2E2E2E2E2E2E2E2E2E2
310
E2E2E2E2E2E2E2E2E2E2E2E2E2E2E2E2E2E2E2E2E2E2E2F5F5F5F5F5F5F5F5F5F5F5F5F5F5F5F5F5F5F5F5F5F5F5F5F5F5F5F5F5F5F5F5F5F5F5F5F5F5F5F5F5F5F5F5F5F5F5F5F5F5F5F5F5F5F5F5F5F5F5F5F5F5F5F5F5F5F5F5F5F5F5F5F5F5F5F5F5F5F5F5F5F5F5F5F5F5F5F5F5F5F5F5F5F5F5F5F5F5F5F5F5F5F5F5
310
F5F5F5F5F5F5F5F5F5F5F5F5F5F5F5F5F5F5F5F5F5F5F5F5F5F5F5F5F5F5F5F5F5F5F5F5F5F5F5F5F5F5F5F5F5F5F5F5F5F5F5F5F5F5F5F5F5F5F5F5F5F5F5F5F5F5F5F5F5F5F5F5F5E2E2E2F5F5F5F5F5F5F5F5F5F5F5F5F5F5F5F5F5F5F5F5F5F5F5F5F5F5F5F5F5F5F5F5F5F5F5F5F5F5F5F5F5F5F5F5F5F5F5F5F5F5F5
310
F5F5F5F5F5F5F5F5F5F5F5F5F5F5F5F5F5F5F5F5F5F5F5F5F5F5F5F5F5F5F5F5F5F5F5F5F5F5F5F5F5F5F5F5F5F5F5F5F5F5F5F5F5F5F5F5F5F5F5F5F5F5F5F5F5F5F5F5F5F5F5F5F5F5F5F5F5F5F5F5F5F5F5F5F5F5F5F5F5F5F5F5F5F5F5F5F5F5F5F5F5F5F5F5F5F5F5F5F5F5F5F5F5F5F5F5F5F5F5F5F5F5F5F5F5F5E2
310
E2E2F5F5F5F5F5F5F5F5F5F5F5F5F5F5F5F5F5F5F5F5F5F5F5F5F5F5F5F5F5F5F5F5F5F5F5F5F5F5F5F5F5F5F5F5F5F5F5F5F5F5F5F5F5F5F5F5F5F5F5F5F5F5F5F5F5F5F5F5F5F5F5F5F5F5F5F5F5F5F5F5F5F5F5F5F5F5F5F5F5F5F5F5F5F5F5F5F5F5F5F5F5F5F5F5F5F5F5F5F5F5F5F5F5F5F5F5F5F5F5F5F5F5F5F5F5
310
F5F5F5F5F5F5F5F5F5F5F5F5F5F5F5F5F5F5F5F5F5F5F5F5F5F5F5F5F5F5F5F5F5F5F5F5F5F5F5F5F5F5F5F5F5F5F5F5F5F5F5F5E2E2E2F5F5F5F5F5F5F5F5F5F5F5F5F5F5F5F5F5F5F5F5F5F5F5F5F5F5F5F5F5F5F5F5F5F5F5F5F5F5F5F5F5F5F5F5F5F5F5F5F5F5F5F5F5F5F5F5F5F5F5F5F5F5F5F5F5F5F5F5F5F5F5F5
310
F5F5F5F5F5F5F5F5F5F5F5F5F5F5F5F5F5F5F5F5F5F5F5F5F5F5F5F5F5F5F5F5F5F5F5F5F5F5F5F5F5F5F5F5F5F5F5F5F5F5F5F5F5F5F5F5F5F5F5F5F5F5F5F5F5F5F5F5F5F5F5F5F5F5F5F5F5F5F5F5F5F5F5F5F5F5F5F5F5F5F5F5F5F5F5F5F5F5F5F5F5F5F5F5F5E2E2E2F5F5F5F5F5F5F5F5F5F5F5E2E2E2E2E2E2E2E2
310
E2F5F5F5F5F5F5F5F5F5E2E2E2E2E2E2E2E2E2E2E2E2E2E2E2E2F5F5F5F5F5F5F5F5F5F5E2E2E2E2E2E2E2E2E2E2E2E2E2E2E2E2F5F5F5F5F5F5F5F5F5E2E2E2E2E2E2E2E2E2E2E2E2E2E2E2E2E2F5F5F5F5F5F5F5F5F5E2E2E2E2E2E2E2E2E2E2E2E2E2E2E2E2F5F5F5F5F5F5F5F5F5F5E2E2E2E2E2E2E2E2E2E2E2E2E2E2
310
E2E2F5F5F5F5F5F5F5F5F5E2E2E2E2E2E2E2E2E2F5F5F5F5F5F5F5F5F5F5F5E2E2E2F5F5F5F5F5F5F5F5F5F5F5E2F5F5F5F5F5F5F5F5F5F5F5F5F5F5F5F5F5F5F5F5F5F5F5F5F5F5F5F5F5F5F5F5F5F5F5F5F5F5F5F5F5F5F5F5F5F5F5F5F5F5F5F5F5F5F5F5F5F5F5F5F5F5F5F5F5F5F5F5F5F5F5F5F5F5F5F5F5F5F5F5F5
310
F5F5F5F5F5F5F5F5F5F5F5F5F5F5F5F5F5F5F5F5F5F5F5F5F5F5F5F5F5F5F5F5F5F5F5F5F5F5F5F5F5F5F5F5F5F5F5F5F5F5F5F5F5F5F5F5F5F5F5F5F5F5F5F5F5F5F5F5F5F5F5F5E2F5F5F5F5F5F5F5F5F5F5F5E2E2E2F5F5F5F5F5F5F5F5F5F5F5E2F5F5F5F5F5F5F5F5F5F5F5F5F5F5F5F5F5F5F5F5F5F5F5F5F5F5F5F5
310
F5F5F5F5F5F5F5F5F5F5F5F5F5F5F5F5F5F5F5F5F5F5F5F5F5F5F5F5F5F5F5F5F5F5F5F5F5F5F5F5F5F5F5F5F5F5F5F5F5F5F5F5F5F5F5F5F5F5F5F5F5F5F5F5F5F5F5F5F5F5F5F5F5F5F5F5F5F5F5F5F5F5F5F5F5F5F5F5F5F5F5F5F5F5F5F5F5F5F5F5F5F5F5F5F5F5F5F5F5F5F5F5F5F5F5F5F5F5F5F5F5F5F5F5F5E2F5
310
F5F5F5F5F5F5F5F5F5F5E2E2E2F5F5F5F5F5F5F5F5F5F5F5E2F5F5F5F5F5F5F5F5F5F5F5F5F5F5F5F5F5F5F5F5F5F5F5F5F5F5F5F5F5F5F5F5F5F5F5F5F5F5F5F5F5F5F5F5F5F5F5F5F5F5F5F5F5F5F5F5F5F5F5F5F5F5F5F5F5F5F5F5F5F5F5F5F5F5F5F5F5F5F5F5F5F5F5F5F5F5F5F5F5F5F5F5F5F5F5F5F5F5F5F5F5F5
310
F5F5F5F5F5F5F5F5F5F5F5F5F5F5F5F5F5F5F5F5F5F5F5F5F5F5F5F5F5F5F5F5F5F5F5F5F5F5F5F5F5F5F5F5F5F5F5F5F5F5F5E2F5F5F5F5F5F5F5F5F5F5F5E2E2E2F5F5F5F5F5F5F5F5F5F5F5E2F5F5F5F5F5F5F5F5F5F5F5F5F5F5F5F5F5F5F5F5F5F5F5F5F5F5F5F5F5F5F5F5F5F5F5F5F5F5F5F5F5F5F5F5F5F5F5F5F5
310
F5F5F5F5F5F5F5F5F5F5F5F5F5F5F5F5F5F5F5F5F5F5F5F5F5F5F5F5F5F5F5F5F5F5F5F5F5F5F5F5F5F5F5F5F5F5F5F5F5F5F5F5F5F5F5F5F5F5F5F5F5F5F5F5F5F5F5F5F5F5F5F5F5F5F5F5F5F5F5F5F5F5F5F5F5F5F5F5F5F5F5F5F5F5F5F5F5F5F5F5F5F5F5F5E2F5F5F5F5F5F5F5F5F5F5F5E2E2E2F5F5F5F5F5F5F5F5
310
F5F5F5E2F5F5F5F5F5F5F5F5F5F5F5F5F5F5F5F5F5F5F5F5F5F5F5F5F5F5F5F5F5F5F5F5F5F5F5F5F5F5F5F5F5F5F5F5F5F5F5F5F5F5F5F5F5F5F5F5F5F5F5F5F5F5F5F5F5F5F5F5F5F5F5F5F5F5F5F5F5F5F5F5F5F5F5F5F5F5F5F5F5F5F5F5F5F5F5F5F5F5F5F5F5F5F5F5F5F5F5F5F5F5F5F5F5F5F5F5F5F5F5F5F5F5F5
310
F5F5F5F5F5F5F5F5F5F5F5F5F5F5F5F5F5F5F5F5F5F5F5F5F5F5F5F5F5F5E2F5F5F5F5F5F5F5F5F5F5F5E2E2E2F5F5F5F5F5F5F5F5F5F5F5E2F5F5F5F5F5F5F5F5F5F5F5F5F5F5F5F5F5F5F5F5F5F5F5F5F5F5F5F5F5F5F5F5F5F5F5F5F5F5F5F5F5F5F5F5F5F5F5F5F5F5F5F5F5F5F5F5F5F5F5F5F5F5F5F5F5F5F5F5F5F5
310
F5F5F5F5F5F5F5F5F5F5F5F5F5F5F5F5F5F5F5F5F5F5F5F5F5F5F5F5F5F5F5F5F5F5F5F5F5F5F5F5F5F5F5F5F5F5F5F5F5F5F5F5F5F5F5F5F5F5F5F5F5F5F5F5F5F5F5F5F5F5F5F5F5F5F5F5F5F5F5F5F5F5F5E2F5F5F5F5F5F5F5F5F5F5F5E2E2E2F5F5F5F5F5F5F5F5F5F5F5E2F5F5F5F5F5F5F5F5F5F5F5F5F5F5F5F5F5
310
F5F5F5F5F5F5F5F5F5F5F5F5F5F5F5F5F5F5F5F5F5F5F5F5F5F5F5F5F5F5F5F5F5F5F5F5F5F5F5F5F5F5F5F5F5F5F5F5F5F5F5F5F5F5F5F5F5F5F5F5F5F5F5F5F5F5F5F5F5F5F5F5F5F5F5F5F5F5F5F5F5F5F5F5F5F5F5F5F5F5F5F5F5F5F5F5F5F5F5F5F5F5F5F5F5F5F5F5F5F5F5F5F5F5F5F5F5F5F5F5F5F5F5F5F5F5F5
310
F5F5F5F5F5F5F5F5F5E2F5F5F5F5F5F5F5F5F5F5F5E2E2E2F5F5F5F5F5F5F5F5F5F5F5F5F5F5F5F5F5F5F5F5F5F5F5F5F5F5F5F5F5F5F5F5F5F5F5F5F5F5F5F5F5F5F5F5F5F5F5F5F5F5F5F5F5F5F5F5F5F5F5F5F5F5F5F5F5F5F5F5F5F5F5F5F5F5F5F5F5F5F5F5F5F5F5F5F5F5F5F5F5F5F5F5F5F5F5F5F5F5F5F5F5F5F5
310
F5F5F5F5F5F5F5F5F5F5F5F5F5F5F5F5F5F5F5F5F5F5F5F5F5F5F5F5F5F5F5F5F5F5F5F5F5F5F5F5F5F5F5F5F5F5F5F5F5F5F5F5F5F5F5F5F5F5F5F5F5F5F5F5F5F5F5F5F5F5F5F5F5F5E2E2E2F5F5F5F5F5F5F5F5F5F5F5F5F5F5F5F5F5F5F5F5F5F5F5F5F5F5F5F5F5F5F5F5F5F5F5F5F5F5F5F5F5F5F5F5F5F5F5F5F5F5
310
F5F5F5F5F5F5F5F5F5F5F5F5F5F5F5F5F5F5F5F5F5F5F5F5F5F5F5F5F5F5F5F5F5F5F5F5F5F5F5F5F5F5F5F5F5F5F5F5F5F5F5F5F5F5F5F5F5F5F5F5F5F5F5F5F5F5F5F5F5F5F5F5F5F5F5F5F5F5F5F5F5F5F5F5F5F5F5F5F5F5F5F5F5F5F5F5F5F5F5F5F5F5F5F5F5F5F5F5F5F5F5F5F5F5F5F5F5F5F5F5F5F5F5F5F5F5F5
310
E2E2E2F5F5F5F5F5F5F5F5F5F5F5F5F5F5F5F5F5F5F5F5F5F5F5F5F5F5F5F5F5F5F5F5F5F5F5F5F5F5F5F5F5F5F5F5F5F5F5F5F5F5F5F5F5F5F5F5F5F5F5F5F5F5F5F5F5F5F5F5F5F5F5F5F5F5F5F5F5F5F5F5F5F5F5F5F5F5F5F5F5F5F5F5F5F5F5F5F5F5F5F5F5F5F5F5F5F5F5F5F5F5F5F5F5F5F5F5F5F5F5F5F5F5F5F5
310
F5F5F5F5F5F5F5F5F5F5F5F5F5F5F5F5F5F5F5F5F5F5F5F5F5F5F5F5F5F5F5F5F5F5F5F5F5F5F5F5F5F5F5F5F5F5F5F5F5F5F5F5F5E2E2E2F5F5F5F5F5F5F5F5F5F5F5F5F5F5F5F5F5F5F5F5F5F5F5F5F5F5343434343434343434343434343434343434343434343434343434343434343434343434343434343434343434
310
3434343434343434343434343434343434343434343434343434343434343434343434343434343434343434343434343434343434343434343434343434343434343434343434343434343434343434F5F5F5F5F5F5F5F5F5F5F5F5F5F5F5F5F5F5F5F5F5F5F5F5F5F5E2E2E2F5F5F5F5F5F5F5F5F5F5F5F5F5F5F5F5F5F5
310
F5F5F5F5F5F5F5F534F5F5F5F5F5F5F5F5F5F5F5F5F5F5F5F5F5F5F5F5F5F5F5F5F5F5F5F5F5F5F5F5F5F5F5F5F5F5F5F5F5F5F5F5F5F5F5F5F5F5F5F5F5F5F5F5F5F5F5F5F5F5F5F5F5F5F5F5F5F5F5F5F5F5F5F5F5F5F5F5F5F5F5F5F5F5F5F5F5F5F5F5F5F5F5F5F5F5F5F5F5F5F5F5F5F5F5F5F5F5F5F5F5F5F5F5F5F5
310
F5F5F5F5F534F5F5F5F5F5F5F5F5F5F5F5F5F5F5F5F5F5F5F5F5F5F5F5F5F5F5E2E2E2F5F5F5F5F5F5F5F5F5F5F5F5F5F5F5F5F5F5F5F5F5F5F5F5F5F534F5F5F5F5F5F5F5F5F5F5F5F5F5F5F5F5F5F5F5F5F5F5F5F5F5F5F5F5F5F5F5F5F5F5F5F5F5F5F5F5F5F5F5F5F5F5F5F5F5F5F5F5F5F5F5F5F5F5F5F5F5F5F5F5F5
310
F5F5F5F5F5F5F5F5F5F5F5F5F5F5F5F5F5F5F5F5F5F5F5F5F5F5F5F5F5F5F5F5F5F5F5F5F5F5F5F5F5F5F5F5F5F5F5F5F5F5F5F5F5F5F5F5F5F534F5F5F5F5F5F5F5F5F5F5F5F5F5F5F5F5F5F5F5F5F5F5F5F5F5F5E2E2E2F5F5F5F5F5F5F5F5F5F5F5F5F5F5F5F5F5F5F5F5F5F5F5F5F5F534F5F5F5F5F5F5F5F5F5F5F5F5
310
F5F5F5F5F5F5F5F5F5F5F5F5F5F5F5F5F5F5F5F5F5F5F5F5F5F5F5F5F5F5F5F5F5F5F5F5F5F5F5F5F5F5F5F5F5F5F5F5F5F5F5F5F5F5F5F5F5F5F5F5F5F5F5F5F5F5F5F5F5F5F5F5F5F5F5F5F5F5F5F5F5F5F5F5F5F5F5F5F5F5F5F5F5F5F5F5F5F5F5F5F5F5F5F5F5F5F5F5F5F5F534F5F5F5F5F5F5F5F5F5F5F5F5F5F5F5
310
F5F5F5F5F5F5F5F5F5F5F5E2E2E2F5F5F5F5F5F5F5F5F5F5F5F5F5F5F5F5F5F5F5F5F5F5F5F5F5F534F5F5F5F5F5F5F5F5F5F5F5F5F5F5F5F5F5F5F5F5F5F5F5F5F5F5F5F5F5F5F5F5F5F5F5F5F5F5F5F5F5F5F5F5F5F5F5F5F5F5F5F5F5F5F5F5F5F5F5F5F5F5F5F5F5F5F5F5F5F5F5F5F5F5F5F5F5F5F5F5F5F5F5F5F5F5
310
F5F5F5F5F5F5F5F5F5F5F5F5F5F5F5F5F5F5F5F5F5F5F5F5F5F5F5F5F5F5F5F5F5F5F5F5F534F5F5F5F5F5F5F5F5F5F5F5F5F5F5F5F5F5F5F5F5F5F5F5F5F5F5E2E2E2F5F5F5F5F5F5F5F5F5F5F5E2F5F5F5F5F5F5F5F5F5F5F5F5F5F534F5F5F5F5F5F5F5F5F5F5F5F5F5F5F5F5F5F5F5F5F5F5F5F5F5F5F5F5F5F5F5F5F5
310
F5F5F5F5F5F5F5F5F5F5F5F5F5F5F5F5F5F5F5F5F5F5F5F5F5F5F5F5F5F5F5F5F5F5F5F5F5F5F5F5F5F5F5F5F5F5F5F5F5F5F5F5F5F5F5F5F5F5F5F5F5F5F5F5F5F5F5F5F5F5F5F5F5F5F5F5F5F5F5F5F5F5F5F5F5F5F5F5F5F534F5F5F5F5F5F5F5F5F5F5F5F5F5F5E2F5F5F5F5F5F5F5F5F5F5F5E2E2E2F5F5F5F5F5F5F5
310
F5F5F5F5E2F5F5F5F5F5F5F5F5F5F5F5F5F5F534F5F5F5F5F5F5F5F5F5F5F5F5F5F5F5F5F5F5F5F5F5F5F5F5F5F5F5F5F5F5F5F5F5F5F5F5F5F5F5F5F5F5F5F5F5F5F5F5F5F5F5F5F5F5F5F5F5F5F5F5F5F5F5F5F5F5F5F5F5F5F5F5F5F5F5F5F5F5F5F5F5F5F5F5F5F5F5F5F5F5F5F5F5F5F5F5F5F5F5F5F5F5F5F5F5F5F5
310
F5F5F5F5F5F5F5F5F5F5F5F5F5F5F5F534F5F5F5F5F5F5F5F5F5F5F5F5F5F5E2F5F5F5F5F5F5F5F5F5F5F5E2E2E2F5F5F5F5F5F5F5F5F5F5F5E2F5F5F5F5F5F5F5F5F5F5F5F5F5F534F5F5F5F5F5F5F5F5F5F5F5F5F5F5F5F5F5F5F5F5F5F5F5F5F5F5F5F5F5F5F5F5F5F5F5F5F5F5F5F5F5F5F5F5F5F5F5F5F5F5F5F5F5F5
310
F5F5F5F5F5F5F5F5F5F5F5F5F5F5F5F5F5F5F5F5F5F5F5F5F5F5F5F5F5F5F5F5F5F5F5F5F5F5F5F5F5F5F5F5F5F5F5F5F5F5F5F5F5F5F5F5F5F5F5F5F5F5F5F5F5F5F5F5F534F5F5F5F5F5F5F5F5F5F5F5F5F5F5E2F5F5F5F5F5F5F5F5F5F5F5E2E2E2F5F5F5F5F5F5F5F5F5F5F5E2F5F5F5F5F5F5F5F5F5F5F5F5F5F534F5
310
F5F5F5F5F5F5F5F5F5F5F5F5F5F5F5F5F5F5F5F5F5F5F5F5F5F5F5F5F5F5F5F5F5F5F5F5F5F5F5F5F5F5F5F5F5F5F5F5F5F5F5F5F5F5F5F5F5F5F5F5F5F5F5F5F5F5F5F5F5F5F5F5F5F5F5F5F5F5F5F5F5F5F5F5F5F5F5F5F5F5F5F5F5F5F5F5F5F5F5F5F5F5F5F5F5F5F5F5F5F5F5F5F5F5F5F5F5F5F5F5F5F534F5F5F5F5
310
F5F5F5F5F5F5F5F5F5F5E2F5F5F5F5F5F5F5F5F5F5F5E2E2E2F5F5F5F5F5F5F5F5F5F5F5E2F5F5F5F5F5F5F5F5F5F5F5F5F5F534F5F5F5F5F5F5F5F5F5F5F5F5F5F5F5F5F5F5F5F5F5F5F5F5F5F5F5F5F5F5F5F5F5F5F5F5F5F5F5F5F5F5F5F5F5F5F5F5F5F5F5F5F5F5F5F5F5F5F5F5F5F5F5F5F5F5F5F5F5F5F5F5F5F5F5
310
F5F5F5F5F5F5F5F5F5F5F5F5F5F5F5F5F5F5F5F5F5F5F5F5F5F5F5F5F5F5F5F5F5F5F5F5F5F5F5F5F5F5F5F5F5F5F5F534F5F5F5F5F5F5F5F5F5F5F5F5F5F5E2F5F5F5F5F5F5F5F5F5F5F5E2E2E2F5F5F5F5F5F5F5F5F5F5F5E2F5F5F5F5F5F5F5F5F5F5F5F5F5F534F5F5F5F5F5F5F5F5F5F5F5F5F5F5F5F5F5F5F5F5F5F5
310
F5F5F5F5F5F5F5F5F5F5F5F5F5F5F5F5F5F5F5F5F5F5F5F5F5F5F5F5F5F5F5F5F5F5F5F5F5F5F5F5F5F5F5F5F5F5F5F5F5F5F5F5F5F5F5F5F5F5F5F5F5F5F5F5F5F5F5F5F5F5F5F5F5F5F5F5F5F5F5F5F5F5F5F5F5F5F5F5F5F5F5F5F5F5F5F5F5F5F5F5F534F5F5F5F5F5F5F5F5F5F5F5F5F5F5E2F5F5F5F5F5F5F5F5F5F5
310
F5E2E2E2F5F5F5F5F5F5F5F5F5F5F5E2F5F5F5F5F5F5F5F5F5F5F5F5F5F534F5F5F5F5F5F5F5F5F5F5F5F5F5F5F5F5F5F5F5F5F5F5F5F5F5F5F5F5F5F5F5F5F5F5F5F5F5F5F5F5F5F5F5F5F5F5F5F5F5F5F5F5F5F5F5F5F5F5F5F5F5F5F5F5F5F5F5F5F5F5F5F5F5F5F5F5F5F5F5F5F5F5F5F5F5F5F5F5F5F5F5F5F5F5F5F5
310
F5F5F5F5F5F5F5F5F5F5F5F5F5F5F5F5F5F5F5F5F5F5F5F5F5F5F534F5F5F5F5F5F5F5F5F5F5F5F5F5F5E2F5F5F5F5F5F5F5F5F5F5F5E2E2E2F5F5F5F5F5F5F5F5F5F5F5E2F5F5F5F5F5F5F5F5F5F5F5F5F5F534F5F5F5F5F5F5F5F5F5F5F5F5F5F5F5F5F5F5F5F5F5F5F5F5F5F5F5F5F5F5F5F5F5F5F5F5F5F5F5F5F5F5F5
310
F5F5F5F5F5F5F5F5F5F5F5F5F5F5F5F5F5F5F5F5F5F5F5F5F5F5F5F5F5F5F5F5F5F5F5F5F5F5F5F5F5F5F5F5F5F5F5F5F5F5F5F5F5F5F5F5F5F5F5F5F5F5F5F5F5F5F5F5F5F5F5F5F5F5F5F5F5F5F5F534F5F5F5F5F5F5F5F5F5F5F5F5F5F5E2F5F5F5F5F5F5F5F5F5F5F5E2E2E2F5F5F5F5F5F5F5F5F5F5F5E2F5F5F5F5F5
310
F5F5F5F5F5F5F5F5F534F5F5F5F5F5F5F5F5F5F5F5F5F5F5F5F5F5F5F5F5F5F5F5F5F5F5F5F5F5F5F5F5F5F5F5F5F5F5F5F5F5F5F5F5F5F5F5F5F5F5F5F5F5F5F5F5F5F5F5F5F5F5F5F5F5F5F5F5F5F5F5F5F5F5F5F5F5F5F5F5F5F5F5F5F5F5F5F5F5F5F5F5F5F5F5F5F5F5F5F5F5F5F5F5F5F5F5F5F5F5F5F5F5F5F5F5F5
310
F5F5F5F5F5F534F5F5F5F5F5F5F5F5F5F5F5F5F5F5E2F5F5F5F5F5F5F5F5F5F5F5E2E2E2F5F5F5F5F5F5F5F5F5F5F5E2F5F5F5F5F5F5F5F5F5F5F5F5F5F534F5F5F5F5F5F5F5F5F5F5F5F5F5F5F5F5F5F5F5F5F5F5F5F5F5F5F5F5F5F5F5E2E2E2E2E2E2E2E2E2F5F5F5F5F5F5F5F5F5F5F5F5F5F5F5F5F5F5F5F5F5F5F5F5
310
F5F5F5F5F5F5F5F5F5F5F5F5F5F5F5F5F5F5F5F5F5F5F5F5F5F5F5F5F5F5F5F5F5F5F5F5F5F5F5F5F5F5F5F5F5F5F5F5F5F5F5F5F5F5F5F5F5F5F534F5F5F5F5F5F5F5F5F5F5F5F5F5F5E2F5F5F5F5F5F5F5F5F5F5F5E2E2E2F5F5F5F5F5F5F5F5F5F5F5E2F5F5F5F5F5F5F5F5F5F5F5F5F5F534F5F5F5F5F5F5F5F5F5F5F5
310
F5F5F5F5F5F5F5F5F5F5F5F5F5F5F5F5F577CCCCE2E2E2E2E2E2E2E2E2CCCC0F0F0F0F0F0F0FE2E20F0F0F0F0F0F0F0F0F7777770F0F0F0F0F0F0F0F0F0F0F0F0F0F0FE2E20F0F0F0F0F0FCCCCCCCCCCCCCCCC0FF5F5F5F5F5F5F5F5F5F5F5F5F5F5F5F5F5F5F5F5F5F5F5F5F5F5F5F534F5F5F5F5F5F5F5F5F5F5F5F5F5F5
310
E2F5F5F5F5F5F5F5F5F5F5F5E2E2E2F5F5F5F5F5F5F5F5F5F5F5E2F5F5F5F5F5F5F5F5F5F5F5F5F5F534F5F5F5F5F5F5F5F5F5F5F5F5F5F5F5F5F5F5F5F5F5F5F5F5F5F5F5F57777F5F5F5F5F5F5F5F5F5F5F50F0FE2E2E2E2E2E2E2E20F0F0F0F0F0F0F0F0F0F770F0F0F0F0F0F0F0F0F0FE2E2E2E2E2E2E2E20F0F0F0F0F
310
0F0FF5F5F5F5F5F5770FF5F5F5F5F5F5F5F5F5F5F5F5F5F5F5F5F5F5F5F5F5F5F5F5F5F5F5F534F5F5F5F5F5F5F5F5F5F5F5F5F5F5E2F5F5F5F5F5F5F5F5F5F5F5E2E2E2F5F5F5F5F5F5F5F5F5F5F5E2F5F5F5F5F5F5F5F5F5F5F5F5F5F534F5F5F5F5F5F5F5F5F5F5F5F5F5F5F5F5F5F5F5F5F5F5F5F5F5F5F5F5770FF5F5
310
F5F5F5F5F5F5F5F5F5F5F5E2E2E2E2E2E2E2E2F5F5F5F516161616161677161616161616F5F5F5F5F5F5F5F5F5F5E2E2F5F5F5F5F5F5F5F5F5F5F5F5F50F0FF5F5F5F5F5F5F5F5F5F5F5F5F5F5F5F5F5F5F5F5F5F5F5F5F5F5F5F534F5F5F5F5F5F5F5F5F5F5F5F5F5F5E2F5F5F5F5F5F5F5F5F5F5F5E2E2E2F5F5F5F5F5F5
310
F5F5F5F5F5E2F5F5F5F5F5F5F5F5F5F5F5F5F5F534F5F5F5F5F5F5F5F5F5F5F5F5F5F5F5F5F5F5F5F5F5F5F5F5F5F5F5F50F0FF5E2E2E2E2E2E2E2F5F5F5F5F5E2E2E2E2E2E2E2E2F5F5F5F51616F5F5F516F516F5F5F5F516F5F5F5F5E2E2E2E2E2E2E2E2F5F5F5F5F5E2E2E2E2E2E2E2E20F0FF5F5F5F5F5F5F5F5F5F5F5
310
F5F5F5F5F5F5F5F5F5F5F5F5F5F5F5F5F534F5F5F5F5F5F5F5F5F5F5F5F5F5F5E2F5F5F5F5F5F5F5F5F5F5F5E2E2E2F5F5F5F5F5F5F5F5F5F5F5E2F5F5F5F5F5F5F5F5F5F5F5F5F5F534F5F5F5F5F5F5F5F5F5F5F5F5F5F5F5F5F5F5F5F5F5F5F5F5F5F5F5F50F0FF5E2E2E2E2E2E2E2F5F5F5F5F5F5F5F5F5F5F5F5F5F5F5
310
F5F516F516F5F516F516F5F5F5F516F5F5F5F5F5F5F5F5F5F5F5F5F5F5F5F5F5E2E2E2E2E2E2E2E20F0FF5F5F5F5F5F5F5F5F5F5F5F5F5F5F5F5F5F5F5F5F5F5F5F5F5F5F5F534F5F5F5F5F5F5F5F5F5F5F5F5F5F5E2F5F5F5F5F5F5F5F5F5F5F5E2E2E2F5F5F5F5F5F5F5F5F5F5F5F5F5F5F5F5F5F5F5F5F5F5F5F5F5F534
310
F5F5F5F5F5F5F5F5F5F5F5F5F5F5F5F5F5F5F5F5F5F5F5F5F5F5F5F50F3434E2E2E2E2E2343434F53434343434F53434343434F534343434F5F5F5F516F516F5F5F5F534343434F53434343434F53434343434F534E2E2E2E2E2E23434340FF5F5F5F5F5F5F5F5F5F5F5F5F5F5F5F5F5F5F5F5F5F5F5F5F5F5F5F534F5F5F5
310
F5F5F5F5F5F5F5F5F5F5F5F5F5F5F5F5F5F5F5F5F5F5F5E2E2E2F5F5F5F5F5F5F5F5F5F5F5F5F5F5F5F5F5F5F5F5F5F5F5F5F5F534F5F5F5F5F5F5F5F5F5F5F5F5F5F5F5F5F5F5F5F5F5F5F5F5F5F5F5F50F0FF5F5F5F5F5F5F5F5F5F5F5F5F5F5F5F5F5F5F5F5F5F5F5F5F516F5F516F516F5E2F5F5F5F516F5F5F5F5F5F5
310
F5F5F5F5F5F5F5F5F5F5F5F5F5F5F5F5F5F5F50F0FF5F5F5F5F5F5F5F5F5F5F5F5F5F5F5F5F5F5F5F5F5F5F5F5F5F5F5F534F5F5F5F5F5F5F5F5F5F5F5F5F5F5F5F5F5F5F5F5F5F5F5F5F5F5E2E2E2F5F5F5F5F5F5F5F5F5F5F5F5F5F5F5F5F5F5F5F5F5F5F5F5F5F534F5F5F5F5F5F5F5F5F5F5F5F5F5F5F5F5F5F5F5F5F5
310
F5F5F5F5F5F5F50F0FF5F5F5F5F5F5F5F5F5F5F5F5F5F5F5F5F5F5F5F5F5F5F5F5F516161616E21616161616161616F5F5F5F5F5F5F5F5F5F5F5F5F5F5F5F5F5F5F5F5F5F5F5F5F50F0FF5F5F5F5F5F5F5F5F5F5F5F5F5F5F5F5F5F5F5F5F5F5F5F5F5F5F5F534F5F5F5F5F5F5F5F5F5F5F5F5F5F5F5F5F5F5F5F5F5F5F5F5
310
F5F5E2E2E2F5F5F5F5F5F5F5F5F5F5F5F5F5F5F5F5F5F5F5F5F5F5F5F5F5F534F5F5F5F5F5F5F5F5F5F5F5F5F5F5F5F5F5F5F5F5F5F5F5F5F5F5F5F50F1616161616161616161616160F0F757575750F0F75757575750F0FF5F5F5E21616E2F5E234F50F7575757575750F7575757575750F1616161616161616161616160F
310
F5F5F5F5F5F5F5F5F5F5F5F5F5F5F5F5F5F5F5F5F5F5F5F5F5F5F5F534F5F5F5F5F5F5F5F5F5F5F5F5F5F5F5F5F5F5F5F5F5F5F5F5F5F5E2E2E2F5F5F5F5F5F5F5F5F5F5F5F5F5F5F5F5F5F5F5F5F5F5F5F5F5F534F5F5F5F5F5F5F5F5F5F5F5F5F5F5F5F5F5F5F5F5F5F5F5F5F5F5F5F50F1616161616161616161616160F
310
0F757575750F0F75757575750F0F161616161616E2161634160F7575757575750F7575757575750F1616161616161616161616160FF5F5F5F5F5F5F5F5F5F5F5F5F5F5F5F5F5F5F5F5F5F5F5F5F5F5F5F534F5F5F5F5F5F5F5F5F5F5F5F5F5F5F5F5F5F5F5F5F5F5F5F5F5F5E2E2E2F5F5F5F5F5F5F5F5F5F5F5F5F5F5F5F5
310
F5F5F5F5F5F5F5F5F5F534F5F5F5F5F5F5F5F5F5F5F5F5F5F5F5F5F5F5F5F5F5F5F5F5F5F5F5F50F0FF5F5F5F5F5F5F5F5F5F5CCCCCCCCCCCCCC0F737373BFBF7373731616161616161616163416167373BFBF73730F0FCCCCCCCCCCCCCCF5F5F5F5F5F5F5F5F5F50F0FF5F5F5F5F5F5F5F5F5F5F5F5F5F5F5F5F5F5F5F5F5
310
F5F5F5F5F5F5F534F5F5F5F5F5F5F5F5F5F5F5F5F5F5F5F5F5F5F5F5F5F5F5F5F5F5E2E2E2F5F5F5F5F5F5F5F5F5F5F5F5F5F5F5F5F5F5F5F5F5F5F5F5F5F534F5F5F5F5F5F5F5F5F5F5F5F5F5F5F5F5F5F5F5F5F5F5F5F5F5F5F5F50F0FF5F5E2E2E2E2E2F5F5F5CCF5F5F5F5F5CC0F0FF5BFBFBFF5F50FF5F5F5F5161616
310
F5F534F50FF5F5BFBFBFF50F0FCCF5F5F5F5F5CCF5E2E2E2E2E2E2F5F5F50F0FF5F5F5F5F5F5F5F5F5F5F5F5F5F5F5F5F5F5F5F5F5F5F5F5F5F5F5F534F5F5F5F5F5F5F5F5F5F5F5F5F5F5F5F5F5F5F5F5F5F5F5F5F5F5E2E2E2F5F5F5F5F5F5F5F5F5F5F5F5F5F5F5F5F5F5F5F5F5F5F5F5F5F534F5F5F5F5F5F5F5F5F5F5
310
F5F5F5F5F5F5F5F5F5F5F5F5F5F5F5F5F5F50F0FF5F5E2E2E2E2E2E2F5F5CCF5F5F5F5CCF50F0FF5BFBFBFF5F50F161616161616161616161616F5F5BFBFBFF50F0FF5CCF5F5F5F5CCF5E2E2E2E2E2E2F5F5F50F0FF5F5F5F5F5F5F5F5F5F5F5F5F5F5F5F5F5F5F5F5F5F5F5F5F5F5F5F534F5F5F5F5F5F5F5F5F5F5F5F5F5
310
F5F5F5F5F5F5F5F5F5F5F5F5F5E2E2E2F5F5F5F5F5F5F5F5F5F5F5E2F5F5F5F5F5F5F5F5F5F5F5F5F5F534F5F5F5F5F5F5F5F5F5F5F5F5F5F5F5F5F5F5F5F5F5F5F5F5F5F5F5F50F0FF5F5F5F5F5F5F5F5F5F5CCF5F5F5F5CCF50F0FF5E2E2E2F5F50F161616161616161616341616E2E2BFBFBFF50F0FF5CCF5F5F5F5CCF5
310
F5F5F5F5F5F5F5F5F50F0FF5F5F5F5F5F5F5F5F5F5F5F5F5F5F5F5F5F5F5F5F5F5F5F5F5F5F5F534F5F5F5F5F5F5F5F5F5F5F5F5F5F5E2F5F5F5F5F5F5F5F5F5F5F5E2E2E2F5F5F5F5F5F5F5F5F5F5F5E2F5F5F5F5F5F5F5F5F5F5F5F5F5F534F5F5F5F5F5F5F5F5F5F5F5F5F5F5F5F5F5F5F5F5F5F5F5F5F5F5F5F50F0FF5
310
F5F5F5F5F5F5F5F5F5CCF5F5CCCCF5F50F0FF5E2E2E2F5F50F16161616E216161616341616E2E2E2F5F5F50F0FF5F5CCCCF5F5CCF5F5F5F5F5F5F5F5F5F50F0FF5F5F5F5F5F5F5F5F5F5F5F5F5F5F5F5F5F5F5F5F5F5F5F5F5F5F5F534F5F5F5F5F5F5F5F5F5F5F5F5F5F5E2F5F5F5F5F5F5F5F5F5F5F5E2E2E2F5F5F5F5F5
310
F5F5F5F5F5F5E2F5F5F5F5F5F5F5F5F5F5F5F5F5F534F5F5F5F5F5F5F5F5F5F5F5F5F5F5F5F5F5F5F5F5F5F5F5F5F5F5F5F50F0F0F0F7575757575750F0FCCCCCCCCF5F5F5CCCCCCE2E2E2E2F50FF5F5F5F5E2F516163434F50FE2E2E2E2F5CCCCCCF5F5F5CCCCCCCC0F0F7575757575750F0F0F0FF5F5F5F5F5F5F5F5F5F5
310
F5F5F5F5F5F5F5F5F5F5F5F5F5F5F5F5F5F534F5F5F5F5F5F5F5F5F5F5F5F5F5F5E2F5F5F5F5F5F5F5F5F5F5F5E2E2E2F5F5F5F5F5F5F5F5F5F5F5E2F5F5F5F5F5F5F5F5F5F5F5F5F5F534F5F5F5F5F5F5F5F5F5F5F5F5F5F5F5F5F5F5F5F5F5F5F5F5F5F5F5F50F0F0F0F7575757575750F0F0FF5F5F5F5F5F5CCF5CCCCF5
310
F5BFBF0FF5F5F5F516F516F516F5F50FBFBFF5F5CCCCF5CCF5F5F5F5F5F50F0F0F757575757575750F0F0FF5F5F5F5F5F5F5F5F5F5F5F5F5F5F5F5F5F5F5F5F5F5F5F5F5F5F5F534F5F5F5F5F5F5F5F5F5F5F5F5F5F5E2F5F5F5F5F5F5F5F5F5F5F5E2E2E2F5F5F5F5F5F5F5F5F5F5F5E2F5F5F5F5F5F5F5F5F5F5F5F5F5F5
310
34F5F5F5F5F5F5F5F5F5F5F5F5F5F5F5F5F5F5F5F5F5F5F5F5F5F5F5F50F0FF5F5F5F5F5F5F5F5F5F50FF5F5F5F5F5F5CCF5F5F5CCBFBFBFBFF5F5F5F516F516F5F516F5BFBFBFBFCCF5F5F5CCF5F5F5F5F5F50FF5F5F5F5F5F5F5F5F5F50F0FF5F5F5F5F5F5F5F5F5F5F5F5F5F5F5F5F5F5F5F5F5F5F5F5F5F5F5F534F5F5
310
F5F5F5F5F5F5F5F5F5F5F5F5E2F5F5F5F5F5F5F5F5F5F5F5E2E2E2F5F5F5F5F5F5F5F5F5F5F5E2F5F5F5F5F5F5F5F5F5F5F5F5F5F534F5F5F5F5F5F5F5F5F5F5F5F5F5F5F5F5F5F5F5F5F5F5F5F5F5F5F5F50F0FF5F5F5F5F5F5F5F5F5F50FF5F5F5F5F5F5CCF5F5F5CCBFBFBFBFF5F5F5F516F516F5F5F516BFBFBFBFCCF5
310
F5F5CCF5F5F5F5F5F50FF5F5F5F5F5F5F5F5F5F50F0FF5F5F5F5F5F5F5F5F5F5F5F5F5F5F5F5F5F5F5F5F5F5F5F5F5F5F5F534F5F5F5F5F5F5F5F5F5F5F5F5F5F5E2F5F5F5F5F5F5F5F5F5F5F5E2E2E2F5F5F5F5F5F5F5F5F5F5F5E2F5F5F5F5F5F5F5F5F5F5F5F5F5F534F5F5F5F5F5F5F5F5F5F5F5F5F5F5F5F5F5F5F5F5
310
F5F5F5F5F5F5F5F50F0FF5F5F5F5F5F5F5F5F5F50FF5F5F5F5F5F5CCCCCCCCCCBFBFBFBF0F0F0F0F160F160F0F0F0FBFBFBFBFCCCCCCCCCCF5F5F5F5F5F50FF5F5F5F5F5F5F5F5F5F50F0FF5F5F5F5F5F5F5F5F5F5F5F5F5F5F5F5F5F5F5F5F5F5F5F5F5F5F5F534F5F5F5F5F5F5F5F5F5F5F5F5F5F5E2F5F5F5F5F5F5F5F5
310
F5F5F5E2E2E2F5F5F5F5F5F5F5F5F5F5F5E2F5F5F5F5F5F5F5F5F5F5F5F5F5F534F5F5F5F5F5F5F5F5F5F5F5F5F5F5F5F5F5F5F5F5F5F5F5F5F5F5F5F50F0FF5F573737373737373730FF5F5F5F5F5F50F0F0F0F0F0F0F0F0F0F0F0F0F0F0F0F0F0F0F0F0F0F0F0F0F0F0F0F0FF5F5F5F5F5F5737373737373737373F5F50F
310
0FF5F5F5F5F5F5F5F5F5F5F5F5F5F5F5F5F5F5F5F5F5F5F5F5F5F5F5F534F5F5F5F5F5F5F5F5F5F5F5F5F5F5E2F5F5F5F5F5F5F5F5F5F5F5E2E2E2F5F5F5F5F5F5F5F5F5F5F5E2F5F5F5F5F5F5F5F5F5F5F5F5F5F534F5F5F5F5F5F5F5F5F5F5F5F5F5F5F5F5F5F5F5F5F5F5F5F5F5F5F5F50F0FF5F573E2E2E2E2E2E2F50F
310
F5F5F5F5F5F5F5F5F5F5F5F5F5F5F5F5F5F5F5F5F5F5F5F5F5F5F5F5F5F5F5F5F5F5F5F5F5F5F5F5F50FE2E2E2E2E2E2F573F5F50F0FF5F5F5F5F5F5F5F5F5F5F5F5F5F5F5F5F5F5F5F5F5F5F5F5F5F5F5F534F5F5F5F5F5F5F5F5F5F5F5F5F5F5E2F5F5F5F5F5F5F5F5F5F5F5E2E2E2F5F5F5F5F5F5F5F5F5F5F5E2F5F5F5
310
F5F5F5F5F5F5F5F5F5F5F534F5F5F5F5F5F5F5F5F5F5F5F5F5F5F5F5F5F5F5F5F5F5F5F5F5F5F5F50F0FF5F573E2E2E2E2E2F5F50FF5F5F5F5F5F5F5F5F5F5F5F5F5F5F5F5F5F5F5F5F5F5F5F5F5F5F5F5F5F5F5F5F5F5F5F5F5F5F5F5F50FE2E2E2E2E2E2F573F5F50F0FF5F5F5F5F5F5F5F5F5F5F5F5F5F5F5F5F5F5F5F5
310
F5F5F5F5F5F5F5F534F5F5F5F5F5F5F5F5F5F5F5F5F5F5E2F5F5F5F5F5F5F5F5F5F5F5E2E2E2F5F5F5F5F5F5F5F5F5F5F5E2F5F5F5F5F5F5F5F5F5F5F5F5F5F534F5F5F5F5F5F5F5F5F5F5F5F5F5F5F5F5F5F5F5F5F5F5F5F5F5F5F5F50F0FF5F573E2E2E2E2E2F5F50FF5F5F5F5F5F5F5F5F5F5F5F5F5F5F5F5F5F5F5F5F5
310
F5F5F5F5F5F5F5F5F5F5F5F5F5F5F5F5F5F5F5F50FE2E2E2E2E2E2F573F5F50F0FF5F5F5F5F5F5F5F5F5F5F5F5F5F5F5F5F5F5F5F5F5F5F5F5F5F5F5F534F5F5F5F5F5F5F5F5F5F5F5F5F5F5E2F5F5F5F5F5F5F5F5F5F5F5E2E2E2F5F5F5F5F5F5F5F5F5F5F5E2F5F5F5F5F5F5F5F5F5F5F5F5F5F534F5F5F5F5F5F5F5F5F5
310
F5F5F5F5F5F5F5F5F5F5F5F5F5F5F5F5F5F5F50F0FF5F573F5F5F5F5F5F5F50FF5F5F5F5F5F5F5F5F5F5F5F5F5F5F5F5F5F5F5F5F5F5F5F5F5F5F5F5F5F5F5F5F5F5F5F5F5F5F5F5F50FF5F5F5F5F5F5F573F5F50F0FF5F5F5F5F5F5F5F5F5F5F5F5F5F5F5F5F5F5F5F5F5F5F5F5F5F5F5F534F5F5F5F5F5F5F5F5F5F5F5F5
310
F5F5E2F5F5F5F5F5F5F5F5F5F5F5E2E2E2F5F5F5F5F5F5F5F5F5F5F5E2F5F5F5F5F5F5F5F5F5F5F5F5F5F534F5F5F5F5F5F5F5F5F5F5F5F5F5F5F5F5F5F5F5F5F5F5F5F5F5F5F5F50F0FF5F573F5F5F5F5F5CCCCCCF5F5F5F5F5F5F5F5F5F5F5F5F5F5F5F5F5F5F5F5F5F5F5F5F5F5F5F5F5F5F5F5F5F5F5F5F5F5F5F5F5CC
310
CCCCF5F5F5F5F573F5F50F0FF5F5F5F5F5F5F5F5F5F5F5F5F5F5F5F5F5F5F5F5F5F5F5F5F5F5F5F534F5F5F5F5F5F5F5F5F5F5F5F5F5F5E2F5F5F5F5F5F5F5F5F5F5F5E2E2E2F5F5F5F5F5F5F5F5F5F5F5E2F5F5F5F5F5F5F5F5F5F5F5F5F5F534F5F5F5F5F5F5F5F5F5F5F5F5F5F5F5F5F5F5F5F5F5F5F5F5F5F5F5F50F0F
310
F5F573F5F5F5F5CCCCF5F5F5F5F5F5F5F5F5F5F5F5F5F5F5F5F5F5E2E2E2E2E2E2E2F5F5F5F5F5F5F5F5F5F5F5F5F5F5F5F5F5F5F5F5CCCCF5F5F5F573F5F50F0FF5F5F5F5F5F5F5F5F5F5F5F5F5F5F5F5F5F5F5F5F5F5F5F5F5F5F5F534F5F5F5F5F5F5F5F5F5F5F5F5F5F5E2F5F5F5F5F5F5F5F5F5F5F5E2E2E2F5F5F5F5
310
F5F5F5F5F5F5F5E2F5F5F5F5F5F5F5F5F5F5F5F5F5F534F5F5F5F5F5F5F5F5F5F5F5F5F5F5F5F5F5F5F5F5F5F5F5F5F5F5F5F50F0FF5F573F5F5F5CCCCF5F5F5F5F5F5F5F5F5F5F5F5F5F5F5F5F5F5F5E2E2E2E2E2E2E2E2F5F5F5F5F5F5F5F5F5F5F5F5F5F5F5F5F5F5F5F5CCCCF5F5F573F5F50F0FF5F5F5F5F5F5F5F5F5
310
F5F5F5F5F5F5F5F5F5F5F5F5F5F5F5F5F5F5F534F5F5F5F5F5F5F5F5F5F5F5F5F5F5E2F5F5F5F5F5F5F5F5F5F5F5E2E2E2F5F5F5F5F5F5F5F5F5F5F5F5F5F5F5F5F5F5F5F5F5F5F5F5F5F534F5F5F5F5F5F5F5F5F5F5F5F5F5F5F5F5F5F5F5F5F5F5F5F5F5F5F5F50F0FF5F573F5F5F5CCF5F5F5F5F5F5F5F5F5F5F5F5F5F5
310
F5F5F5F5F5F5E2E2E2E2E2E2E2E2F5F5F5F5F5F5F5F5F5F5F5F5F5F5F5F5F5F5F5F5F5CCF5F5F573F5F50F0FF5F5F5F5F5F5F5F5F5F5F5F5F5F5F5F5F5F5F5F5F5F5F5F5F5F5F5F534F5F5F5F5F5F5F5F5F5F5F5F5F5F5F5F5F5F5F5F5F5F5F5F5F5F5E2E2E2F5F5F5F5F5F5F5F5F5F5F5F5F5F5F5F5F5F5F5F5F5F5F5F5F5
310
F534F5F5F5F5F5F5F5F5F5F5F5F5F5F5F5F5F5F5F5F5F5F5F5F5F5F5F5F50F0FF5F573F5F5F5CCCCCCCCCCF5F5F5F5F5F5F5F5F5F5F5F5F5F5F5F5F5F5F5F5F5F5F5F5F5F5F5F5F5F5F5F5F5F5F5F5F5F5F5F5F5CCCCCCCCCCF5F5F573F5F50F0FF5F5F5F5F5F5F5F5F5F5F5F5F5F5F5F5F5F5F5F5F5F5F5F5F5F5F5F534F5
310
F5F5F5F5F5F5F5F5F5F5F5F5F5F5F5F5F5F5F5F5F5F5F5F5F5E2E2E2F5F5F5F5F5F5F5F5F5F5F5F5F5F5F5F5F5F5F5F5F5F5F5F5F5F534F5F5F5F5F5F5F5F5F5F5F5F5F5F5F5F5F5F5F5F5F5F5F5F5F5F5F5F50F0F0F0F0F0F0F0F0F0F0F0FCCF5F5F5F5F5F5F5F5F5F5F5F5F5F5F5F5F5F5F5F5F5F5F5F5F5F5F5F5F5F5F5
310
F5F5F5F5F5F5F5F5F5F5CC0F0F0F0F0F0F0F0F0F0F0F0FF5F5F5F5F5F5F5F5F5F5F5F5F5F5F5F5F5F5F5F5F5F5F5F5F5F5F5F534F5F5F5F5F5F5F5F5F5F5F5F5F5F5F5F5F5F5F5F5F5F5F5F5F5F5E2E2E2F5F5F5F5F5F5F5F5F5F5F5F5F5F5F5F5F5F5F5F5F5F5F5F5F5F534F5F5F5F5F5F5F5F5F5F5F5F5F5F5F5F5F5F5F5
310
F5F5F5F5F5F5F5F5F50F0FF5E2E2E2E2E2E2E2E2E2F5F5F5F5F5F5F5F5F5F5F5F5F5F5F5F5F5F5F5F5F5F5F5F5F5F5F5F5F5F5F5F5F5F5F5F5F5F5F5F5F5F5F5E2E2E2E2E2E2E2E2E2F50F0FF5F5F5F5F5F5F5F5F5F5F5F5F5F5F5F5F5F5F5F5F5F5F5F5F5F5F5F534F5F5F5F5F5F5F5F5F5F5F5F5F5F5F5F5F5F5F5F5F5F5
310
F5F5F5F5E2E2E2F5F5F5F5F5F5F5F5F5F5F5F5F5F5F5F5F5F5F5F5F5F5F5F5F5F534F5F5F5F5F5F5F5F5F5F5F5F5F5F5F5F5F5F5F5F5F5F5F5F5F5F5F5F50F0FF5E2E2E2E2E2E2E2E2E2F5F5F5F5F5F5F5F5F5F5F5F5F5F5F5F5F5F5F5F5F5F5F5F5F5F5F5F5F5F5F5F5F5F5F5F5F5F5F5F5F5F5F5E2E2E2E2E2E2E2E2E2F5
310
0F0FF5F5F5F5F5F5F5F5F5F5F5F5F5F5F5F5F5F5F5F5F5F5F5F5F5F5F5F534F5F5F5F5F5F5F5F5F5F5F5F5F5F5F5F5F5F5F5F5F5F5F5F5F5F5E2E2E2F5F5F5F5F5F5F5F5F5F5F5F5F5F5F5F5F5F5F5F5F5F5F5F5F5F534F5F5F5F5F5F5F5F5F5F5F5F5F5F5F5F5F5F5F5F5F5F5F5F5F5F5F5F50F0FF5E2E2E2E2E2E2E2F5E2
310
F5F5F5F5F5F5F5F5F5F5F5F5F5F5F5F5F5F5F5F5F5F5F5F5F5F5F5F5F5F5F5F5F5F5F5F5F5F5F5F5F5F5F5E2F5E2E2E2E2E2F5E2F50F0FF5F5F5F5F5F5F5F5F5F5F5F5F5F5F5F5F5F5F5F5F5F5F5F5F5F5F5F534F5F5F5F5F5F5F5F5F5F5F5F5F5F5F5F5F5F5F5F5F5F5F5F5F5F5E2E2E2F5F5F5F5F5F5F5F5F5F5F5F5F5F5
310
F5F5F5F5F5F5F5F5F5F5F5F534F5F5F5F5F5F5F5F5F5F5F5F5F5F5F5F5F5F5F5F5F5F5F5F5F5F5F5F50F0FF5E2E2E2E2E2E2F5F5E2F5F5F5F5F5F5F5F5F5F5F5F5F5F5F5F5F5F5F5F5F5F5F5F5F5F5F5F5F5F5F5F5F5F5F5F5F5F5F5F5F5F5F5E2F5E2E2E2E2F5F5E2F50F0FF5F5F5F5F5F5F5F5F5F5F5F5F5F5F5F5F5F5F5
310
F5F5F5F5F5F5F5F5F534F5F5F5F5F5F5F5F5F5F5F5F5F5F5F5F5F5F5F5F5F5F5F5F5F5F5E2E2E2F5F5F5F5F5F5F5F5F5F5F5F5F5F5F5F5F5F5F5F5F5F5F5F5F5F534F5F5F5F5F5F5F5F5F5F5F5F5F5F5F5F5F5F5F5F5F5F5F5F5F5F5F5F50F0FF5E2E2F5F5F5F5E2F5E2F5F5F5F5F5F5F5F5F5F5F5F5F5F5F5F5F5F5F5F5F5
310
F5F5F5F5F5F5F5F5F5F5F5F5F5F5F5F5F5F5F5F5F5F5E2F5E2F5F5F5F5E2E2F50F0FF5F5F5F5F5F5F5F5F5F5F5F5F5F5F5F5F5F5F5F5F5F5F5F5F5F5F5F534F5F5F5F5F5F5F5F5F5F5F5F5F5F5F5F5F5F5F5F5F5F5F5F5F5F5E2E2E2F5F5F5F5F5F5F5F5F5F5F5F5F5F5F5F5F5F5F5F5F5F5F5F5F5F534F5F5F5F5F5F5F5F5
310
F5F5F5F5F5F5F5F5F5F5F5F5F5F5F5F5F5F5F5F50F0FF5E2E2E2E2E2E2E2E2E2F5F5F5F5F5F5F5F5F5F5F5F5F5F5F5F5F5F5F5F5F5F5F5F5F5F5F5F5F5F5F5F5F5F5F5F5F5F5F5F5F5F5F5E2E2E2E2E2E2E2E2E2F50F0FF5F5F5F5F5F5F5F5F5F5F5F5F5F5F5F5F5F5F5F5F5F5F5F5F5F5F5F534F5F5F5F5F5F5F5F5F5F5F5
310
F5F5F5F5F5F5F5F5F5F5F5F5F5F5F5E2E2E2F5F5F5F5F5F5F5F5F5F5F5E2F5F5F5F5F5F5F5F5F5F5F5F5F5F534F5F5F5F5F5F5F5F5F5F5F5F5F5F5F5F5F5F5F5F5F5F5F5F5F5F5F5F50F0F757575757575757575E2750F0F0F0F0F0F0F0F0F0F0F0F0F0F161616161616161616161616160F0F0F0F0F0F0F0F0F0F0F0F0FE2
310
75757575757575757575750F0FF5F5F5F5F5F5F5F5F5F5F5F5F5F5F5F5F5F5F5F5F5F5F5F5F5F5F5F534F5F5F5F5F5F5F5F5F5F5F5F5F5F5E2F5F5F5F5F5F5F5F5F5F5F5E2E2E2F5F5F5F5F5F5F5F5F5F5F5E2F5F5F5F5F5F5F5F5F5F5F5F5F5F534F5F5F5F5F5F5F5F5F5F5F5F5F5F5F5F5F5F5F5F5F5F5F5F5F5F5F5F577
310
0F757575757575E2E2E2E2E2E2E20F0F0F0F0F0FCCCCCCCCCC0FF5F5F5F5F5777777F5F5F5F5F50FCCCCCCCCCC0F0F0F0FE2E2E2E275757575757575757575750F0FF5F5F5F5F5F5F5F5F5F5F5F5F5F5F5F5F5F5F5F5F5F5F5F5F5F5F5F534F5F5F5F5F5F5F5F5F5F5F5F5F5F5E2F5F5F5F5F5F5F5F5F5F5F5E2E2E2F5F5F5
310
F5F5F5F5F5F5F5F5E2F5F5F5F5F5F5F5F5F5F5F5F5F5F534F5F5F5F5F5F5F5F5F5F5F5F5F5F5F5F5F5F5F5F5F5F5F5F5F5F5F5F57777F5F5F5F5F5F5E2E2E2E2E2E2E2F5F5F5F5F5F5CCF5F5F5F5F5F5F5F5F5F5777777F5F5F5F5F5F5F5F5F5F5CCF5F5F5F5E2E2E2E2E2E2E2F5F5F5F5F5F5F5F5770FF5F5F5F5F5F5F5F5
310
F5F5F5F5F5F5F5F5F5F5F5F5F5F5F5F5F5F5F5F534F5F5F5F5F5F5F5F5F5F5F5F5F5F5E2F5F5F5F5F5F5F5F5F5F5F5E2E2E2F5F5F5F5F5F5F5F5F5F5F5E2F5F5F5F5F5F5F5F5F5F5F5F5F5F534F5F5F5F5F5F5F5F5F5F5F5F5F5F5F5F5F5F5F5F5F5F5F5F5F5F5F5F5770FF5F5F5F5F5F5E2E2E2E2E2E2E2F5F5F5F5F5F5F5
310
CCF5F5F5F5F5F5F5F5F5737773F5F5F5F5F5F5F5F5F5CCF5F5F5F5F5E2E2E2E2E2E2E2E2F5F5F5F5F5F5F50F0FF5F5F5F5F5F5F5F5F5F5F5F5F5F5F5F5F5F5F5F5F5F5F5F5F5F5F5F534F5F5F5F5F5F5F5F5F5F5F5F5F5F5E2F5F5F5F5F5F5F5F5F5F5F5E2E2E2F5F5F5F5F5F5F5F5F5F5F5E2F5F5F5F5F5F5F5F5F5F5F5F5
310
F5F534F5F5F5F5F5F5F5F5F5F5F5F5F5F5F5F5F5F5F5F5F5F5F5F5F5F5F5F50F0FF5F5F5F5F5F5F5F5F5F5F5F5F5F5F5F5F5F5F5F5CCF5F5F5F5F5F5F5F5F573F573F5F5F5F5F5F5F5F5F5CCF5F5F5F5F5F5F5F5F5F5F5F5F5F5F5F5F5F5F5F50F0FF5F5F5F5F5F5F5F5F5F5F5F5F5F5F5F5F5F5F5F5F5F5F5F5F5F5F5F534
310
F5F5F5F5F5F5F5F5F5F5F5F5F5F5E2F5F5F5F5F5F5F5F5F5F5F5E2E2E2F5F5F5F5F5F5F5F5F5F5F5E2F5F5F5F5F5F5F5F5F5F5F5F5F5F534F5F5F5F5F5F5F5F5F5F5F5F5F5F5F5F5F5F5F5F5F5F5F5F5F5F5F5F50F0FF5F5F5F5F5D8D8D8D8D8D8D8D8D8D8D8F5F5F5F5F5CCCCF5F5F5F5F5F5F573F573F5F5F5F5F5F5F5CC
310
CCF5F5F5F5F5D8D8D8D8D8D8D8D8D8D8D8F5F5F5F5F50F0FF5F5F5F5F5F5F5F5F5F5F5F5F5F5F5F5F5F5F5F5F5F5F5F5F5F5F5F534F5F5F5F5F5F5F5F5F5F5F5F5F5F5E2F5F5F5F5F5F5F5F5F5F5F5E2E2E2F5F5F5F5F5F5F5F5F5F5F5E2F5F5F5F5F5F5F5F5F5F5F5F5F5F534F5F5F5F5F5F5F5F5F5F5F5F5F5F5F5F5F5F5
310
F5F5F5F5F5F5F5F5F5F50F0FF5F5F5F5F5D8F5F5F5F5F5F5F5F5F5D8F5F5F5F5D8D8D8D8D8F5F5F5F5F573F573F5F5F5F5F5D8D8D8D8D8F5F5F5F5D8F5F5F5F5F5F5F5F5F5D8F5F5F5F5F50F0FF5F5F5F5F5F5F5F5F5F5F5F5F5F5F5F5F5F5F5F5F5F5F5F5F5F5F5F534F5F5F5F5F5F5F5F5F5F5F5F5F5F5E2F5F5F5F5F5F5
310
F5F5F5F5F5E2E2E2F5F5F5F5F5F5F5F5F5F5F5E2F5F5F5F5F5F5F5F5F5F5F5F5F5F534F5F5F5F5F5F5F5F5F5F5F5F5F5F5F5F5F5F5F5F5F5F5F5F5F5F5F5F50F0FF5F5F5F5F5D8F5F5F5F5F5F5F5F5F5D8F5F5F5F5D8F5F5F5D8F5F5F5F5F573F573F5F5F5F5F5D8F5F5F5D8F5F5F5F5D8F5F5F5F5F5F5F5F5F5D8F5F5F5F5
310
F50F0FF5F5F5F5F5F5F5F5F5F5F5F5F5F5F5F5F5F5F5F5F5F5F5F5F5F5F5F534F5F5F5F5F5F5F5F5F5F5F5F5F5F5E2F5F5F5F5F5F5F5F5F5F5F5E2E2E2F5F5F5F5F5F5F5F5F5F5F5E2F5F5F5F5F5F5F5F5F5F5F5F5F5F534F5F5F5F5F5F5F5F5F5F5F5F5F5F5F5F5F5F5F5F5F5F5F5F5F5F5F5F50F0FF5F5F5F5F5D8F5F5F5
310
F5F5F5F5F5F5D8F5F5F5F5D8F5F5F5D8F5F5F5F5F573F573F5F5F5F5F5D8F5F5F5D8F5F5F5F5D8F5F5F5F5F5F5F5F5F5D8F5F5F5F5F50F0FF5F5F5F5F5F5F5F5F5F5F5F5F5F5F5F5F5F5F5F5F5F5F5F5F5F5F5F534F5F5F5F5F5F5F5F5F5F5F5F5F5F5E2F5F5F5F5F5F5F5F5F5F5F5E2E2E2F5F5F5F5F5F5F5F5F5F5F5E2F5
310
F5F5F5F5F5F5F5F5F5F5F5F5F534F5F5F5F5F5F5F5F5F5F5F5F5F5F5F5F5F5F5F5F5F5F5F5F5F5F5F5F50F0FF5F5F5F5F5D8F5F5F5F5F5F5F5F5F5D8F5F5F5F5D8F5F5F5D8F5F5F5F5F573F573F5F5F5F5F5D8F5F5F5D8F5F5F5F5D8F5F5F5F5F5F5F5F5F5D8F5F5F5F5F50F0FF5F5F5F5F5F5F5F5F5F5F5F5F5F5F5F5F5F5
310
F5F5F5F5F5F5F5F5F5F534F5F5F5F5F5F5F5F5F5F5F5F5F5F5E2F5F5F5F5F5F5F5F5F5F5F5E2E2E2F5F5F5F5F5F5F5F5F5F5F5E2F5F5F5F5F5F5F5F5F5F5F5F5F5F534F5F5F5F5F5F5F5F5F5F5F5F5F5F5F5F5F5F5F5F5F5F5F5F5F5F5F5F50F0FF5F5F5F5F5D8F5F5F5F5F5F5F5F5F5D8F5F5F5F5D8F5F5F5D8F5F5F5F5F5
310
73F573F5F5F5F5F5D8F5F5F5D8F5F5F5F5D8F5F5F5F5F5F5F5F5F5D8F5F5F5F5F50F0FF5F5F5F5F5F5F5F5F5F5F5F5F5F5F5F5F5F5F5F5F5F5F5F5F5F5F5F534F5F5F5F5F5F5F5F5F5F5F5F5F5F5E2F5F5F5F5F5F5F5F5F5F5F5E2E2E2F5F5F5F5F5F5F5F5F5F5F5E2F5F5F5F5F5F5F5F5F5F5F5F5F5F534F5F5F5F5F5F5F5
310
F5F5F5F5F5F5F5F5F5F5F5F5F5F5F5F5F5F5F5F5F50F0FF5F5F5F5F5D8F5F5F5F5F5F5F5F5F5D8F5F5F5F5D8F5F5F5D8CCF5F5F5F50F0FCCF5F5F5F5CCD8F5F5F5D8F5F5F5F5D8F5F5F5F5F5F5F5F5F5D8F5F5F5F5F50F0FF5F5F5F5F5F5F5F5F5F5F5F5F5F5F5F5F5F5F5F5F5F5F5F5F5F5F5F534F5F5F5F5F5F5F5F5F5F5
310
F5F5F5F5E2F5F5F5F5F5F5F5F5F5F5F5E2E2E2F5F5F5F5F5F5F5F5F5F5F5E2F5F5F5F5F5F5F5F5F5F5F5F5F5F534F5F5F5F5F5F5F5F5F5F5F5F5F5F5F5F5F5F5F5F5F5F5F5F5F5F5F5F50F0FF5F5F5F5F5D8F5F5F5F5F5F5F5F5F5D8F5F5F5F5D8F5F5F5D8CCF5F5F5F5CC0FCCF5F5F5F5CCD8F5F5F5D8F5F5F5F5D8F5F5F5
310
F5F5F5F5F5F5D8F5F5F5F5F50F0FF5F5F5F5F5F5F5F5F5F5F5F5F5F5F5F5F5F5F5F5F5F5F5F5F5F5F5F534F5F5F5F5F5F5F5F5F5F5F5F5F5F5E2F5F5F5F5F5F5F5F5F5F5F5E2E2E2F5F5F5F5F5F5F5F5F5F5F5E2F5F5F5F5F5F5F5F5F5F5F5F5F5F534F5F5F5F5F5F5F5F5F5F5F5F5F5F5F5F5F5F5F5F5F5F5F5F5F5F5F5F5
310
0F0FF5F5F5D8D8D8F5F5F5F5F5F5F5F5F5D8D8D8F5F5D8F5F5F5D8CCCCF5F5F5CC0FCCF5F5F5CCCCD8F5F5F5D8F5F5D8D8D8F5F5F5F5F5F5F5F5F5D8D8D8F5F5F50F0FF5F5F5F5F5F5F5F5F5F5F5F5F5F5F5F5F5F5F5F5F5F5F5F5F5F5F5F534F5F5F5F5F5F5F5F5F5F5F5F5F5F5E2F5F5F5F5F5F5F5F5F5F5F5E2E2E2F5F5
310
F5F5F5F5F5F5F5F5F5E2F5F5F5F5F5F5F5F5F5F5F5F5F5F534F5F5F5F5F5F5F5F5F5F5F5F5F5F5F5F5F5F5F5F5F5F5F5F5F5F5F5F50F0FF5F5F5D8F5D8F5F5F5F5F5F5F5F5F5D8F5D8F5F5D8F5F5F5D8F5CCCCF5F5CC0FCCF5F5CCCCF5D8F5F5F5D8F5F5D8F5D8F5F5F5F5F5F5F5F5F5D8F5D8F5F5F50F0FF5F5F5F5F5F5F5
310
F5F5F5F5F5F5F5F5F5F5F5F5F5F5F5F5F5F5F5F5F534F5F5F5F5F5F5F5F5F5F5F5F5F5F5E2F5F5F5F5F5F5F5F5F5F5F5E2E2E2F5F5F5F5F5F5F5F5F5F5F5F5F5F5F5F5F5F5F5F5F5F5F5F5F5F534F5F5F5F5F5F5F5F5F5F5F5F5F5F5F5F5F5F5F5F5F5F5F5F5F5F5F5F50F0FF5F5F5D8D8D8D8D8D8D8D8D8D8D8D8D8D8D8F5
310
F5D8F5F5F5D8F5F5CCCCCCCC0FCCCCCCCCF5F5D8F5F5F5D8F5F5D8D8D8D8D8D8D8D8D8D8D8D8D8D8D8F5F5F50F0FF5F5F5F5F5F5F5F5F5F5F5F5F5F5F5F5F5F5F5F5F5F5F5F5F5F5F5F534F5F5F5F5F5F5F5F5F5F5F5F5F5F5F5F5F5F5F5F5F5F5F5F5F5F5E2E2E2F5F5F5F5F5F5F5F5F5F5F5F5F5F5F5F5F5F5F5F5F5F5F5
310
F5F5F534F5F5F5F5F5F5F5F5F5F5F5F5F5F5F5F5F5F5F5F5F5F5F5F5F5F5F5F50FCCCCCCCCCC0FBF0F0F0F0F0F0FD8D8D8D8D8D8D8D8D8D8D8D8D8F5F5F5F5CCCC0FCCCCF5F5F5F5D8D8D8D8D8D8D8D8D8D8D8D8D8D8D8D8D8D8D8D80FCCCCCCCCCC0FF5F5F5F5F5F5F5F5F5F5F5F5F5F5F5F5F5F5F5F5F5F5F5F5F5F5F5F5
310
34F5F5F5F5F5F5F5F5F5F5F5F5F5F5F5F5F5F5F5F5F5F5F5F5F5F5E2E2E2F5F5F5F5F5F5F5F5F5F5F5F5F5F5F5F5F5F5F5F5F5F5F5F5F5F534F5F5F5F5F5F5F5F5F5F5F5F5F5F5F5F5F5F5F5F5F5F5F5F5F5F5F5F50FCCF5F5F5CCF5BFF5F50F0FF5F5D8D8D8D8D8D8D8D8D8D8D8F5D8F5F5F5F5F5F50FF5F5F5F5F5F5D8F5
310
D8D8D8D8D8D8D8D8D8D8D8F5F5D80FF5F5BFF5CCF5F5F5CC0FF5F5F5F5F5F5F5F5F5F5F5F5F5F5F5F5F5F5F5F5F5F5F5F5F5F5F5F534F5F5F5F5F5F5F5F5F5F5F5F5F5F5F5F5F5F5F5F5F5F5F5F5F5F5E2E2E2F5F5F5F5F5F5F5F5F5F5F5F5F5F5F5F5F5F5F5F5F5F5F5F5F5F534F5F5F5F5F5F5F5F5F5F5F5F5F5F5F5F5F5
310
F5F5F5F5F5F5F5F5F5F5F50FCCF5F5CCF5F5BFBFBF0F0FF5F5D8F5F5F5F5F5F5F5F5F5D8F5D8F5F5F5F5F5F50FF5F5F5F5F5F5D8F5D8F5F5F5F5F5F5F5F5F5D8F5F5D80FBFBFBFF5F5CCF5F5CC0FF5F5F5F5F5F5F5F5F5F5F5F5F5F5F5F5F5F5F5F5F5F5F5F5F5F5F5F534F5F5F5F5F5F5F5F5F5F5F5F5F5F5F5F5F5F5F5F5
310
F5F5F5F5F5F5E2E2E2F5F5F5F5F5F5F5F5F5F5F5F5F5F5F5F5F5F5F5F5F5F5F5F5F5F534F5F5F5F5F5F5F5F5F5F5F5F5F5F5F5F5F5F5F5F5F5F5F5F5F5F5F5F50FCCCCCCF5F5F5BFF5BF0F0FD8D8D8F5F5F5F5F5F5F5F5F5D8D8D8F5F5F5F5F5F50FF5F5F5F5F5F5D8D8D8F5F5F5F5F5F5F5F5F5D8D8D8D80FBFF5BFF5F5F5
310
CCCCCC0FF5F5F5F5F5F5F5F5F5F5F5F5F5F5F5F5F5F5F5F5F5F5F5F5F5F5F5F534F5F5F5F5F5F5F5F5F5F5F5F5F5F5F5F5F5F5F5F5F5F5F5F5F5F5E2E2E2F5F5F5F5F5F5F5F5F5F5F5F5F5F5F5F5F5F5F5F5F5F5F5F5F5F534F5F5F5F5F5F5F5F5F5F5F5F5F5F5F5F5F5F5F5F5F5F5F5F5F5F5F5F50FCCF5F5F5F5F5BFF5BF
310
0F0FF5F5D8F5F5F5F5F5F5F5F5F5D8F5F5F5F5F5F5F5F50FF5F5F5F5F5F5F5F5D8F5F5F5F5F5F5F5F5F5D8F5F50F0FBFF5BFF5F5F5F5F5CC0FF5F5F5F5F5F5F5F5F5F5F5F5F5F5F5F5F5F5F5F5F5F5F5F5F5F5F5F534F5F5F5F5F5F5F5F5F5F5F5F5F5F5F5F5F5F5F5F5F5F5F5F5F5F5E2E2E2F5F5F5F5F5F5F5F5F5F5F5F5
310
F5F5F5F5F5F5F5F5F5F5F5F5F5F534F5F5F5F5F5F5F5F5F5F5F5F5F5F5F5F5F5F5F5F5F5F5F5F5F5F5F5F50F0FF5F5F5F5F5BFBFBF0F0FF5F5D8F5F5F5F5F5F5F5F5F5D8F5F5F5F5F5F5F5D8D8D8F5F5F5F5F5F5F5D8F5F5F5F5F5F5F5F5F5D8F5F50F0FBFBFBFF5F5F5F5F50F0FF5F5F5F5F5F5F5F5F5F5F5F5F5F5F5F5F5
310
F5F5F5F5F5F5F5F5F5F5F534F5F5F5F5F5F5F5F5F5F5F5F5F5F5F5F5F5F5F5F5F5F5F5F5F5F5E2E2E2F5F5F5F5F5F5F5F5F5F5F5F5F5F5F5F5F5F5F5F5F5F5F5F5F5F534F5F5F5F5F5F5F5F5F5F5F5F5F5F5F5F5F5F5F5F5F5F5F5F5F5F5F5F50F0FF5F5F5F5F5BFF5F50F0FF5F5D8F5F5F5F5F5F5F5F5F5D8F5F5F5F5F5D8
310
D8F5D8F5D8D8F5F5F5F5F5D8F5F5F5F5F5F5F5F5F5D8F5F50F0FF5F5BFF5F5F5F5F50F0FF5F5F5F5F5F5F5F5F5F5F5F5F5F5F5F5F5F5F5F5F5F5F5F5F5F5F5F534F5F5F5F5F5F5F5F5F5F5F5F5F5F5F5F5F5F5F5F5F5F5F5F5F5F5E2E2E2F5F5F5F5F5F5F5F5F5F5F5E2F5F5F5F5F5F5F5F5F5F5F5F5F5F534F5F5F5F5F5F5
310
F5F5F5F5F5F5F5F5F5F5F5F5F5F5F5F5F5F5F5F5F5F50F0FF5F5F5F5F5BFBFBFBF0FF5F5D8F5F5F5F5F5F5F5F5F5D8F5F5F5F5D8D8F5F5D8F5F5D8D8F5F5F5F5D8F5F5F5F5F5F5F5F5F5D8F5F50FBFBFBFBFF5F5F5F5F50F0FF5F5F5F5F5F5F5F5F5F5F5F5F5F5F5F5F5F5F5F5F5F5F5F5F5F5F5F534F5F5F5F5F5F5F5F5F5
310
F5F5F5F5F5E2F5F5F5F5F5F5F5F5F5F5F5E2E2E2F5F5F5F5F5F5F5F5F5F5F5E2F5F5F5F5F5F5F5F5F5F5F5F5F5F534F5F5F5F5F5F5F5F5F5F5F5F5F5F5F5F5F5F5F5F5F5F5F5F5F5F5F5F50F0FF5F5F5F5F5BFF5F5BF0FF5F5D8F5F5F5F5F5F5F5F5F5D8F5F5F5F5D8F5F5F5D8F5F5F5D8F5F5F5F5D8F5F5F5F5F5F5F5F5F5
310
D8F5F50FBFF5F5BFF5F5F5F5F50F0FF5F5F5F5F5F5F5F5F5F5F5F5F5F5F5F5F5F5F5F5F5F5F5F5F5F5F5F534F5F5F5F5F5F5F5F5F5F5F5F5F5F5E2F5F5F5F5F5F5F5F5F5F5F5E2E2E2F5F5F5F5F5F5F5F5F5F5F5E2F5F5F5F5F5F5F5F5F5F5F5F5F5F534F5F5F5F5F5F5F5F5F5F5F5F5F5F5F5F5F5F5F5F5F5F5F5F5F5F5F5
310
F50F0FF5F5F5E2F5BFE2E2BF0FF5F5D8F5F5F5F5F5F5F5F5F5D8F5F5F5F5D8F5F5F5D8F5F5F5D8F5F5F5F5D8F5F5F5F5F5F5F5F5F5D8F5F50FBFF5F5BFE2F5F5E2F50F0FF5F5F5F5F5F5F5F5F5F5F5F5F5F5F5F5F5F5F5F5F5F5F5F5F5F5F5F534F5F5F5F5F5F5F5F5F5F5F5F5F5F5E2F5F5F5F5F5F5F5F5F5F5F5E2E2E2F5
310
F5F5F5F5F5F5F5F5F5F5E2F5F5F5F5F5F5F5F5F5F5F5F5F5F534F5F5F5F5F5F5F5F5F5F5F5F5F5F5F5F5F5F5F5F5F5F5F5F5F5F5F5F50F0FE2E2E2E2E2E2E2E2BF0FF5F5D8F5F5F5F5F5F5F5F5F5D8F5F5F5F5D8F5F5F5D8F5F5F5D8F5F5F5F5D8F5F5F5F5F5F5F5F5F5D8F5F50FBFBFBFBFE2E2E2E2F50F0FF5F5F5F5F5F5
310
F5F5F5F5F5F5F5F5F5F5F5F5F5F5F5F5F5F5F5F5F5F534F5F5F5F5F5F5F5F5F5F5F5F5F5F5E2F5F5F5F5F5F5F5F5F5F5F5E2E2E2F5F5F5F5F5F5F5F5F5F5F5E2F5F5F5F5F5F5F5F5F5F5F5F5F5F534F5F5F5F5F5F5F5F5F5F5F5F5F5F5F5F5F5F5F5F5F5F5F5F5F5F5F5F50F0FE2E2E2E2E2E2E2E20F0FF5F5D8D8D8D8D8D8
310
D8D8D8D8D8F5F5F5F5D8F5F5F5D8F5F5F5D8F5F5F5F5D8D8D8D8D8D8D8D8D8D8D8F5F50F0FE2E2E2E2E2E2E2F50F0FF5F5F5F5F5F5F5F5F5F5F5F5F5F5F5F5F5F5F5F5F5F5F5F5F5F5F5F534F5F5F5F5F5F5F5F5F5F5F5F5F5F5E2F5F5F5F5F5F5F5F5F5F5F5E2E2E2F5F5F5F5F5F5F5F5F5F5F5E2F5F5F5F5F5F5F5F5F5F5
310
F5F5F5F534F5F5F5F5F5F5F5F5F5F5F5F5F5F5F5F5F5F5F5F5F5F5F5F5F5F5F5F50F7373E2E2E2E2E2F5CCCCCCF5F5F5F5F5E2E2E2E2E2E2E2F5F5F5F5F5D8F5F5F5D8F5F5F5D8F5F5F5F5E2E2E2E2E2E2E2F5F5F5F5F5F5CCCCCCE2E2E2E2F5F573730FF5F5F5F5F5F5F5F5F5F5F5F5F5F5F5F5F5F5F5F5F5F5F5F5F5F5F5
310
F534F5F5F5F5F5F5F5F5F5F5F5F5F5F5E2F5F5F5F5F5F5F5F5F5F5F5E2E2E2F5F5F5F5F5F5F5F5F5F5F5E2F5F5F5F5F5F5F5F5F5F5F5F5F5F534F5F5F5F5F5F5F5F5F5F5F5F5F5F5F5F5F5F5F5F5F5F5F5F5F5F5F5F50F0FBFBFBFF5F5F5CCCCF5CCF5F5F5F5F5E2E2E2E2E2E2E2F5F5F5F5F5D8F5F5F5D8F5F5F5D8F5F5F5
310
F5E2E2E2E2E2E2E2F5F5F5F5F5F5CCF5CCCCF5F5F5BFBFBF0F0FF5F5F5F5F5F5F5F5F5F5F5F5F5F5F5F5F5F5F5F5F5F5F5F5F5F5F5F534F5F5F5F5F5F5F5F5F5F5F5F5F5F5E2F5F5F5F5F5F5F5F5F5F5F5E2E2E2F5F5F5F5F5F5F5F5F5F5F5E2F5F5F5F5F5F5F5F5F5F5F5F5F5F534F5F5F5F5F5F5F5F5F5F5F5F5F5F5F5F5
310
F5F5F5F5F5F5F5F5F5F5F5F50F0FBFBFBFBFF5CCCCF5F5CCF5F5F5F5F5E2E2E2E2E2E2E2F5F5F5F5F5D8F5F5F5D8F5F5F5D8F5F5F5F5E2E2E2E2E2E2E2F5F5F5F5F5F5CCF5F5CCCCF5BFBFBFBF0F0FF5F5F5F5F5F5F5F5F5F5F5F5F5F5F5F5F5F5F5F5F5F5F5F5F5F5F5F534F5F5F5F5F5F5F5F5F5F5F5F5F5F5E2F5F5F5F5
310
F5F5F5F5F5F5F5E2E2E2F5F5F5F5F5F5F5F5F5F5F5E2F5F5F5F5F5F5F5F5F5F5F5F5F5F534F5F5F5F5F5F5F5F5F5F5F5F5F5F5F5F5F5F5F5F5F5F5F5F5F5F5F5F50F0FBFBFBFBFF5CCF5F5F5CCF5F5F5F5F5F5F5F5F5F5F5F5F5F5F5F5F5D8F5F5F5D8F5F5F5D8F5F5F5F5F5F5F5F5F5F5F5F5F5F5F5F5F5CCF5F5F5CCF5BF
310
BFBFBF0F0FF5F5F5F5F5F5F5F5F5F5F5F5F5F5F5F5F5F5F5F5F5F5F5F5F5F5F5F534F5F5F5F5F5F5F5F5F5F5F5F5F5F5E2F5F5F5F5F5F5F5F5F5F5F5E2E2E2F5F5F5F5F5F5F5F5F5F5F5E2F5F5F5F5F5F5F5F5F5F5F5F5F5F534F5F5F5F5F5F5F5F5F5F5F5F5F5F5F5F5F5F5F5F5F5F5F5F5F5F5F5F50F0F73F5F5F5F5CCCC
310
CC0F0FF5F5F5F5F5F5F5F5F5F5F5F5F5F5F5F5F5D8F5F5F5D8F5F5F5D8F5F5F5F5F5F5F5F5F5F5F5F5F5F5F5F5F50F0FCCCCCCF5F5F5F5730F0FF5F5F5F5F5F5F5F5F5F5F5F5F5F5F5F5F5F5F5F5F5F5F5F5F5F5F5F534F5F5F5F5F5F5F5F5F5F5F5F5F5F5E2F5F5F5F5F5F5F5F5F5F5F5E2E2E2F5F5F5F5F5F5F5F5F5F5F5
310
E2F5F5F5F5F5F5F5F5F5F5F5F5F5F534F5F5F5F5F5F5F5F5F5F5F5F5F5F5F5F5F5F5F5F5F5F5F5F5F5F5F5F50F0F73737373737373730F0F0F757575757575CCCCCCCC757575757575D8D8D8D8D8D8D8D8D8757575757575CCCCCCCC7575757575750F0F0F73737373737373730F0FF5F5F5F5F5F5F5F5F5F5F5F5F5F5F5F5
310
F5F5F5F5F5F5F5F5F5F5F5F534F5F5F5F5F5F5F5F5F5F5F5F5F5F5E2F5F5F5F5F5F5F5F5F5F5F5E2E2E2F5F5F5F5F5F5F5F5F5F5F5E2F5F5F5F5F5F5F5F5F5F5F5F5F5F534F5F5F5F5F5F5F5F5F5F5F5F5F5F5F5F5F5F5F5F5F5F5F5F5F5F5F5F50F0F73F5E2E2E2F5F5F57575F5F5F5F5F5F5CCF5F5F5CCCCF5F5F5F5F5E2
310
E2E2E2E2E2E2F5F5F5F5F5F5F5CCCCF5F5F5CCF5F5F5F5F5F57575F5E2E2E2F5F5F5730F0FF5F5F5F5F5F5F5F5F5F5F5F5F5F5F5F5F5F5F5F5F5F5F5F5F5F5F5F534F5F5F5F5F5F5F5F5F5F5F5F5F5F5E2F5F5F5F5F5F5F5F5F5F5F5E2E2E2F5F5F5F5F5F5F5F5F5F5F5E2F5F5F5F5F5F5F5F5F5F5F5F5F5F534F5F5F5F5F5
310
F5F5F5F5F5F5F5F5F5F5F5F5F5F5F5F5F5F5F5F5F5F5F50F0F73F5E2E2E2F5F5F57575F5F5F5F5F5F5CCF5F5F5CCCCF5F5F5F5F5E2E2E2E2E2E2E2F5F5F5F5F5F5F5CCCCF5F5F5CCF5F5F5F5F5F57575F5E2E2E2F5F5F5730F0FF5F5F5F5F5F5F5F5F5F5F5F5F5F5F5F5F5F5F5F5F5F5F5F5F5F5F5F534F5F5F5F5F5F5F5F5
310
F5F5F5F5F5F5E2F5F5F5F5F5F5F5F5F5F5F5E2E2E2F5F5F5F5F5F5F5F5F5F5F5E2F5F5F5F5F5F5F5F5F5F5F5F5F5F534F5F5F5F5F5F5F5F5F5F5F5F5F5F5F5F5F5F5F5F5F5F5F5F5F5F5F5F50F0F73F5E2E2E2E2F5F57575F5F5F5F5F5F5F5CCF5F5CCCCF5F5F5F5F5E2E2E2E2E2E2E2E2F5F5F5F5F5F5CCCCF5F5CCF5F5F5
310
F5F5F5F57575F5E2E2E2F5F5F5730F0FF5F5F5F5F5F5F5F5F5F5F5F5F5F5F5F5F5F5F5F5F5F5F5F5F5F5F5F534F5F5F5F5F5F5F5F5F5F5F5F5F5F5E2F5F5F5F5F5F5F5F5F5F5F5E2E2E2F5F5F5F5F5F5F5F5F5F5F5E2F5F5F5F5F5F5F5F5F5F5F5F5F5F534F5F5F5F5F5F5F5F5F5F5F5F5F5F5F5F5F5F5F5F5F5F5F5F5F5F5
310
F5F50F0F73F5F5F5F5F5F5F57575F5F5F5F5F5F5F5F5CCCCCCCCF5F5F5F5F5F5F5F5F5F5F5F5F5F5F5F5F5F5F5CCCCCCCCF5F5F5F5F5F5F5F57575F5F5F5F5F5F5F5730F0FF5F5F5F5F5F5F5F5F5F5F5F5F5F5F5F5F5F5F5F5F5F5F5F5F5F5F5F534F5F5F5F5F5F5F5F5F5F5F5F5F5F5E2F5F5F5F5F5F5F5F5F5F5F5E2E2E2
310
F5F5F5F5F5F5F5F5F5F5F5F5F5F5F5F5F5F5F5F5F5F5F5F5F5F534F5F5F5F5F5F5F5F5F5F5F5F5F5F5F5F5F5F5F5F5F5F5F5F5F5F5F5F50F0F73F5F5F5F5F5F5F57575F5F5F5F5F5F5F5F5F5F5F5F5F5F5F5F5F5F5F5F5F5F5F5F5F5F5F5F5F5F5F5F5F5F5F5F5F5F5F5F5F5F5F57575F5F5F5F5F5F5F5730F0FF5F5F5F5F5
310
F5F5F5F5F5F5F5F5F5F5F5F5F5F5F5F5F5F5F5F5F5F5F534F5F5F5F5F5F5F5F5F5F5F5F5F5F5F5F5F5F5F5F5F5F5F5F5F5F5E2E2E2F5F5F5F5F5F5F5F5F5F5F5F5F5F5F5F5F5F5F5F5F5F5F5F5F5F534F5F5F5F5F5F5F5F5F5F5F5F5F5F5F5F5F5F5F5F5F5F5F5F5F5F5F5F5770F730F0F0F0F0F0F0F0F0FF5F5F5F5F5F5F5
310
F5F5F5F5F5F5F5F5F5F5F5F5F5777777F5F5F5F5F5F5F5F5F5F5F5F5F5F5F5F5F5F5F5F50F0F0F0F0F0F0F0F0F730F0FF5F5F5F5F5F5F5F5F5F5F5F5F5F5F5F5F5F5F5F5F5F5F5F5F5F5F5F534F5F5F5F5F5F5F5F5F5F5F5F5F5F5F5F5F5F5F5F5F5F5F5F5F5F5E2E2E2F5F5F5F5F5F5F5F5F5F5F5F5F5F5F5F5F5F5F5F5F5
310
F5F5F5F5F534F5F5F5F5F5F5F5F5F5F5F5F5F5F5F5F5F5F5F5F5F5F5F5F5F5F5F5F577770F0F0F0F0F0F0F0F0F0F0F0F0F0F0F0F0F0F0F0F0F0F0F0F0F0F0F0F0F0F0F77770F0F0F0F0F0F0F0F0F0F0F0F0F0F0F0F0F0F0F0F0F0F0F0F0F0F0F0F0F0F770FF5F5F5F5F5F5F5F5F5F5F5F5F5F5F5F5F5F5F5F5F5F5F5F5F5F5
310
F5F534F5F5F5F5F5F5F5F5F5F5F5F5F5F5F5F5F5F5F5F5F5F5F5F5F5F5E2E2E2F5F5F5F5F5F5F5F5F5F5F5F5F5F5F5F5F5F5F5F5F5F5F5F5F5F534F5F5F5F5F5F5F5F5F5F5F5F5F5F5F5F5F5F5F5F5F5F5F5F5F5F5F5F5F5F5F5F5F5F5F5F5F5F5F5F5F5F5F5F5F5F5F5F5F5F5F5F5F5F5F5F5F5F5F5F5F5F5F5F5F5F5F5F5
310
F5F5F5F5F5F5F5F5F5F5F5F5F5F5F5F5F5F5F5F5F5F5F5F5F5F5F5F5F5F5F5F5F5F5F5F5F5F5F5F5F5F5F5F5F5F5F5F5F5F5F5F5F5F5F534F5F5F5F5F5F5F5F5F5F5F5F5F5F5F5F5F5F5F5F5F5F5F5F5F5F5E2E2E2F5F5F5F5F5F5F5F5F5F5F5F5F5F5F5F5F5F5F5F5F5F5F5F5F5F534343434343434343434343434343434
310
34343434343434343434343434343434343434343434343434343434343434343434343434343434343434343434343434343434343434343434343434343434343434343434343434343434343434343434343434343434343434343434343434343434343434343434343434F5F5F5F5F5F5F5F5F5F5F5F5F5F5F5F5F5F5
310
F5F5F5F5F5F5F5F5E2E2E2F5F5F5F5F5F5F5F5F5F5F5F5F5F5F5F5F5F5F5F5F5F5F5F5F5F5F5F5F5F5F5F5F5F5F5F5F5F5F5F5F5F5F5F5F5F5F5F5F5F5F5F5F5F5F5F5F5F5F5F5F5F5F5F5F5F5F5F5F5F5F5F5F5F5F5F5F5F5F5F5F5F5F5F5F5F5F5F5F5F5F5F5F5F5F5F5F5F5F5F5F5F5F5F5F5F5F5F5F5F5F5F5F5F5F5F5
310
F5F5F5F5F5F5F5F5F5F5F5F5F5F5F5F5F5F5F5F5F5F5F5F5F5F5F5F5F5F5F5F5F5F5F5F5F5F5F5F5F5F5F5F5F5F5F5F5F5F5F5F5F5F5F5F5F5F5F5F5F5E2E2E2F5F5F5F5F5F5F5F5F5F5F5F5F5F5F5F5F5F5F5F5F5F5F5F5F5F5F5F5F5F5F5F5F5F5F5F5F5F5F5F5F5F5F5F5F5F5F5F5F5F5F5F5F5F5F5F5F5F5F5F5F5F5F5
310
F5F5F5F5F5F5F5F5F5F5F5F5F5F5F5F5F5F5F5F5F5F5F5F5F5F5F5F5F5F5F5F5F5F5F5F5F5F5F5F5F5F5F5F5F5F5F5F5F5F5F5F5F5F5F5F5F5F5F5F5F5F5F5F5F5F5F5F5F5F5F5F5F5F5F5F5F5F5F5F5F5F5F5F5F5F5F5F5F5F5F5F5F5F5F5F5F5F5F5F5F5F5F5F5F5F5F5F5F5F5F5F5F5F5E2E2E2F5F5F5F5F5F5F5F5F5F5
310
F5F5F5F5F5F5F5F5F5F5F5F5F5F5F5F5F5F5F5F5F5F5F5F5F5F5F5F5F5F5F5F5F5F5F5F5F5F5F5F5F5F5F5F5F5F5F5F5F5F5F5F5F5F5F5F5F5F5F5F5F5F5F5F5F5F5F5F5F5F5F5F5F5F5F5F5F5F5F5F5F5F5F5F5F5F5F5F5F5F5F5F5F5F5F5F5F5F5F5F5F5F5F5F5F5F5F5F5F5F5F5F5F5F5F5F5F5F5F5F5F5F5F5F5F5F5F5
310
F5F5F5F5F5F5F5F5F5F5F5F5F5F5F5F5F5F5F5F5F5F5F5F5F5F5F5F5F5F5F5F5F5F5F5F5F5F5F5F5E2E2E2F5F5F5F5F5F5F5F5F5F5F5E2F5F5F5F5F5F5F5F5F5F5F5F5F5F5F5F5F5F5F5F5F5F5F5F5F5F5F5F5F5F5F5F5F5F5F5F5F5F5F5F5F5F5F5F5F5F5F5F5F5F5F5F5F5F5F5F5F5F5F5F5F5F5F5F5F5F5F5F5F5F5F5F5
310
F5F5F5F5F5F5F5F5F5F5F5F5F5F5F5F5F5F5F5F5F5F5F5F5F5F5F5F5F5F5F5F5F5F5F5F5F5F5F5F5F5F5F5F5F5F5F5F5F5F5F5F5F5F5F5F5F5F5F5F5F5F5F5F5F5F5F5F5F5F5F5F5F5F5F5F5F5F5F5F5F5E2F5F5F5F5F5F5F5F5F5F5F5E2E2E2F5F5F5F5F5F5F5F5F5F5F5E2F5F5F5F5F5F5F5F5F5F5F5F5F5F5F5F5F5F5F5
310
F5F5F5F5F5F5F5F5F5F5F5F5F5F5F5F5F5F5F5F5F5F5F5F5F5F5F5F5F5F5F5F5F5F5F5F5F5F5F5F5F5F5F5F5F5F5F5F5F5F5F5F5F5F5F5F5F5F5F5F5F5F5F5F5F5F5F5F5F5F5F5F5F5F5F5F5F5F5F5F5F5F5F5F5F5F5F5F5F5F5F5F5F5F5F5F5F5F5F5F5F5F5F5F5F5F5F5F5F5F5F5F5F5F5F5F5F5F5F5F5F5F5F5F5F5F5F5
310
F5F5F5F5F5F5F5E2F5F5F5F5F5F5F5F5F5F5F5E2E2E2F5F5F5F5F5F5F5F5F5F5F5E2F5F5F5F5F5F5F5F5F5F5F5F5F5F5F5F5F5F5F5F5F5F5F5F5F5F5F5F5F5F5F5F5F5F5F5F5F5F5F5F5F5F5F5F5F5F5F5F5F5F5F5F5F5F5F5F5F5F5F5F5F5F5F5F5F5F5F5F5F5F5F5F5F5F5F5F5F5F5F5F5F5F5F5F5F5F5F5F5F5F5F5F5F5
310
F5F5F5F5F5F5F5F5F5F5F5F5F5F5F5F5F5F5F5F5F5F5F5F5F5F5F5F5F5F5F5F5F5F5F5F5F5F5F5F5F5F5F5F5F5F5F5F5F5F5F5F5F5F5F5F5F5F5F5F5E2F5F5F5F5F5F5F5F5F5F5F5E2E2E2F5F5F5F5F5F5F5F5F5F5F5E2F5F5F5F5F5F5F5F5F5F5F5F5F5F5F5F5F5F5F5F5F5F5F5F5F5F5F5F5F5F5F5F5F5F5F5F5F5F5F5F5
310
F5F5F5F5F5F5F5F5F5F5F5F5F5F5F5F5F5F5F5F5F5F5F5F5F5F5F5F5F5F5F5F5F5F5F5F5F5F5F5F5F5F5F5F5F5F5F5F5F5F5F5F5F5F5F5F5F5F5F5F5F5F5F5F5F5F5F5F5F5F5F5F5F5F5F5F5F5F5F5F5F5F5F5F5F5F5F5F5F5F5F5F5F5F5F5F5F5F5F5F5F5F5F5F5F5F5F5F5F5F5F5F5F5E2F5F5F5F5F5F5F5F5F5F5F5E2E2
310
E2F5F5F5F5F5F5F5F5F5F5F5E2F5F5F5F5F5F5F5F5F5F5F5F5F5F5F5F5F5F5F5F5F5F5F5F5F5F5F5F5F5F5F5F5F5F5F5F5F5F5F5F5F5F5F5F5F5F5F5F5F5F5F5F5F5F5F5F5F5F5F5F5F5F5F5F5F5F5F5F5F5F5F5F5F5F5F5F5F5F5F5F5F5F5F5F5F5F5F5F5F5F5F5F5F5F5F5F5F5F5F5F5F5F5F5F5F5F5F5F5F5F5F5F5F5F5
310
F5F5F5F5F5F5F5F5F5F5F5F5F5F5F5F5F5F5F5F5F5F5F5F5F5F5F5F5F5F5F5F5F5F5F5F5F5F5F5E2F5F5F5F5F5F5F5F5F5F5F5E2E2E2F5F5F5F5F5F5F5F5F5F5F5E2F5F5F5F5F5F5F5F5F5F5F5F5F5F5F5F5F5F5F5F5F5F5F5F5F5F5F5F5F5F5F5F5F5F5F5F5F5F5F5F5F5F5F5F5F5F5F5F5F5F5F5F5F5F5F5F5F5F5F5F5F5
310
F5F5F5F5F5F5F5F5F5F5F5F5F5F5F5F5F5F5F5F5F5F5F5F5F5F5F5F5F5F5F5F5F5F5F5F5F5F5F5F5F5F5F5F5F5F5F5F5F5F5F5F5F5F5F5F5F5F5F5F5F5F5F5F5F5F5F5F5F5F5F5F5F5F5F5F5F5F5F5F5F5F5F5F5F5F5F5F5F5F5F5F5E2F5F5F5F5F5F5F5F5F5F5F5E2E2E2F5F5F5F5F5F5F5F5F5F5F5E2F5F5F5F5F5F5F5F5
310
F5F5F5F5F5F5F5F5F5F5F5F5F5F5F5F5F5F5F5F5F5F5F5F5F5F5F5F5F5F5F5F5F5F5F5F5F5F5F5F5F5F5F5F5F5F5F5F5F5F5F5F5F5F5F5F5F5F5F5F5F5F5F5F5F5F5F5F5F5F5F5F5F5F5F5F5F5F5F5F5F5F5F5F5F5F5F5F5F5F5F5F5F5F5F5F5F5F5F5F5F5F5F5F5F5F5F5F5F5F5F5F5F5F5F5F5F5F5F5F5F5F5F5F5F5F5F5
310
F5F5F5F5F5F5F5F5F5F5F5F5F5F5F5F5F5F5E2F5F5F5F5F5F5F5F5F5F5F5E2E2E2F5F5F5F5F5F5F5F5F5F5F5E2E2E2E2E2E2E2E2E2F5F5F5F5F5F5F5F5F5E2E2E2E2E2E2E2E2E2E2E2E2E2E2E2E2F5F5F5F5F5F5F5F5F5F5E2E2E2E2E2E2E2E2E2E2E2E2E2E2E2E2F5F5F5F5F5F5F5F5F5E2E2E2E2E2E2E2E2E2E2E2E2E2E2
310
E2E2E2F5F5F5F5F5F5F5F5F5E2E2E2E2E2E2E2E2E2E2E2E2E2E2E2E2F5F5F5F5F5F5F5F5F5F5E2E2E2E2E2E2E2E2E2E2E2E2E2E2E2E2F5F5F5F5F5F5F5F5F5E2E2E2E2E2E2E2E2E2F5F5F5F5F5F5F5F5F5F5F5E2E2E2F5F5F5F5F5F5F5F5F5F5F5F5F5F5F5F5F5F5F5F5F5F5F5F5F5F5F5F5F5F5F5F5F5F5F5F5F5F5F5F5F5
310
F5F5F5F5F5F5F5F5F5F5F5F5F5F5F5F5F5F5F5F5F5F5F5F5F5F5F5F5F5F5F5F5F5F5F5F5F5F5F5F5F5F5F5F5F5F5F5F5F5F5F5F5F5F5F5F5F5F5F5F5F5F5F5F5F5F5F5F5F5F5F5F5F5F5F5F5F5F5F5F5F5F5F5F5F5F5F5F5F5F5F5F5F5F5F5F5F5F5F5F5F5F5F5F5F5F5F5F5F5F5F5F5F5F5F5F5F5F5F5F5F5F5F5F5F5F5F5
310
F5F5F5F5F5F5F5F5F5E2E2E2F5F5F5F5F5F5F5F5F5F5F5F5F5F5F5F5F5F5F5F5F5F5F5F5F5F5F5F5F5F5F5F5F5F5F5F5F5F5F5F5F5F5F5F5F5F5F5F5F5F5F5F5F5F5F5F5F5F5F5F5F5F5F5F5F5F5F5F5F5F5F5F5F5F5F5F5F5F5F5F5F5F5F5F5F5F5F5F5F5F5F5F5F5F5F5F5F5F5F5F5F5F5F5F5F5F5F5F5F5F5F5F5F5F5F5
310
F5F5F5F5F5F5F5F5F5F5F5F5F5F5F5F5F5F5F5F5F5F5F5F5F5F5F5F5F5F5F5F5F5F5F5F5F5F5F5F5F5F5F5F5F5F5F5F5F5F5F5F5F5F5F5F5F5F5F5F5F5F5E2E2E2F5F5F5F5F5F5F5F5F5F5F5F5F5F5F5F5F5F5F5F5F5F5F5F5F5F5F5F5F5F5F5F5F5F5F5F5F5F5F5F5F5F5F5F5F5F5F5F5F5F5F5F5F5F5F5F5F5F5F5F5F5F5
310
F5F5F5F5F5F5F5F5F5F5F5F5F5F5F5F5F5F5F5F5F5F5F5F5F5F5F5F5F5F5F5F5F5F5F5F5F5F5F5F5F5F5F5F5F5F5F5F5F5F5F5F5F5F5F5F5F5F5F5F5F5F5F5F5F5F5F5F5F5F5F5F5F5F5F5F5F5F5F5F5F5F5F5F5F5F5F5F5F5F5F5F5F5F5F5F5F5F5F5F5F5F5F5F5F5F5F5F5F5F5F5F5F5F5F5E2E2E2F5F5F5F5F5F5F5F5F5
310
F5F5F5F5F5F5F5F5F5F5F5F5F5F5F5F5F5F5F5F5F5F5F5F5F5F5F5F5F5F5F5F5F5F5F5F5F5F5F5F5F5F5F5F5F5F5F5F5F5F5F5F5F5F5F5F5F5F5F5F5F5F5F5F5F5F5F5F5F5F5F5F5F5F5F5F5F5F5F5F5F5F5F5F5F5F5F5F5F5F5F5F5F5F5F5F5F5F5F5F5F5F5F5F5F5F5F5F5F5F5F5F5F5F5F5F5F5F5F5F5F5F5F5F5F5F5F5
310
F5F5F5F5F5F5F5F5F5F5F5F5F5F5F5F5F5F5F5F5F5F5F5F5F5F5F5F5F5F5F5F5F5F5F5F5F5F5F5F5F5E2EFE2E2E2E2E2E2E2E2E2E2E2E2E2E2E2E2E2E2E2E2E2E2E2E2E2E2E2E2E2E2E2E2E2E2E2E2E2E2E2E2E2E2E2E2E2E2E2E2E2E2E2E2E2E2E2E2E2E2E2E2E2E2E2E2E2E2E2E2E2E2E2E2E2E2E2E2E2E2E2E2E2E2E2E2
310
E2E2E2E2E2E2E2E2E2E2E2E2E2E2E2E2E2E2E2E2E2E2E2E2E2E2E2E2E2E2E2E2E2E2E2E2E2E2E2E2E2E2E2E2E2E2E2E2E2E2E2E2E2E2E2E2E2E2E2E2E2E2E2E2E2E2E2E2E2E2E2E2E2E2E2E2E2E2E2E2E2E2E2E2E2E2E2E2E2E2E2E2E2E2E2EF
  0
CELLSTYLEMAP
  5
E501
102
{ACAD_REACTORS
330
E500
102
}
330
E500
100
AcDbCellStyleMap
 90
        3
300
CELLSTYLE
  1
TABLEFORMAT_BEGIN
 90
        5
170
     1
 91
        0
 92
    32768
 62
   257
 93
        1
300
CONTENTFORMAT
  1
CONTENTFORMAT_BEGIN
 90
        0
 91
        0
 92
      512
 93
        0
300

 40
0.0
140
1.0
 94
        5
 62
     0
340
11
144
6.0
309
CONTENTFORMAT_END
171
     1
301
MARGIN
  1
CELLMARGIN_BEGIN
 40
1.5
 40
1.5
 40
1.5
 40
1.5
 40
4.5
 40
4.5
309
CELLMARGIN_END
 94
        6
 95
        1
302
GRIDFORMAT
  1
GRIDFORMAT_BEGIN
 90
        0
 91
        1
 62
     0
 92
       -2
340
14
 93
        0
 40
1.125
309
GRIDFORMAT_END
 95
        2
302
GRIDFORMAT
  1
GRIDFORMAT_BEGIN
 90
        0
 91
        1
 62
     0
 92
       -2
340
14
 93
        0
 40
1.125
309
GRIDFORMAT_END
 95
        4
302
GRIDFORMAT
  1
GRIDFORMAT_BEGIN
 90
        0
 91
        1
 62
     0
 92
       -2
340
14
 93
        0
 40
1.125
309
GRIDFORMAT_END
 95
        8
302
GRIDFORMAT
  1
GRIDFORMAT_BEGIN
 90
        0
 91
        1
 62
     0
 92
       -2
340
14
 93
        0
 40
1.125
309
GRIDFORMAT_END
 95
       16
302
GRIDFORMAT
  1
GRIDFORMAT_BEGIN
 90
        0
 91
        1
 62
     0
 92
       -2
340
14
 93
        0
 40
1.125
309
GRIDFORMAT_END
 95
       32
302
GRIDFORMAT
  1
GRIDFORMAT_BEGIN
 90
        0
 91
        1
 62
     0
 92
       -2
340
14
 93
        0
 40
1.125
309
GRIDFORMAT_END
309
TABLEFORMAT_END
  1
CELLSTYLE_BEGIN
 90
        1
 91
        1
300
_TITLE
309
CELLSTYLE_END
300
CELLSTYLE
  1
TABLEFORMAT_BEGIN
 90
        5
170
     1
 91
        0
 92
        0
 62
   257
 93
        1
300
CONTENTFORMAT
  1
CONTENTFORMAT_BEGIN
 90
        0
 91
        0
 92
      512
 93
        0
300

 40
0.0
140
1.0
 94
        5
 62
     0
340
11
144
4.5
309
CONTENTFORMAT_END
171
     1
301
MARGIN
  1
CELLMARGIN_BEGIN
 40
1.5
 40
1.5
 40
1.5
 40
1.5
 40
4.5
 40
4.5
309
CELLMARGIN_END
 94
        6
 95
        1
302
GRIDFORMAT
  1
GRIDFORMAT_BEGIN
 90
        0
 91
        1
 62
     0
 92
       -2
340
14
 93
        0
 40
1.125
309
GRIDFORMAT_END
 95
        2
302
GRIDFORMAT
  1
GRIDFORMAT_BEGIN
 90
        0
 91
        1
 62
     0
 92
       -2
340
14
 93
        0
 40
1.125
309
GRIDFORMAT_END
 95
        4
302
GRIDFORMAT
  1
GRIDFORMAT_BEGIN
 90
        0
 91
        1
 62
     0
 92
       -2
340
14
 93
        0
 40
1.125
309
GRIDFORMAT_END
 95
        8
302
GRIDFORMAT
  1
GRIDFORMAT_BEGIN
 90
        0
 91
        1
 62
     0
 92
       -2
340
14
 93
        0
 40
1.125
309
GRIDFORMAT_END
 95
       16
302
GRIDFORMAT
  1
GRIDFORMAT_BEGIN
 90
        0
 91
        1
 62
     0
 92
       -2
340
14
 93
        0
 40
1.125
309
GRIDFORMAT_END
 95
       32
302
GRIDFORMAT
  1
GRIDFORMAT_BEGIN
 90
        0
 91
        1
 62
     0
 92
       -2
340
14
 93
        0
 40
1.125
309
GRIDFORMAT_END
309
TABLEFORMAT_END
  1
CELLSTYLE_BEGIN
 90
        2
 91
        1
300
_HEADER
309
CELLSTYLE_END
300
CELLSTYLE
  1
TABLEFORMAT_BEGIN
 90
        5
170
     1
 91
        0
 92
        0
 62
   257
 93
        1
300
CONTENTFORMAT
  1
CONTENTFORMAT_BEGIN
 90
        0
 91
        0
 92
      512
 93
        0
300

 40
0.0
140
1.0
 94
        2
 62
     0
340
11
144
4.5
309
CONTENTFORMAT_END
171
     1
301
MARGIN
  1
CELLMARGIN_BEGIN
 40
1.5
 40
1.5
 40
1.5
 40
1.5
 40
4.5
 40
4.5
309
CELLMARGIN_END
 94
        6
 95
        1
302
GRIDFORMAT
  1
GRIDFORMAT_BEGIN
 90
        0
 91
        1
 62
     0
 92
       -2
340
14
 93
        0
 40
1.125
309
GRIDFORMAT_END
 95
        2
302
GRIDFORMAT
  1
GRIDFORMAT_BEGIN
 90
        0
 91
        1
 62
     0
 92
       -2
340
14
 93
        0
 40
1.125
309
GRIDFORMAT_END
 95
        4
302
GRIDFORMAT
  1
GRIDFORMAT_BEGIN
 90
        0
 91
        1
 62
     0
 92
       -2
340
14
 93
        0
 40
1.125
309
GRIDFORMAT_END
 95
        8
302
GRIDFORMAT
  1
GRIDFORMAT_BEGIN
 90
        0
 91
        1
 62
     0
 92
       -2
340
14
 93
        0
 40
1.125
309
GRIDFORMAT_END
 95
       16
302
GRIDFORMAT
  1
GRIDFORMAT_BEGIN
 90
        0
 91
        1
 62
     0
 92
       -2
340
14
 93
        0
 40
1.125
309
GRIDFORMAT_END
 95
       32
302
GRIDFORMAT
  1
GRIDFORMAT_BEGIN
 90
        0
 91
        1
 62
     0
 92
       -2
340
14
 93
        0
 40
1.125
309
GRIDFORMAT_END
309
TABLEFORMAT_END
  1
CELLSTYLE_BEGIN
 90
        3
 91
        2
300
_DATA
309
CELLSTYLE_END
  0
ENDSEC
  0
EOF
